Transaction_Text,Label,Clean_Text
eBay online order - INR 35160 - Ref 919087,Shopping,ebay online order
Hotel dinner bill - INR 8074 - Ref 530706,Food,hotel dinner bill
Share trading debit - INR 39654 - Ref 451217,Investment,share trading debit
Ola cab booking - INR 10081 - Ref 505637,Travel,ola cab booking
Demat account transfer - INR 42683 - Ref 121254,Investment,demat account transfer
Fixed deposit investment - INR 33109 - Ref 466291,Investment,fixed deposit investment
Paid for pharmacy medicine purchase,Healthcare,paid for pharmacy medicine purchase
Myntra fashion order - INR 10550 - Ref 724340,Shopping,myntra fashion order
Paid for video game purchase,Entertainment,paid for video game purchase
Zomato food delivery - INR 7756 - Ref 998758,Food,zomato food delivery
Lifestyle store purchase - INR 3264 - Ref 795359,Shopping,lifestyle store purchase
MakeMyTrip travel booking - INR 28082 - Ref 701070,Travel,makemytrip travel booking
Monthly online streaming subscription,Entertainment,monthly online streaming subscription
eBay online order - INR 37050 - Ref 292492,Shopping,ebay online order
Bike loan EMI - INR 39316 - Ref 995533,EMI,bike loan emi
Car loan EMI - INR 6821 - Ref 207626,EMI,car loan emi
Restaurant dine-in bill - INR 531 - Ref 398897,Food,restaurant dine in bill
Lifestyle store purchase - INR 21558 - Ref 602615,Shopping,lifestyle store purchase
Bike loan EMI - INR 6986 - Ref 350513,EMI,bike loan emi
Mobile EMI payment - INR 28520 - Ref 805028,EMI,mobile emi payment
Gold bond investment - INR 48465 - Ref 271658,Investment,gold bond investment
Dominos pizza order - INR 30808 - Ref 258464,Food,dominos pizza order
Cafe coffee purchase - INR 24941 - Ref 350511,Food,cafe coffee purchase
Uber ride payment - INR 20036 - Ref 866028,Travel,uber ride payment
Mobile EMI payment - INR 10055 - Ref 227858,EMI,mobile emi payment
Stock market investment - INR 16972 - Ref 328778,Investment,stock market investment
Myntra fashion order - INR 34085 - Ref 561647,Shopping,myntra fashion order
Gold bond investment - INR 829 - Ref 999085,Investment,gold bond investment
Zomato food delivery - INR 38342 - Ref 205557,Food,zomato food delivery
Laptop EMI payment - INR 41521 - Ref 435233,EMI,laptop emi payment
Mutual fund SIP - INR 19823 - Ref 726325,Investment,mutual fund sip
Mall shopping payment - INR 6823 - Ref 550381,Shopping,mall shopping payment
Monthly bike fuel expense,Transport,monthly bike fuel expense
Demat account transfer - INR 42965 - Ref 791618,Investment,demat account transfer
Payment for unexpected personal expense,Others,payment for unexpected personal expense
Electronics purchase - INR 26138 - Ref 169640,Shopping,electronics purchase
Cinema ticket purchase,Entertainment,cinema ticket purchase
Ola cab booking - INR 2708 - Ref 453455,Travel,ola cab booking
General transaction payment,Others,general transaction payment
eBay online order - INR 34424 - Ref 385887,Shopping,ebay online order
Laptop EMI payment - INR 34382 - Ref 252500,EMI,laptop emi payment
MakeMyTrip travel booking - INR 30788 - Ref 392054,Travel,makemytrip travel booking
Rapido bike ride - INR 20196 - Ref 608061,Travel,rapido bike ride
Airport taxi fare - INR 21764 - Ref 775948,Travel,airport taxi fare
Flipkart purchase - INR 48683 - Ref 105110,Shopping,flipkart purchase
Personal loan EMI - INR 47665 - Ref 362463,EMI,personal loan emi
ETF purchase - INR 6453 - Ref 548833,Investment,etf purchase
Restaurant dine-in bill - INR 32501 - Ref 947337,Food,restaurant dine in bill
Car loan EMI - INR 44603 - Ref 131310,EMI,car loan emi
Paid for healthcare expense,Healthcare,paid for healthcare expense
Expense for music concert payment,Entertainment,expense for music concert payment
Personal loan EMI - INR 27079 - Ref 360994,EMI,personal loan emi
Cafe coffee purchase - INR 41338 - Ref 623048,Food,cafe coffee purchase
Electronics purchase - INR 10810 - Ref 391840,Shopping,electronics purchase
Personal loan EMI - INR 17531 - Ref 986360,EMI,personal loan emi
Airport taxi fare - INR 45624 - Ref 224974,Travel,airport taxi fare
Appliance EMI - INR 29275 - Ref 186654,EMI,appliance emi
Cafe coffee purchase - INR 40259 - Ref 236644,Food,cafe coffee purchase
Dominos pizza order - INR 13022 - Ref 161217,Food,dominos pizza order
Demat account transfer - INR 33298 - Ref 275461,Investment,demat account transfer
Dominos pizza order - INR 26858 - Ref 831412,Food,dominos pizza order
Lifestyle store purchase - INR 41970 - Ref 762573,Shopping,lifestyle store purchase
Education loan EMI - INR 32237 - Ref 327973,EMI,education loan emi
Paid for medical examination fee,Healthcare,paid for medical examination fee
Lifestyle store purchase - INR 5292 - Ref 412235,Shopping,lifestyle store purchase
Consumer durable EMI - INR 15691 - Ref 265443,EMI,consumer durable emi
Share trading debit - INR 38295 - Ref 150089,Investment,share trading debit
Home loan EMI - INR 35414 - Ref 867171,EMI,home loan emi
Bike loan EMI - INR 3114 - Ref 318720,EMI,bike loan emi
ETF purchase - INR 28801 - Ref 255558,Investment,etf purchase
Metro travel expense,Transport,metro travel expense
ETF purchase - INR 39044 - Ref 572101,Investment,etf purchase
Appliance EMI - INR 26911 - Ref 442999,EMI,appliance emi
eBay online order - INR 1714 - Ref 480282,Shopping,ebay online order
Credit card EMI - INR 24127 - Ref 230676,EMI,credit card emi
Appliance EMI - INR 15853 - Ref 175474,EMI,appliance emi
Retirement fund investment - INR 26805 - Ref 253990,Investment,retirement fund investment
Myntra fashion order - INR 17734 - Ref 101261,Shopping,myntra fashion order
MakeMyTrip travel booking - INR 5198 - Ref 472962,Travel,makemytrip travel booking
Appliance EMI - INR 44106 - Ref 376320,EMI,appliance emi
Lifestyle store purchase - INR 40194 - Ref 405632,Shopping,lifestyle store purchase
Zomato food delivery - INR 40975 - Ref 502204,Food,zomato food delivery
Lifestyle store purchase - INR 36379 - Ref 657719,Shopping,lifestyle store purchase
MakeMyTrip travel booking - INR 22665 - Ref 308357,Travel,makemytrip travel booking
Mutual fund SIP - INR 11959 - Ref 586726,Investment,mutual fund sip
Amazon online shopping - INR 32652 - Ref 841931,Shopping,amazon online shopping
Consumer durable EMI - INR 19952 - Ref 196633,EMI,consumer durable emi
Amazon online shopping - INR 36414 - Ref 900599,Shopping,amazon online shopping
Appliance EMI - INR 38113 - Ref 993075,EMI,appliance emi
Hotel dinner bill - INR 15354 - Ref 255450,Food,hotel dinner bill
Gold bond investment - INR 30239 - Ref 894410,Investment,gold bond investment
Uber ride payment - INR 38390 - Ref 221792,Travel,uber ride payment
Mobile EMI payment - INR 13988 - Ref 331124,EMI,mobile emi payment
Mutual fund SIP - INR 9675 - Ref 526043,Investment,mutual fund sip
Personal loan EMI - INR 8513 - Ref 773639,EMI,personal loan emi
Uber ride payment - INR 19068 - Ref 534152,Travel,uber ride payment
Electronics purchase - INR 22372 - Ref 942859,Shopping,electronics purchase
Retail store shopping - INR 21769 - Ref 459161,Shopping,retail store shopping
Consumer durable EMI - INR 15708 - Ref 644571,EMI,consumer durable emi
Ola cab booking - INR 10453 - Ref 212501,Travel,ola cab booking
Payment for ola cab payment,Transport,payment for ola cab payment
Electronics purchase - INR 18682 - Ref 546656,Shopping,electronics purchase
Grocery food items - INR 10712 - Ref 900531,Food,grocery food items
Bike loan EMI - INR 3718 - Ref 600782,EMI,bike loan emi
Rapido bike ride - INR 39214 - Ref 855380,Travel,rapido bike ride
Fixed deposit investment - INR 49116 - Ref 698202,Investment,fixed deposit investment
Supermarket shopping - INR 37277 - Ref 771271,Shopping,supermarket shopping
Hotel dinner bill - INR 28432 - Ref 445804,Food,hotel dinner bill
IRCTC train ticket - INR 36489 - Ref 117821,Travel,irctc train ticket
Flipkart purchase - INR 49669 - Ref 298945,Shopping,flipkart purchase
KFC online order - INR 26086 - Ref 620125,Food,kfc online order
Retail store shopping - INR 666 - Ref 358532,Shopping,retail store shopping
Education loan EMI - INR 47248 - Ref 561934,EMI,education loan emi
Home loan EMI - INR 48971 - Ref 602903,EMI,home loan emi
Laptop EMI payment - INR 42821 - Ref 768269,EMI,laptop emi payment
Myntra fashion order - INR 37959 - Ref 736528,Shopping,myntra fashion order
Personal loan EMI - INR 17789 - Ref 281320,EMI,personal loan emi
Electronics purchase - INR 20742 - Ref 689191,Shopping,electronics purchase
Personal loan EMI - INR 45257 - Ref 108225,EMI,personal loan emi
Personal loan EMI - INR 34191 - Ref 524921,EMI,personal loan emi
Metro card recharge - INR 7010 - Ref 552050,Travel,metro card recharge
Hotel stay booking - INR 42721 - Ref 346093,Travel,hotel stay booking
Fixed deposit investment - INR 35308 - Ref 570353,Investment,fixed deposit investment
Mobile EMI payment - INR 37569 - Ref 894369,EMI,mobile emi payment
Amazon online shopping - INR 36835 - Ref 507204,Shopping,amazon online shopping
Payment for telephone bill payment,Utilities,payment for telephone bill payment
McDonald's meal payment - INR 49611 - Ref 559812,Food,mcdonald s meal payment
Ajio clothing purchase - INR 41318 - Ref 346890,Shopping,ajio clothing purchase
Ajio clothing purchase - INR 7939 - Ref 711767,Shopping,ajio clothing purchase
Swiggy order payment - INR 4475 - Ref 579254,Food,swiggy order payment
Fixed deposit investment - INR 1415 - Ref 602108,Investment,fixed deposit investment
Flipkart purchase - INR 5632 - Ref 472044,Shopping,flipkart purchase
Swiggy order payment - INR 807 - Ref 819366,Food,swiggy order payment
Mutual fund SIP - INR 23283 - Ref 183208,Investment,mutual fund sip
Share trading debit - INR 23155 - Ref 156695,Investment,share trading debit
Credit card EMI - INR 5340 - Ref 345064,EMI,credit card emi
Fixed deposit investment - INR 38877 - Ref 188475,Investment,fixed deposit investment
Flight ticket booking - INR 8891 - Ref 296881,Travel,flight ticket booking
Ola cab payment,Transport,ola cab payment
NPS contribution - INR 34019 - Ref 627734,Investment,nps contribution
Electronics purchase - INR 20432 - Ref 551546,Shopping,electronics purchase
Education loan EMI - INR 7614 - Ref 350667,EMI,education loan emi
Payment for water bill payment,Utilities,payment for water bill payment
Personal loan EMI - INR 13474 - Ref 363000,EMI,personal loan emi
Stock market investment - INR 39355 - Ref 111754,Investment,stock market investment
Amazon online shopping - INR 24998 - Ref 840911,Shopping,amazon online shopping
Mutual fund SIP - INR 15165 - Ref 328252,Investment,mutual fund sip
Metro card recharge - INR 16818 - Ref 512506,Travel,metro card recharge
Supermarket shopping - INR 47248 - Ref 171998,Shopping,supermarket shopping
Education loan EMI - INR 44375 - Ref 290758,EMI,education loan emi
Expense for disney plus subscription,Entertainment,expense for disney plus subscription
IRCTC train ticket - INR 29654 - Ref 817058,Travel,irctc train ticket
Uber ride payment - INR 17377 - Ref 295710,Travel,uber ride payment
Ola cab booking - INR 42629 - Ref 809502,Travel,ola cab booking
Flight ticket booking - INR 18998 - Ref 133193,Travel,flight ticket booking
Retail store shopping - INR 7717 - Ref 465281,Shopping,retail store shopping
Supermarket shopping - INR 30026 - Ref 330626,Shopping,supermarket shopping
Flipkart purchase - INR 11556 - Ref 126778,Shopping,flipkart purchase
Share trading debit - INR 12102 - Ref 932038,Investment,share trading debit
Gold bond investment - INR 19015 - Ref 951463,Investment,gold bond investment
Retail store shopping - INR 16576 - Ref 727271,Shopping,retail store shopping
Myntra fashion order - INR 1370 - Ref 554574,Shopping,myntra fashion order
Bus ticket purchase - INR 4235 - Ref 964484,Travel,bus ticket purchase
Ajio clothing purchase - INR 34923 - Ref 144154,Shopping,ajio clothing purchase
Payment for dth recharge,Utilities,payment for dth recharge
Retirement fund investment - INR 36621 - Ref 389732,Investment,retirement fund investment
Bus ticket purchase - INR 36321 - Ref 562795,Travel,bus ticket purchase
McDonald's meal payment - INR 1381 - Ref 988803,Food,mcdonald s meal payment
IRCTC train ticket - INR 44926 - Ref 796440,Travel,irctc train ticket
Expense for playstation game purchase,Entertainment,expense for playstation game purchase
Monthly miscellaneous payment,Others,monthly miscellaneous payment
NPS contribution - INR 43920 - Ref 155129,Investment,nps contribution
eBay online order - INR 9276 - Ref 416692,Shopping,ebay online order
Grocery food items - INR 9935 - Ref 284462,Food,grocery food items
Stock market investment - INR 15252 - Ref 588856,Investment,stock market investment
Laptop EMI payment - INR 3963 - Ref 862331,EMI,laptop emi payment
Education loan EMI - INR 38009 - Ref 146454,EMI,education loan emi
Ajio clothing purchase - INR 12483 - Ref 437491,Shopping,ajio clothing purchase
Flipkart purchase - INR 1525 - Ref 814347,Shopping,flipkart purchase
KFC online order - INR 21957 - Ref 734896,Food,kfc online order
Flight ticket booking - INR 7098 - Ref 330570,Travel,flight ticket booking
Expense for amazon prime subscription,Entertainment,expense for amazon prime subscription
Dominos pizza order - INR 19567 - Ref 164742,Food,dominos pizza order
Stock market investment - INR 43672 - Ref 630315,Investment,stock market investment
Mall shopping payment - INR 16686 - Ref 660254,Shopping,mall shopping payment
Home loan EMI - INR 26047 - Ref 227791,EMI,home loan emi
Laptop EMI payment - INR 28091 - Ref 794587,EMI,laptop emi payment
Metro card recharge - INR 20700 - Ref 826206,Travel,metro card recharge
Personal loan EMI - INR 2898 - Ref 674153,EMI,personal loan emi
Ola cab booking - INR 16901 - Ref 326365,Travel,ola cab booking
Payment for health checkup fee,Healthcare,payment for health checkup fee
Retail store shopping - INR 2640 - Ref 880668,Shopping,retail store shopping
Electronics purchase - INR 44389 - Ref 788156,Shopping,electronics purchase
KFC online order - INR 24859 - Ref 742247,Food,kfc online order
Retail store shopping - INR 14587 - Ref 524608,Shopping,retail store shopping
Dominos pizza order - INR 35748 - Ref 599462,Food,dominos pizza order
Flight ticket booking - INR 32370 - Ref 851968,Travel,flight ticket booking
Electronics purchase - INR 17773 - Ref 952387,Shopping,electronics purchase
Payment for educational course purchase,Education,payment for educational course purchase
Dominos pizza order - INR 4197 - Ref 456439,Food,dominos pizza order
Expense for health insurance payment,Healthcare,expense for health insurance payment
Car loan EMI - INR 23198 - Ref 141259,EMI,car loan emi
Bus ticket purchase - INR 1771 - Ref 341255,Travel,bus ticket purchase
Cafe coffee purchase - INR 3139 - Ref 599962,Food,cafe coffee purchase
Expense for uber ride payment,Transport,expense for uber ride payment
Fixed deposit investment - INR 28154 - Ref 597305,Investment,fixed deposit investment
Ola cab booking - INR 36659 - Ref 949995,Travel,ola cab booking
Restaurant dine-in bill - INR 38564 - Ref 365425,Food,restaurant dine in bill
Bike loan EMI - INR 25659 - Ref 584742,EMI,bike loan emi
Mutual fund SIP - INR 31376 - Ref 268452,Investment,mutual fund sip
Flipkart purchase - INR 35649 - Ref 884735,Shopping,flipkart purchase
Stock market investment - INR 20038 - Ref 414404,Investment,stock market investment
Bike loan EMI - INR 28603 - Ref 810136,EMI,bike loan emi
Mutual fund SIP - INR 32912 - Ref 867859,Investment,mutual fund sip
Retirement fund investment - INR 5401 - Ref 738816,Investment,retirement fund investment
Bus ticket purchase - INR 47458 - Ref 378352,Travel,bus ticket purchase
ETF purchase - INR 7379 - Ref 895832,Investment,etf purchase
Fixed deposit investment - INR 47653 - Ref 590320,Investment,fixed deposit investment
Restaurant dine-in bill - INR 37747 - Ref 688750,Food,restaurant dine in bill
Stock market investment - INR 31428 - Ref 356522,Investment,stock market investment
Laptop EMI payment - INR 27086 - Ref 313677,EMI,laptop emi payment
Cafe coffee purchase - INR 20131 - Ref 263689,Food,cafe coffee purchase
McDonald's meal payment - INR 33655 - Ref 957612,Food,mcdonald s meal payment
Gold bond investment - INR 2145 - Ref 702632,Investment,gold bond investment
Lifestyle store purchase - INR 5079 - Ref 864924,Shopping,lifestyle store purchase
Education loan EMI - INR 34565 - Ref 191359,EMI,education loan emi
KFC online order - INR 4681 - Ref 617199,Food,kfc online order
IRCTC train ticket - INR 43642 - Ref 262270,Travel,irctc train ticket
Bakery purchase - INR 49912 - Ref 105407,Food,bakery purchase
NPS contribution - INR 39244 - Ref 453142,Investment,nps contribution
Myntra fashion order - INR 25088 - Ref 559169,Shopping,myntra fashion order
Gold bond investment - INR 1373 - Ref 169455,Investment,gold bond investment
Paid for personal miscellaneous spending,Others,paid for personal miscellaneous spending
Bike loan EMI - INR 2531 - Ref 360365,EMI,bike loan emi
Electronics purchase - INR 19014 - Ref 258305,Shopping,electronics purchase
Consumer durable EMI - INR 33398 - Ref 606489,EMI,consumer durable emi
ETF purchase - INR 46118 - Ref 455036,Investment,etf purchase
Retirement fund investment - INR 39037 - Ref 594510,Investment,retirement fund investment
Lifestyle store purchase - INR 8587 - Ref 461008,Shopping,lifestyle store purchase
Paid for college tuition payment,Education,paid for college tuition payment
Ajio clothing purchase - INR 40240 - Ref 633133,Shopping,ajio clothing purchase
Credit card EMI - INR 8910 - Ref 988249,EMI,credit card emi
Flipkart purchase - INR 30376 - Ref 264390,Shopping,flipkart purchase
Cafe coffee purchase - INR 32312 - Ref 761148,Food,cafe coffee purchase
Swiggy order payment - INR 5858 - Ref 732014,Food,swiggy order payment
Stock market investment - INR 6031 - Ref 994946,Investment,stock market investment
Zomato food delivery - INR 42338 - Ref 268264,Food,zomato food delivery
Swiggy order payment - INR 18749 - Ref 840866,Food,swiggy order payment
Car loan EMI - INR 19525 - Ref 783440,EMI,car loan emi
Amazon online shopping - INR 42945 - Ref 116309,Shopping,amazon online shopping
Restaurant dine-in bill - INR 21730 - Ref 515537,Food,restaurant dine in bill
Hotel dinner bill - INR 34320 - Ref 220077,Food,hotel dinner bill
Laptop EMI payment - INR 2527 - Ref 143243,EMI,laptop emi payment
Hotel stay booking - INR 15901 - Ref 250101,Travel,hotel stay booking
Education loan EMI - INR 48236 - Ref 167957,EMI,education loan emi
Laptop EMI payment - INR 23771 - Ref 339972,EMI,laptop emi payment
Dominos pizza order - INR 792 - Ref 918114,Food,dominos pizza order
Gold bond investment - INR 10042 - Ref 421483,Investment,gold bond investment
McDonald's meal payment - INR 8390 - Ref 147087,Food,mcdonald s meal payment
Electronics purchase - INR 32419 - Ref 816317,Shopping,electronics purchase
Bike loan EMI - INR 31950 - Ref 657955,EMI,bike loan emi
Monthly other miscellaneous expense,Others,monthly other miscellaneous expense
Ola cab booking - INR 40258 - Ref 902844,Travel,ola cab booking
Expense for educational material purchase,Education,expense for educational material purchase
Rapido bike ride - INR 39208 - Ref 973614,Travel,rapido bike ride
Rapido bike ride - INR 24418 - Ref 465265,Travel,rapido bike ride
Education loan EMI - INR 20677 - Ref 617787,EMI,education loan emi
Swiggy order payment - INR 47939 - Ref 635766,Food,swiggy order payment
Uber ride payment - INR 13442 - Ref 647191,Travel,uber ride payment
Rapido bike ride - INR 4945 - Ref 842485,Travel,rapido bike ride
Bike loan EMI - INR 31230 - Ref 615549,EMI,bike loan emi
Ajio clothing purchase - INR 39813 - Ref 952669,Shopping,ajio clothing purchase
Retirement fund investment - INR 36258 - Ref 354243,Investment,retirement fund investment
KFC online order - INR 1540 - Ref 815655,Food,kfc online order
Bakery purchase - INR 5556 - Ref 751968,Food,bakery purchase
Bakery purchase - INR 18674 - Ref 804019,Food,bakery purchase
Consumer durable EMI - INR 40788 - Ref 945211,EMI,consumer durable emi
Gold bond investment - INR 40667 - Ref 177833,Investment,gold bond investment
Mall shopping payment - INR 3603 - Ref 874539,Shopping,mall shopping payment
Monthly udemy course purchase,Education,monthly udemy course purchase
Retirement fund investment - INR 35499 - Ref 182359,Investment,retirement fund investment
ETF purchase - INR 45829 - Ref 687747,Investment,etf purchase
Paid for water bill payment,Utilities,paid for water bill payment
Rapido bike ride - INR 30206 - Ref 584301,Travel,rapido bike ride
Laptop EMI payment - INR 14001 - Ref 959321,EMI,laptop emi payment
eBay online order - INR 7575 - Ref 378912,Shopping,ebay online order
Car loan EMI - INR 2658 - Ref 624767,EMI,car loan emi
Bike fuel expense,Transport,bike fuel expense
Supermarket shopping - INR 22728 - Ref 703616,Shopping,supermarket shopping
Lifestyle store purchase - INR 14328 - Ref 242415,Shopping,lifestyle store purchase
Hotel stay booking - INR 22142 - Ref 716282,Travel,hotel stay booking
Flight ticket booking - INR 38581 - Ref 475895,Travel,flight ticket booking
Flipkart purchase - INR 46291 - Ref 674733,Shopping,flipkart purchase
Hotel stay booking - INR 33607 - Ref 977787,Travel,hotel stay booking
Car loan EMI - INR 15802 - Ref 458120,EMI,car loan emi
Myntra fashion order - INR 32739 - Ref 327348,Shopping,myntra fashion order
Expense for utility bill payment,Utilities,expense for utility bill payment
Mall shopping payment - INR 22113 - Ref 133817,Shopping,mall shopping payment
Metro card recharge - INR 3051 - Ref 986468,Travel,metro card recharge
Electronics purchase - INR 19817 - Ref 218144,Shopping,electronics purchase
Amazon online shopping - INR 47581 - Ref 458723,Shopping,amazon online shopping
Payment for mobile phone bill,Utilities,payment for mobile phone bill
Metro card recharge - INR 22282 - Ref 856021,Travel,metro card recharge
Share trading debit - INR 17414 - Ref 167248,Investment,share trading debit
Education loan EMI - INR 2920 - Ref 109676,EMI,education loan emi
Flipkart purchase - INR 17796 - Ref 458001,Shopping,flipkart purchase
Appliance EMI - INR 40007 - Ref 104372,EMI,appliance emi
Appliance EMI - INR 2334 - Ref 444372,EMI,appliance emi
Flipkart purchase - INR 13618 - Ref 397759,Shopping,flipkart purchase
Laptop EMI payment - INR 38200 - Ref 167670,EMI,laptop emi payment
Dominos pizza order - INR 25546 - Ref 265774,Food,dominos pizza order
Bus ticket purchase - INR 5613 - Ref 508637,Travel,bus ticket purchase
Mall shopping payment - INR 13424 - Ref 193386,Shopping,mall shopping payment
Personal loan EMI - INR 7980 - Ref 100681,EMI,personal loan emi
McDonald's meal payment - INR 46854 - Ref 148239,Food,mcdonald s meal payment
Home loan EMI - INR 46561 - Ref 926831,EMI,home loan emi
Gold bond investment - INR 36951 - Ref 402936,Investment,gold bond investment
Airport taxi fare - INR 8194 - Ref 747089,Travel,airport taxi fare
Cafe coffee purchase - INR 18446 - Ref 381335,Food,cafe coffee purchase
KFC online order - INR 16966 - Ref 467907,Food,kfc online order
Mobile EMI payment - INR 10184 - Ref 129240,EMI,mobile emi payment
Demat account transfer - INR 464 - Ref 578567,Investment,demat account transfer
Laptop EMI payment - INR 43841 - Ref 621981,EMI,laptop emi payment
Education course fees,Education,education course fees
Payment for rapido ride fare,Transport,payment for rapido ride fare
Retirement fund investment - INR 17111 - Ref 143741,Investment,retirement fund investment
Supermarket shopping - INR 7467 - Ref 258234,Shopping,supermarket shopping
Airport taxi fare - INR 26764 - Ref 361925,Travel,airport taxi fare
Hotel dinner bill - INR 34495 - Ref 560566,Food,hotel dinner bill
Ola cab booking - INR 2381 - Ref 122085,Travel,ola cab booking
KFC online order - INR 40219 - Ref 780229,Food,kfc online order
Demat account transfer - INR 26427 - Ref 901002,Investment,demat account transfer
ETF purchase - INR 27534 - Ref 477165,Investment,etf purchase
Gold bond investment - INR 45393 - Ref 745626,Investment,gold bond investment
Bike loan EMI - INR 46153 - Ref 323469,EMI,bike loan emi
Airport taxi fare - INR 31691 - Ref 741229,Travel,airport taxi fare
Hotel dinner bill - INR 10485 - Ref 150522,Food,hotel dinner bill
Swiggy order payment - INR 47542 - Ref 235362,Food,swiggy order payment
Retirement fund investment - INR 18177 - Ref 721613,Investment,retirement fund investment
Metro card recharge - INR 22977 - Ref 461467,Travel,metro card recharge
Flipkart purchase - INR 6817 - Ref 339029,Shopping,flipkart purchase
Car loan EMI - INR 17165 - Ref 107794,EMI,car loan emi
Mall shopping payment - INR 48655 - Ref 903867,Shopping,mall shopping payment
KFC online order - INR 39627 - Ref 745899,Food,kfc online order
Payment for miscellaneous personal expense,Others,payment for miscellaneous personal expense
Consumer durable EMI - INR 9042 - Ref 865912,EMI,consumer durable emi
Gold bond investment - INR 20610 - Ref 607711,Investment,gold bond investment
Appliance EMI - INR 11969 - Ref 293305,EMI,appliance emi
Bus ticket purchase - INR 38075 - Ref 247778,Travel,bus ticket purchase
Telephone bill payment,Utilities,telephone bill payment
Share trading debit - INR 24709 - Ref 518210,Investment,share trading debit
Credit card EMI - INR 40128 - Ref 876792,EMI,credit card emi
Share trading debit - INR 26825 - Ref 697744,Investment,share trading debit
Supermarket shopping - INR 20045 - Ref 514936,Shopping,supermarket shopping
Home loan EMI - INR 28086 - Ref 145622,EMI,home loan emi
Education loan EMI - INR 1217 - Ref 851816,EMI,education loan emi
PPF contribution - INR 11314 - Ref 708838,Investment,ppf contribution
Consumer durable EMI - INR 16860 - Ref 422964,EMI,consumer durable emi
Retirement fund investment - INR 49907 - Ref 723385,Investment,retirement fund investment
Ajio clothing purchase - INR 39500 - Ref 159828,Shopping,ajio clothing purchase
PPF contribution - INR 34990 - Ref 439036,Investment,ppf contribution
Paid for unclassified personal expense,Others,paid for unclassified personal expense
Zomato food delivery - INR 33150 - Ref 588972,Food,zomato food delivery
Supermarket shopping - INR 30076 - Ref 221413,Shopping,supermarket shopping
Mobile EMI payment - INR 32522 - Ref 782545,EMI,mobile emi payment
Swiggy order payment - INR 1595 - Ref 753686,Food,swiggy order payment
Hotel dinner bill - INR 36912 - Ref 689199,Food,hotel dinner bill
Flight ticket booking - INR 43197 - Ref 289841,Travel,flight ticket booking
Flight ticket booking - INR 36678 - Ref 975582,Travel,flight ticket booking
Share trading debit - INR 28195 - Ref 812567,Investment,share trading debit
Grocery food items - INR 46046 - Ref 917853,Food,grocery food items
Retail store shopping - INR 48450 - Ref 138161,Shopping,retail store shopping
Hotel dinner bill - INR 27083 - Ref 497287,Food,hotel dinner bill
Credit card EMI - INR 19139 - Ref 535705,EMI,credit card emi
Monthly mobile phone bill,Utilities,monthly mobile phone bill
Bike loan EMI - INR 36426 - Ref 680240,EMI,bike loan emi
Flipkart purchase - INR 44909 - Ref 848397,Shopping,flipkart purchase
Mutual fund SIP - INR 16260 - Ref 662117,Investment,mutual fund sip
Bike loan EMI - INR 40941 - Ref 499266,EMI,bike loan emi
MakeMyTrip travel booking - INR 25980 - Ref 445434,Travel,makemytrip travel booking
Uber ride payment - INR 47375 - Ref 421867,Travel,uber ride payment
Credit card EMI - INR 299 - Ref 116764,EMI,credit card emi
MakeMyTrip travel booking - INR 33897 - Ref 513902,Travel,makemytrip travel booking
Uber ride payment - INR 26970 - Ref 409929,Travel,uber ride payment
Car loan EMI - INR 45034 - Ref 614823,EMI,car loan emi
Metro card recharge - INR 36018 - Ref 825181,Travel,metro card recharge
Home loan EMI - INR 26017 - Ref 486709,EMI,home loan emi
KFC online order - INR 11861 - Ref 836770,Food,kfc online order
Home loan EMI - INR 29898 - Ref 981464,EMI,home loan emi
Home loan EMI - INR 37921 - Ref 131436,EMI,home loan emi
Payment for school fees payment,Education,payment for school fees payment
Ola cab booking - INR 20906 - Ref 208550,Travel,ola cab booking
Ajio clothing purchase - INR 17029 - Ref 193944,Shopping,ajio clothing purchase
Appliance EMI - INR 25733 - Ref 152295,EMI,appliance emi
Expense for school tuition payment,Education,expense for school tuition payment
Cafe coffee purchase - INR 5664 - Ref 568443,Food,cafe coffee purchase
Electronics purchase - INR 26649 - Ref 251462,Shopping,electronics purchase
Flight ticket booking - INR 49200 - Ref 530945,Travel,flight ticket booking
Ajio clothing purchase - INR 17964 - Ref 818779,Shopping,ajio clothing purchase
Home loan EMI - INR 38462 - Ref 483712,EMI,home loan emi
Dominos pizza order - INR 22233 - Ref 928240,Food,dominos pizza order
Flight ticket booking - INR 34776 - Ref 750569,Travel,flight ticket booking
Music concert payment,Entertainment,music concert payment
Demat account transfer - INR 734 - Ref 592775,Investment,demat account transfer
Mobile EMI payment - INR 4187 - Ref 397230,EMI,mobile emi payment
Bike loan EMI - INR 16618 - Ref 223318,EMI,bike loan emi
Gold bond investment - INR 46076 - Ref 863704,Investment,gold bond investment
Tuition class payment,Education,tuition class payment
Hotel stay booking - INR 43042 - Ref 812180,Travel,hotel stay booking
Mall shopping payment - INR 40404 - Ref 449492,Shopping,mall shopping payment
Gold bond investment - INR 31940 - Ref 767967,Investment,gold bond investment
Grocery food items - INR 24040 - Ref 271096,Food,grocery food items
Demat account transfer - INR 9951 - Ref 775572,Investment,demat account transfer
NPS contribution - INR 20312 - Ref 544954,Investment,nps contribution
Myntra fashion order - INR 4353 - Ref 471326,Shopping,myntra fashion order
Flipkart purchase - INR 38699 - Ref 122102,Shopping,flipkart purchase
Fixed deposit investment - INR 44699 - Ref 665877,Investment,fixed deposit investment
Mobile EMI payment - INR 14839 - Ref 916708,EMI,mobile emi payment
KFC online order - INR 6427 - Ref 857537,Food,kfc online order
Mall shopping payment - INR 49054 - Ref 692577,Shopping,mall shopping payment
Zomato food delivery - INR 162 - Ref 603544,Food,zomato food delivery
Fixed deposit investment - INR 32319 - Ref 365314,Investment,fixed deposit investment
Mutual fund SIP - INR 6158 - Ref 342253,Investment,mutual fund sip
Bus ticket purchase - INR 18274 - Ref 677921,Travel,bus ticket purchase
Hotel dinner bill - INR 29153 - Ref 295197,Food,hotel dinner bill
Hotel stay booking - INR 15853 - Ref 118202,Travel,hotel stay booking
Education loan EMI - INR 32253 - Ref 993303,EMI,education loan emi
Myntra fashion order - INR 40720 - Ref 210655,Shopping,myntra fashion order
Consumer durable EMI - INR 10753 - Ref 987999,EMI,consumer durable emi
Education loan EMI - INR 31397 - Ref 633478,EMI,education loan emi
Home loan EMI - INR 19148 - Ref 832299,EMI,home loan emi
Electronics purchase - INR 39563 - Ref 414613,Shopping,electronics purchase
Uber ride payment - INR 15404 - Ref 684161,Travel,uber ride payment
Uber ride payment - INR 30640 - Ref 233937,Travel,uber ride payment
Expense for clinic consultation,Healthcare,expense for clinic consultation
ETF purchase - INR 12979 - Ref 753285,Investment,etf purchase
Mutual fund SIP - INR 16880 - Ref 767239,Investment,mutual fund sip
Dominos pizza order - INR 34072 - Ref 452167,Food,dominos pizza order
McDonald's meal payment - INR 44048 - Ref 174127,Food,mcdonald s meal payment
Supermarket shopping - INR 48803 - Ref 338555,Shopping,supermarket shopping
Mobile EMI payment - INR 27550 - Ref 419225,EMI,mobile emi payment
Stock market investment - INR 337 - Ref 152925,Investment,stock market investment
Car loan EMI - INR 27277 - Ref 984160,EMI,car loan emi
Flipkart purchase - INR 6960 - Ref 466796,Shopping,flipkart purchase
Lifestyle store purchase - INR 6225 - Ref 265547,Shopping,lifestyle store purchase
KFC online order - INR 14463 - Ref 935769,Food,kfc online order
IRCTC train ticket - INR 11606 - Ref 409691,Travel,irctc train ticket
IRCTC train ticket - INR 39105 - Ref 672417,Travel,irctc train ticket
Paid for telephone bill payment,Utilities,paid for telephone bill payment
NPS contribution - INR 48892 - Ref 565691,Investment,nps contribution
ETF purchase - INR 10785 - Ref 796806,Investment,etf purchase
Swiggy order payment - INR 47083 - Ref 925537,Food,swiggy order payment
Education loan EMI - INR 47382 - Ref 223085,EMI,education loan emi
Uber ride payment - INR 47232 - Ref 955170,Travel,uber ride payment
Ajio clothing purchase - INR 12194 - Ref 814250,Shopping,ajio clothing purchase
Demat account transfer - INR 16645 - Ref 472608,Investment,demat account transfer
Bike loan EMI - INR 33731 - Ref 195574,EMI,bike loan emi
Zomato food delivery - INR 16143 - Ref 501077,Food,zomato food delivery
Uber ride payment - INR 14959 - Ref 182592,Travel,uber ride payment
Myntra fashion order - INR 49239 - Ref 970331,Shopping,myntra fashion order
Retail store shopping - INR 24030 - Ref 481034,Shopping,retail store shopping
Monthly disney plus subscription,Entertainment,monthly disney plus subscription
Personal loan EMI - INR 8730 - Ref 246824,EMI,personal loan emi
Ola cab booking - INR 35226 - Ref 106511,Travel,ola cab booking
Flight ticket booking - INR 49151 - Ref 557373,Travel,flight ticket booking
Demat account transfer - INR 1814 - Ref 974277,Investment,demat account transfer
Flight ticket booking - INR 24485 - Ref 757304,Travel,flight ticket booking
Supermarket shopping - INR 28097 - Ref 993956,Shopping,supermarket shopping
Bus ticket purchase - INR 13347 - Ref 407340,Travel,bus ticket purchase
Flipkart purchase - INR 3508 - Ref 961374,Shopping,flipkart purchase
Education loan EMI - INR 42815 - Ref 112666,EMI,education loan emi
Educational material purchase,Education,educational material purchase
MakeMyTrip travel booking - INR 26476 - Ref 872788,Travel,makemytrip travel booking
PPF contribution - INR 47692 - Ref 327169,Investment,ppf contribution
Personal loan EMI - INR 33408 - Ref 803190,EMI,personal loan emi
Bakery purchase - INR 49152 - Ref 227939,Food,bakery purchase
Paid for coursera course payment,Education,paid for coursera course payment
Dominos pizza order - INR 4697 - Ref 456250,Food,dominos pizza order
MakeMyTrip travel booking - INR 34529 - Ref 403928,Travel,makemytrip travel booking
Grocery food items - INR 40914 - Ref 155668,Food,grocery food items
Restaurant dine-in bill - INR 15867 - Ref 478348,Food,restaurant dine in bill
eBay online order - INR 32359 - Ref 596014,Shopping,ebay online order
Airport taxi fare - INR 31425 - Ref 720970,Travel,airport taxi fare
ETF purchase - INR 8081 - Ref 864538,Investment,etf purchase
Fixed deposit investment - INR 45231 - Ref 153701,Investment,fixed deposit investment
KFC online order - INR 28736 - Ref 782701,Food,kfc online order
Bike loan EMI - INR 25657 - Ref 137343,EMI,bike loan emi
Stock market investment - INR 17585 - Ref 253026,Investment,stock market investment
Mobile EMI payment - INR 7877 - Ref 610448,EMI,mobile emi payment
MakeMyTrip travel booking - INR 2538 - Ref 525965,Travel,makemytrip travel booking
Uber ride payment - INR 21652 - Ref 859488,Travel,uber ride payment
Hotel stay booking - INR 8445 - Ref 832179,Travel,hotel stay booking
Payment for video game purchase,Entertainment,payment for video game purchase
Airport taxi fare - INR 3403 - Ref 385899,Travel,airport taxi fare
Zomato food delivery - INR 19549 - Ref 314813,Food,zomato food delivery
Flight ticket booking - INR 7265 - Ref 862898,Travel,flight ticket booking
Expense for prescription medicine purchase,Healthcare,expense for prescription medicine purchase
Demat account transfer - INR 25388 - Ref 154455,Investment,demat account transfer
KFC online order - INR 18279 - Ref 427201,Food,kfc online order
Cafe coffee purchase - INR 16958 - Ref 764810,Food,cafe coffee purchase
Bike loan EMI - INR 24350 - Ref 114394,EMI,bike loan emi
Rapido bike ride - INR 34396 - Ref 618930,Travel,rapido bike ride
Bus ticket purchase - INR 9764 - Ref 625267,Travel,bus ticket purchase
Retirement fund investment - INR 23011 - Ref 387259,Investment,retirement fund investment
Flight ticket booking - INR 21163 - Ref 661633,Travel,flight ticket booking
Mutual fund SIP - INR 36988 - Ref 693493,Investment,mutual fund sip
Metro card recharge - INR 615 - Ref 748393,Travel,metro card recharge
Flight ticket booking - INR 23729 - Ref 633451,Travel,flight ticket booking
Hotel dinner bill - INR 7300 - Ref 774994,Food,hotel dinner bill
Appliance EMI - INR 37686 - Ref 255677,EMI,appliance emi
Rapido bike ride - INR 48031 - Ref 343292,Travel,rapido bike ride
PPF contribution - INR 39555 - Ref 657605,Investment,ppf contribution
Payment for highway toll payment,Transport,payment for highway toll payment
Metro card recharge - INR 22101 - Ref 378299,Travel,metro card recharge
Mobile EMI payment - INR 42574 - Ref 635759,EMI,mobile emi payment
MakeMyTrip travel booking - INR 23863 - Ref 809176,Travel,makemytrip travel booking
Car loan EMI - INR 42240 - Ref 412252,EMI,car loan emi
Credit card EMI - INR 7606 - Ref 158602,EMI,credit card emi
Supermarket shopping - INR 16628 - Ref 397083,Shopping,supermarket shopping
Hotel stay booking - INR 14341 - Ref 942494,Travel,hotel stay booking
Ola cab booking - INR 17892 - Ref 801711,Travel,ola cab booking
IRCTC train ticket - INR 24908 - Ref 972368,Travel,irctc train ticket
Flight ticket booking - INR 42857 - Ref 844665,Travel,flight ticket booking
Grocery food items - INR 7926 - Ref 993490,Food,grocery food items
Cafe coffee purchase - INR 16602 - Ref 484715,Food,cafe coffee purchase
Supermarket shopping - INR 7762 - Ref 847888,Shopping,supermarket shopping
Bike loan EMI - INR 21440 - Ref 353583,EMI,bike loan emi
Payment for music concert payment,Entertainment,payment for music concert payment
Mutual fund SIP - INR 34660 - Ref 331846,Investment,mutual fund sip
Electronics purchase - INR 40907 - Ref 534873,Shopping,electronics purchase
Electronics purchase - INR 3038 - Ref 175577,Shopping,electronics purchase
Consumer durable EMI - INR 45408 - Ref 898905,EMI,consumer durable emi
Cafe coffee purchase - INR 15225 - Ref 134453,Food,cafe coffee purchase
Monthly dentist consultation fee,Healthcare,monthly dentist consultation fee
KFC online order - INR 46802 - Ref 811682,Food,kfc online order
Bike loan EMI - INR 22829 - Ref 431484,EMI,bike loan emi
Restaurant dine-in bill - INR 39052 - Ref 142082,Food,restaurant dine in bill
Expense for netflix monthly subscription,Entertainment,expense for netflix monthly subscription
IRCTC train ticket - INR 4237 - Ref 428188,Travel,irctc train ticket
NPS contribution - INR 45494 - Ref 326124,Investment,nps contribution
Myntra fashion order - INR 43155 - Ref 569141,Shopping,myntra fashion order
Bike loan EMI - INR 37805 - Ref 541082,EMI,bike loan emi
Consumer durable EMI - INR 34060 - Ref 995601,EMI,consumer durable emi
McDonald's meal payment - INR 5963 - Ref 823910,Food,mcdonald s meal payment
Rapido bike ride - INR 15893 - Ref 236369,Travel,rapido bike ride
Ajio clothing purchase - INR 33602 - Ref 148058,Shopping,ajio clothing purchase
Home loan EMI - INR 47376 - Ref 888074,EMI,home loan emi
Appliance EMI - INR 16750 - Ref 139728,EMI,appliance emi
Bakery purchase - INR 22645 - Ref 367625,Food,bakery purchase
Home loan EMI - INR 1614 - Ref 944220,EMI,home loan emi
Laptop EMI payment - INR 49390 - Ref 110971,EMI,laptop emi payment
Zomato food delivery - INR 10801 - Ref 888285,Food,zomato food delivery
Retail store shopping - INR 38611 - Ref 118759,Shopping,retail store shopping
Monthly dth recharge,Utilities,monthly dth recharge
Gold bond investment - INR 23280 - Ref 126844,Investment,gold bond investment
Flight ticket booking - INR 655 - Ref 451528,Travel,flight ticket booking
Laptop EMI payment - INR 33906 - Ref 624499,EMI,laptop emi payment
MakeMyTrip travel booking - INR 4817 - Ref 133932,Travel,makemytrip travel booking
Lifestyle store purchase - INR 34957 - Ref 323312,Shopping,lifestyle store purchase
Airport taxi fare - INR 25920 - Ref 732264,Travel,airport taxi fare
Bike loan EMI - INR 1126 - Ref 753610,EMI,bike loan emi
Mall shopping payment - INR 38203 - Ref 245081,Shopping,mall shopping payment
Stock market investment - INR 35222 - Ref 143343,Investment,stock market investment
Consumer durable EMI - INR 7482 - Ref 361211,EMI,consumer durable emi
Electronics purchase - INR 42111 - Ref 499711,Shopping,electronics purchase
Payment for internet bill payment,Utilities,payment for internet bill payment
Home loan EMI - INR 2102 - Ref 568386,EMI,home loan emi
Supermarket shopping - INR 22349 - Ref 256241,Shopping,supermarket shopping
Education loan EMI - INR 37127 - Ref 477628,EMI,education loan emi
Retirement fund investment - INR 5811 - Ref 662897,Investment,retirement fund investment
McDonald's meal payment - INR 8839 - Ref 481000,Food,mcdonald s meal payment
Personal loan EMI - INR 30571 - Ref 506987,EMI,personal loan emi
Paid for miscellaneous bill payment,Others,paid for miscellaneous bill payment
Restaurant dine-in bill - INR 31273 - Ref 557233,Food,restaurant dine in bill
Credit card EMI - INR 46103 - Ref 937229,EMI,credit card emi
Airport taxi fare - INR 23066 - Ref 395071,Travel,airport taxi fare
Grocery food items - INR 34096 - Ref 811879,Food,grocery food items
Myntra fashion order - INR 14614 - Ref 513969,Shopping,myntra fashion order
Amazon online shopping - INR 40532 - Ref 188058,Shopping,amazon online shopping
Airport taxi fare - INR 44485 - Ref 431972,Travel,airport taxi fare
Expense for dentist consultation fee,Healthcare,expense for dentist consultation fee
Gold bond investment - INR 25402 - Ref 832381,Investment,gold bond investment
Retirement fund investment - INR 19556 - Ref 273267,Investment,retirement fund investment
Appliance EMI - INR 30834 - Ref 304567,EMI,appliance emi
Zomato food delivery - INR 39172 - Ref 432025,Food,zomato food delivery
Dominos pizza order - INR 21511 - Ref 972858,Food,dominos pizza order
Electronics purchase - INR 15079 - Ref 755949,Shopping,electronics purchase
Uber ride payment - INR 9617 - Ref 854561,Travel,uber ride payment
Swiggy order payment - INR 20815 - Ref 472188,Food,swiggy order payment
Share trading debit - INR 5409 - Ref 297440,Investment,share trading debit
Consumer durable EMI - INR 10508 - Ref 692589,EMI,consumer durable emi
Personal loan EMI - INR 41672 - Ref 317528,EMI,personal loan emi
Mutual fund SIP - INR 34791 - Ref 849002,Investment,mutual fund sip
Grocery food items - INR 32892 - Ref 300289,Food,grocery food items
Laptop EMI payment - INR 42975 - Ref 927038,EMI,laptop emi payment
Bakery purchase - INR 46242 - Ref 954257,Food,bakery purchase
Uber ride payment - INR 29319 - Ref 693851,Travel,uber ride payment
Mutual fund SIP - INR 44607 - Ref 336211,Investment,mutual fund sip
Ola cab booking - INR 19853 - Ref 242640,Travel,ola cab booking
Payment for other payment,Others,payment for other payment
Personal loan EMI - INR 8166 - Ref 982637,EMI,personal loan emi
Cafe coffee purchase - INR 33004 - Ref 304376,Food,cafe coffee purchase
Uber ride payment - INR 2945 - Ref 754957,Travel,uber ride payment
Expense for auto rickshaw fare,Transport,expense for auto rickshaw fare
Retail store shopping - INR 38015 - Ref 656679,Shopping,retail store shopping
Stock market investment - INR 41047 - Ref 372624,Investment,stock market investment
Fixed deposit investment - INR 9312 - Ref 130265,Investment,fixed deposit investment
Education loan EMI - INR 44399 - Ref 756056,EMI,education loan emi
Mall shopping payment - INR 19865 - Ref 984697,Shopping,mall shopping payment
PPF contribution - INR 7027 - Ref 459389,Investment,ppf contribution
Flight ticket booking - INR 44548 - Ref 864273,Travel,flight ticket booking
Fixed deposit investment - INR 16859 - Ref 243640,Investment,fixed deposit investment
Ola cab booking - INR 684 - Ref 540030,Travel,ola cab booking
Fixed deposit investment - INR 36636 - Ref 767006,Investment,fixed deposit investment
Payment for disney plus subscription,Entertainment,payment for disney plus subscription
Stock market investment - INR 44320 - Ref 137594,Investment,stock market investment
Stock market investment - INR 26310 - Ref 115519,Investment,stock market investment
Credit card EMI - INR 24772 - Ref 430843,EMI,credit card emi
Myntra fashion order - INR 9206 - Ref 239011,Shopping,myntra fashion order
Gold bond investment - INR 10356 - Ref 870369,Investment,gold bond investment
Laptop EMI payment - INR 9845 - Ref 173947,EMI,laptop emi payment
Monthly coursera course payment,Education,monthly coursera course payment
Consumer durable EMI - INR 49071 - Ref 411628,EMI,consumer durable emi
Retail store shopping - INR 6872 - Ref 722354,Shopping,retail store shopping
Education loan EMI - INR 14622 - Ref 808681,EMI,education loan emi
Airport taxi fare - INR 3902 - Ref 314660,Travel,airport taxi fare
Fixed deposit investment - INR 1916 - Ref 142149,Investment,fixed deposit investment
Electronics purchase - INR 36077 - Ref 419138,Shopping,electronics purchase
Share trading debit - INR 17337 - Ref 744645,Investment,share trading debit
Metro card recharge - INR 40886 - Ref 783553,Travel,metro card recharge
Airport taxi fare - INR 47503 - Ref 669533,Travel,airport taxi fare
Stock market investment - INR 6822 - Ref 183834,Investment,stock market investment
Expense for telephone bill payment,Utilities,expense for telephone bill payment
Demat account transfer - INR 20158 - Ref 976747,Investment,demat account transfer
Demat account transfer - INR 3548 - Ref 240548,Investment,demat account transfer
Stock market investment - INR 45084 - Ref 495048,Investment,stock market investment
Ajio clothing purchase - INR 30768 - Ref 702187,Shopping,ajio clothing purchase
Dominos pizza order - INR 31686 - Ref 189820,Food,dominos pizza order
KFC online order - INR 36783 - Ref 487267,Food,kfc online order
Zomato food delivery - INR 28134 - Ref 578393,Food,zomato food delivery
Hotel stay booking - INR 48847 - Ref 509943,Travel,hotel stay booking
Myntra fashion order - INR 332 - Ref 234459,Shopping,myntra fashion order
Flight ticket booking - INR 15279 - Ref 566239,Travel,flight ticket booking
Appliance EMI - INR 11873 - Ref 640522,EMI,appliance emi
McDonald's meal payment - INR 15334 - Ref 891879,Food,mcdonald s meal payment
PPF contribution - INR 30621 - Ref 750134,Investment,ppf contribution
Dominos pizza order - INR 17861 - Ref 989634,Food,dominos pizza order
Hotel dinner bill - INR 14180 - Ref 600274,Food,hotel dinner bill
Water utility bill,Utilities,water utility bill
Lifestyle store purchase - INR 11351 - Ref 478088,Shopping,lifestyle store purchase
Airport taxi fare - INR 16795 - Ref 354098,Travel,airport taxi fare
Personal loan EMI - INR 19242 - Ref 637126,EMI,personal loan emi
Share trading debit - INR 26341 - Ref 765325,Investment,share trading debit
Monthly college tuition payment,Education,monthly college tuition payment
Payment for theme park ticket,Entertainment,payment for theme park ticket
Retail store shopping - INR 6736 - Ref 338986,Shopping,retail store shopping
Flight ticket booking - INR 44420 - Ref 597833,Travel,flight ticket booking
Laptop EMI payment - INR 5233 - Ref 235304,EMI,laptop emi payment
NPS contribution - INR 36104 - Ref 560643,Investment,nps contribution
Bike loan EMI - INR 40501 - Ref 245514,EMI,bike loan emi
Zomato food delivery - INR 655 - Ref 190632,Food,zomato food delivery
Myntra fashion order - INR 289 - Ref 256080,Shopping,myntra fashion order
ETF purchase - INR 11499 - Ref 920692,Investment,etf purchase
Amazon online shopping - INR 43951 - Ref 604305,Shopping,amazon online shopping
ETF purchase - INR 39548 - Ref 370484,Investment,etf purchase
Mobile EMI payment - INR 5857 - Ref 407149,EMI,mobile emi payment
Rapido bike ride - INR 46983 - Ref 819378,Travel,rapido bike ride
ETF purchase - INR 14539 - Ref 188255,Investment,etf purchase
Paid for miscellaneous payment,Others,paid for miscellaneous payment
Demat account transfer - INR 15709 - Ref 202258,Investment,demat account transfer
Lifestyle store purchase - INR 35318 - Ref 396999,Shopping,lifestyle store purchase
MakeMyTrip travel booking - INR 7101 - Ref 120823,Travel,makemytrip travel booking
Metro card recharge - INR 20639 - Ref 843788,Travel,metro card recharge
Payment for hospital treatment bill,Healthcare,payment for hospital treatment bill
Cafe coffee purchase - INR 36526 - Ref 476481,Food,cafe coffee purchase
Share trading debit - INR 10991 - Ref 540728,Investment,share trading debit
Supermarket shopping - INR 32441 - Ref 103127,Shopping,supermarket shopping
MakeMyTrip travel booking - INR 36396 - Ref 712675,Travel,makemytrip travel booking
YouTube Premium payment,Entertainment,youtube premium payment
Metro card recharge - INR 34528 - Ref 802079,Travel,metro card recharge
MakeMyTrip travel booking - INR 12534 - Ref 132286,Travel,makemytrip travel booking
Restaurant dine-in bill - INR 19055 - Ref 558430,Food,restaurant dine in bill
Paid for general household expense,Others,paid for general household expense
Payment for unclassified personal expense,Others,payment for unclassified personal expense
Expense for university tuition fees,Education,expense for university tuition fees
Uber ride payment - INR 4443 - Ref 997122,Travel,uber ride payment
NPS contribution - INR 44279 - Ref 913732,Investment,nps contribution
Cafe coffee purchase - INR 35729 - Ref 588406,Food,cafe coffee purchase
Demat account transfer - INR 19162 - Ref 232739,Investment,demat account transfer
eBay online order - INR 42940 - Ref 496284,Shopping,ebay online order
Personal loan EMI - INR 7349 - Ref 809746,EMI,personal loan emi
Fixed deposit investment - INR 11091 - Ref 850342,Investment,fixed deposit investment
Supermarket shopping - INR 24349 - Ref 557922,Shopping,supermarket shopping
PPF contribution - INR 36823 - Ref 673060,Investment,ppf contribution
Home loan EMI - INR 21052 - Ref 241575,EMI,home loan emi
Flipkart purchase - INR 49731 - Ref 480100,Shopping,flipkart purchase
Dominos pizza order - INR 38606 - Ref 953125,Food,dominos pizza order
Airport taxi fare - INR 48166 - Ref 606033,Travel,airport taxi fare
Ola cab booking - INR 36028 - Ref 618577,Travel,ola cab booking
Monthly college admission fees,Education,monthly college admission fees
Ajio clothing purchase - INR 3376 - Ref 355445,Shopping,ajio clothing purchase
NPS contribution - INR 31103 - Ref 137020,Investment,nps contribution
IRCTC train ticket - INR 6557 - Ref 337023,Travel,irctc train ticket
Myntra fashion order - INR 26644 - Ref 766842,Shopping,myntra fashion order
Ajio clothing purchase - INR 35763 - Ref 443548,Shopping,ajio clothing purchase
Mutual fund SIP - INR 27408 - Ref 704911,Investment,mutual fund sip
Personal loan EMI - INR 33013 - Ref 720631,EMI,personal loan emi
Expense for medical expenses,Healthcare,expense for medical expenses
Retirement fund investment - INR 1301 - Ref 723248,Investment,retirement fund investment
Expense for coaching class fees,Education,expense for coaching class fees
Supermarket shopping - INR 31949 - Ref 461122,Shopping,supermarket shopping
Personal loan EMI - INR 40741 - Ref 662463,EMI,personal loan emi
KFC online order - INR 47164 - Ref 808929,Food,kfc online order
eBay online order - INR 31030 - Ref 208552,Shopping,ebay online order
Gold bond investment - INR 28662 - Ref 401105,Investment,gold bond investment
Mutual fund SIP - INR 3671 - Ref 730179,Investment,mutual fund sip
Uber ride payment - INR 24381 - Ref 892546,Travel,uber ride payment
Bakery purchase - INR 10327 - Ref 590541,Food,bakery purchase
Flipkart purchase - INR 35983 - Ref 566498,Shopping,flipkart purchase
Monthly parking fee payment,Transport,monthly parking fee payment
Flipkart purchase - INR 38950 - Ref 466699,Shopping,flipkart purchase
Mall shopping payment - INR 29556 - Ref 345542,Shopping,mall shopping payment
Metro card recharge - INR 374 - Ref 101725,Travel,metro card recharge
Expense for college semester fees,Education,expense for college semester fees
McDonald's meal payment - INR 17172 - Ref 280671,Food,mcdonald s meal payment
PPF contribution - INR 19139 - Ref 218250,Investment,ppf contribution
ETF purchase - INR 46635 - Ref 695784,Investment,etf purchase
Home loan EMI - INR 17141 - Ref 435668,EMI,home loan emi
Payment for local train ticket,Transport,payment for local train ticket
Dominos pizza order - INR 23152 - Ref 641998,Food,dominos pizza order
ETF purchase - INR 3912 - Ref 109455,Investment,etf purchase
Lifestyle store purchase - INR 44234 - Ref 326927,Shopping,lifestyle store purchase
KFC online order - INR 31494 - Ref 579992,Food,kfc online order
Restaurant dine-in bill - INR 42908 - Ref 196763,Food,restaurant dine in bill
Payment for school books purchase,Education,payment for school books purchase
Cab ride to office,Transport,cab ride to office
Dominos pizza order - INR 35550 - Ref 243896,Food,dominos pizza order
Demat account transfer - INR 39666 - Ref 166029,Investment,demat account transfer
Bus ticket purchase - INR 6302 - Ref 159142,Travel,bus ticket purchase
Bakery purchase - INR 31369 - Ref 456119,Food,bakery purchase
PPF contribution - INR 43407 - Ref 749130,Investment,ppf contribution
Monthly education course fees,Education,monthly education course fees
ETF purchase - INR 29618 - Ref 578112,Investment,etf purchase
Retirement fund investment - INR 26155 - Ref 600153,Investment,retirement fund investment
Lifestyle store purchase - INR 11999 - Ref 251567,Shopping,lifestyle store purchase
Expense for metro travel expense,Transport,expense for metro travel expense
School fees payment,Education,school fees payment
Hotel stay booking - INR 310 - Ref 169046,Travel,hotel stay booking
Uber ride payment - INR 44666 - Ref 136005,Travel,uber ride payment
Flipkart purchase - INR 30822 - Ref 917641,Shopping,flipkart purchase
Retirement fund investment - INR 23348 - Ref 711226,Investment,retirement fund investment
Electronics purchase - INR 2541 - Ref 351819,Shopping,electronics purchase
Consumer durable EMI - INR 37096 - Ref 790093,EMI,consumer durable emi
Bakery purchase - INR 44852 - Ref 980767,Food,bakery purchase
Dominos pizza order - INR 13881 - Ref 118791,Food,dominos pizza order
Myntra fashion order - INR 28259 - Ref 841407,Shopping,myntra fashion order
IRCTC train ticket - INR 49736 - Ref 330065,Travel,irctc train ticket
Mutual fund SIP - INR 7553 - Ref 427376,Investment,mutual fund sip
NPS contribution - INR 26620 - Ref 627848,Investment,nps contribution
McDonald's meal payment - INR 12564 - Ref 369024,Food,mcdonald s meal payment
Amazon online shopping - INR 8162 - Ref 291598,Shopping,amazon online shopping
Electronics purchase - INR 8658 - Ref 100177,Shopping,electronics purchase
McDonald's meal payment - INR 32869 - Ref 976212,Food,mcdonald s meal payment
Restaurant dine-in bill - INR 31478 - Ref 462923,Food,restaurant dine in bill
Laptop EMI payment - INR 25901 - Ref 196159,EMI,laptop emi payment
Zomato food delivery - INR 13393 - Ref 277713,Food,zomato food delivery
Stock market investment - INR 22819 - Ref 432313,Investment,stock market investment
Hotel stay booking - INR 37201 - Ref 770713,Travel,hotel stay booking
Bakery purchase - INR 31687 - Ref 649050,Food,bakery purchase
Dominos pizza order - INR 4554 - Ref 696900,Food,dominos pizza order
Gas bill payment,Utilities,gas bill payment
Appliance EMI - INR 32856 - Ref 282457,EMI,appliance emi
Payment for gas bill payment,Utilities,payment for gas bill payment
Retirement fund investment - INR 44824 - Ref 676897,Investment,retirement fund investment
Home loan EMI - INR 26255 - Ref 775813,EMI,home loan emi
Stock market investment - INR 17916 - Ref 640215,Investment,stock market investment
Bus ticket purchase - INR 19436 - Ref 363946,Travel,bus ticket purchase
Flight ticket booking - INR 47231 - Ref 482626,Travel,flight ticket booking
Ajio clothing purchase - INR 10942 - Ref 110491,Shopping,ajio clothing purchase
Electronics purchase - INR 20357 - Ref 752223,Shopping,electronics purchase
Ajio clothing purchase - INR 25868 - Ref 338864,Shopping,ajio clothing purchase
Gold bond investment - INR 35978 - Ref 907127,Investment,gold bond investment
Expense for other payment,Others,expense for other payment
Lifestyle store purchase - INR 12795 - Ref 665281,Shopping,lifestyle store purchase
Grocery food items - INR 7734 - Ref 586322,Food,grocery food items
Consumer durable EMI - INR 37223 - Ref 148241,EMI,consumer durable emi
Payment for broadband bill payment,Utilities,payment for broadband bill payment
Fixed deposit investment - INR 26304 - Ref 462365,Investment,fixed deposit investment
Amazon online shopping - INR 4181 - Ref 841517,Shopping,amazon online shopping
MakeMyTrip travel booking - INR 2953 - Ref 869316,Travel,makemytrip travel booking
Airport taxi fare - INR 28326 - Ref 515194,Travel,airport taxi fare
Credit card EMI - INR 41069 - Ref 489286,EMI,credit card emi
Hotel dinner bill - INR 43919 - Ref 519725,Food,hotel dinner bill
KFC online order - INR 14598 - Ref 670913,Food,kfc online order
Personal loan EMI - INR 36923 - Ref 713249,EMI,personal loan emi
Flipkart purchase - INR 48326 - Ref 543269,Shopping,flipkart purchase
Mutual fund SIP - INR 32656 - Ref 194270,Investment,mutual fund sip
Hotel dinner bill - INR 16612 - Ref 900777,Food,hotel dinner bill
Mobile EMI payment - INR 32021 - Ref 518159,EMI,mobile emi payment
Lifestyle store purchase - INR 18937 - Ref 635096,Shopping,lifestyle store purchase
Hotel dinner bill - INR 49403 - Ref 755777,Food,hotel dinner bill
Monthly electricity monthly bill,Utilities,monthly electricity monthly bill
Restaurant dine-in bill - INR 22346 - Ref 717848,Food,restaurant dine in bill
Demat account transfer - INR 43855 - Ref 637578,Investment,demat account transfer
Electronics purchase - INR 47790 - Ref 959509,Shopping,electronics purchase
Retail store shopping - INR 37246 - Ref 661795,Shopping,retail store shopping
eBay online order - INR 46377 - Ref 603736,Shopping,ebay online order
Paid for uber ride payment,Transport,paid for uber ride payment
ETF purchase - INR 26994 - Ref 299603,Investment,etf purchase
eBay online order - INR 8688 - Ref 594031,Shopping,ebay online order
Mutual fund SIP - INR 2242 - Ref 439657,Investment,mutual fund sip
Grocery food items - INR 11569 - Ref 238194,Food,grocery food items
Lifestyle store purchase - INR 22233 - Ref 547207,Shopping,lifestyle store purchase
KFC online order - INR 4304 - Ref 889045,Food,kfc online order
Credit card EMI - INR 14196 - Ref 501390,EMI,credit card emi
Laptop EMI payment - INR 39558 - Ref 879589,EMI,laptop emi payment
Ajio clothing purchase - INR 32640 - Ref 480999,Shopping,ajio clothing purchase
Appliance EMI - INR 16557 - Ref 470368,EMI,appliance emi
MakeMyTrip travel booking - INR 16272 - Ref 648975,Travel,makemytrip travel booking
eBay online order - INR 9273 - Ref 676816,Shopping,ebay online order
Expense for personal miscellaneous spending,Others,expense for personal miscellaneous spending
ETF purchase - INR 26501 - Ref 370135,Investment,etf purchase
Amazon online shopping - INR 34024 - Ref 857334,Shopping,amazon online shopping
Bike loan EMI - INR 33317 - Ref 266679,EMI,bike loan emi
Supermarket shopping - INR 30168 - Ref 810328,Shopping,supermarket shopping
Grocery food items - INR 15852 - Ref 169806,Food,grocery food items
Rapido bike ride - INR 14231 - Ref 483802,Travel,rapido bike ride
Share trading debit - INR 38626 - Ref 168444,Investment,share trading debit
Car loan EMI - INR 31915 - Ref 834065,EMI,car loan emi
Laptop EMI payment - INR 24265 - Ref 126991,EMI,laptop emi payment
Appliance EMI - INR 36631 - Ref 213578,EMI,appliance emi
Car loan EMI - INR 10374 - Ref 465677,EMI,car loan emi
Zomato food delivery - INR 4552 - Ref 345466,Food,zomato food delivery
Rapido bike ride - INR 22628 - Ref 646126,Travel,rapido bike ride
Consumer durable EMI - INR 27868 - Ref 349343,EMI,consumer durable emi
Retail store shopping - INR 14233 - Ref 400968,Shopping,retail store shopping
Restaurant dine-in bill - INR 16821 - Ref 937351,Food,restaurant dine in bill
Supermarket shopping - INR 36531 - Ref 787306,Shopping,supermarket shopping
Bus ticket purchase - INR 38361 - Ref 985629,Travel,bus ticket purchase
Mall shopping payment - INR 28152 - Ref 484040,Shopping,mall shopping payment
PPF contribution - INR 48551 - Ref 942902,Investment,ppf contribution
Zomato food delivery - INR 45213 - Ref 164956,Food,zomato food delivery
Swiggy order payment - INR 43351 - Ref 800240,Food,swiggy order payment
Expense for medicine purchase,Healthcare,expense for medicine purchase
Dominos pizza order - INR 33227 - Ref 440717,Food,dominos pizza order
Supermarket shopping - INR 40556 - Ref 853449,Shopping,supermarket shopping
Swiggy order payment - INR 6438 - Ref 166135,Food,swiggy order payment
Credit card EMI - INR 3580 - Ref 985703,EMI,credit card emi
Cafe coffee purchase - INR 3013 - Ref 559582,Food,cafe coffee purchase
Fixed deposit investment - INR 1616 - Ref 701558,Investment,fixed deposit investment
Retirement fund investment - INR 5859 - Ref 412741,Investment,retirement fund investment
Monthly education training payment,Education,monthly education training payment
Bakery purchase - INR 38510 - Ref 221457,Food,bakery purchase
Uber ride payment - INR 47994 - Ref 766170,Travel,uber ride payment
McDonald's meal payment - INR 34446 - Ref 850502,Food,mcdonald s meal payment
Retail store shopping - INR 38347 - Ref 810695,Shopping,retail store shopping
Rapido bike ride - INR 19668 - Ref 804547,Travel,rapido bike ride
Appliance EMI - INR 2296 - Ref 141407,EMI,appliance emi
Retail store shopping - INR 33960 - Ref 504734,Shopping,retail store shopping
Airport taxi fare - INR 11619 - Ref 525632,Travel,airport taxi fare
Restaurant dine-in bill - INR 10009 - Ref 552944,Food,restaurant dine in bill
KFC online order - INR 7083 - Ref 547323,Food,kfc online order
Supermarket shopping - INR 47015 - Ref 599423,Shopping,supermarket shopping
Stock market investment - INR 3040 - Ref 652841,Investment,stock market investment
Spotify premium subscription,Entertainment,spotify premium subscription
Car loan EMI - INR 4963 - Ref 582697,EMI,car loan emi
Supermarket shopping - INR 10593 - Ref 694161,Shopping,supermarket shopping
Mobile EMI payment - INR 18827 - Ref 683130,EMI,mobile emi payment
Personal loan EMI - INR 39582 - Ref 961731,EMI,personal loan emi
KFC online order - INR 26391 - Ref 255690,Food,kfc online order
Education loan EMI - INR 19757 - Ref 211013,EMI,education loan emi
Ola cab booking - INR 30338 - Ref 650316,Travel,ola cab booking
Rapido bike ride - INR 29990 - Ref 719257,Travel,rapido bike ride
Gold bond investment - INR 15555 - Ref 229334,Investment,gold bond investment
Mobile phone bill,Utilities,mobile phone bill
Restaurant dine-in bill - INR 47538 - Ref 648530,Food,restaurant dine in bill
Mobile EMI payment - INR 20179 - Ref 647354,EMI,mobile emi payment
KFC online order - INR 48502 - Ref 357394,Food,kfc online order
Gold bond investment - INR 47003 - Ref 487338,Investment,gold bond investment
Expense for school books purchase,Education,expense for school books purchase
Ajio clothing purchase - INR 24616 - Ref 172583,Shopping,ajio clothing purchase
Rapido bike ride - INR 14856 - Ref 863233,Travel,rapido bike ride
Personal loan EMI - INR 44982 - Ref 747535,EMI,personal loan emi
Zomato food delivery - INR 18207 - Ref 208089,Food,zomato food delivery
Metro card recharge - INR 22429 - Ref 129891,Travel,metro card recharge
Mall shopping payment - INR 6930 - Ref 436274,Shopping,mall shopping payment
Share trading debit - INR 6435 - Ref 531678,Investment,share trading debit
Share trading debit - INR 39003 - Ref 607066,Investment,share trading debit
Mall shopping payment - INR 14050 - Ref 847801,Shopping,mall shopping payment
Internet recharge,Utilities,internet recharge
Swiggy order payment - INR 3895 - Ref 945162,Food,swiggy order payment
Bakery purchase - INR 49856 - Ref 582588,Food,bakery purchase
Gold bond investment - INR 41950 - Ref 127727,Investment,gold bond investment
Payment for general purchase expense,Others,payment for general purchase expense
Dominos pizza order - INR 47273 - Ref 947293,Food,dominos pizza order
Hotel stay booking - INR 28330 - Ref 399153,Travel,hotel stay booking
Ajio clothing purchase - INR 8838 - Ref 633302,Shopping,ajio clothing purchase
Consumer durable EMI - INR 4552 - Ref 830073,EMI,consumer durable emi
Flight ticket booking - INR 15053 - Ref 931583,Travel,flight ticket booking
Payment for school tuition payment,Education,payment for school tuition payment
Hotel stay booking - INR 8478 - Ref 230906,Travel,hotel stay booking
Mall shopping payment - INR 45827 - Ref 108410,Shopping,mall shopping payment
Mall shopping payment - INR 6082 - Ref 111700,Shopping,mall shopping payment
Personal loan EMI - INR 37693 - Ref 222340,EMI,personal loan emi
Ajio clothing purchase - INR 2981 - Ref 138768,Shopping,ajio clothing purchase
Payment for coaching class fees,Education,payment for coaching class fees
Uber ride payment - INR 2999 - Ref 961031,Travel,uber ride payment
Supermarket shopping - INR 6443 - Ref 438209,Shopping,supermarket shopping
Hotel stay booking - INR 36066 - Ref 920740,Travel,hotel stay booking
Share trading debit - INR 29410 - Ref 555932,Investment,share trading debit
Mutual fund SIP - INR 11866 - Ref 317088,Investment,mutual fund sip
Myntra fashion order - INR 32613 - Ref 806468,Shopping,myntra fashion order
Zomato food delivery - INR 28687 - Ref 712387,Food,zomato food delivery
Share trading debit - INR 14868 - Ref 354388,Investment,share trading debit
Zomato food delivery - INR 41830 - Ref 665550,Food,zomato food delivery
Education loan EMI - INR 23118 - Ref 819298,EMI,education loan emi
Car loan EMI - INR 32704 - Ref 121626,EMI,car loan emi
Zomato food delivery - INR 38306 - Ref 865021,Food,zomato food delivery
Personal loan EMI - INR 29388 - Ref 774600,EMI,personal loan emi
Consumer durable EMI - INR 24593 - Ref 102563,EMI,consumer durable emi
Restaurant dine-in bill - INR 46201 - Ref 499681,Food,restaurant dine in bill
Share trading debit - INR 44354 - Ref 616039,Investment,share trading debit
Mobile EMI payment - INR 40975 - Ref 213488,EMI,mobile emi payment
Expense for doctor appointment payment,Healthcare,expense for doctor appointment payment
MakeMyTrip travel booking - INR 22524 - Ref 795012,Travel,makemytrip travel booking
Lifestyle store purchase - INR 14492 - Ref 383431,Shopping,lifestyle store purchase
NPS contribution - INR 3444 - Ref 493278,Investment,nps contribution
PPF contribution - INR 11061 - Ref 432381,Investment,ppf contribution
Grocery food items - INR 32963 - Ref 142070,Food,grocery food items
ETF purchase - INR 12935 - Ref 986898,Investment,etf purchase
Mall shopping payment - INR 15759 - Ref 901823,Shopping,mall shopping payment
Paid for electricity monthly bill,Utilities,paid for electricity monthly bill
Laptop EMI payment - INR 45115 - Ref 704815,EMI,laptop emi payment
Consumer durable EMI - INR 4861 - Ref 422151,EMI,consumer durable emi
Consumer durable EMI - INR 36780 - Ref 599995,EMI,consumer durable emi
PPF contribution - INR 3818 - Ref 996073,Investment,ppf contribution
Retail store shopping - INR 31042 - Ref 167537,Shopping,retail store shopping
Metro card recharge - INR 18590 - Ref 284625,Travel,metro card recharge
IRCTC train ticket - INR 8368 - Ref 631114,Travel,irctc train ticket
Payment for miscellaneous spending,Others,payment for miscellaneous spending
NPS contribution - INR 31274 - Ref 759582,Investment,nps contribution
Laptop EMI payment - INR 47472 - Ref 881939,EMI,laptop emi payment
Myntra fashion order - INR 108 - Ref 122744,Shopping,myntra fashion order
Fixed deposit investment - INR 41888 - Ref 282154,Investment,fixed deposit investment
Laptop EMI payment - INR 3216 - Ref 275961,EMI,laptop emi payment
Grocery food items - INR 26827 - Ref 159438,Food,grocery food items
Bus ticket purchase - INR 9567 - Ref 199625,Travel,bus ticket purchase
Share trading debit - INR 10356 - Ref 123703,Investment,share trading debit
Myntra fashion order - INR 7207 - Ref 994405,Shopping,myntra fashion order
Flight ticket booking - INR 10811 - Ref 704345,Travel,flight ticket booking
Mall shopping payment - INR 33121 - Ref 715391,Shopping,mall shopping payment
NPS contribution - INR 30773 - Ref 301571,Investment,nps contribution
MakeMyTrip travel booking - INR 38731 - Ref 403745,Travel,makemytrip travel booking
Demat account transfer - INR 34313 - Ref 846418,Investment,demat account transfer
PPF contribution - INR 18575 - Ref 356598,Investment,ppf contribution
Rapido bike ride - INR 44310 - Ref 936000,Travel,rapido bike ride
Metro card recharge - INR 47830 - Ref 202363,Travel,metro card recharge
Zomato food delivery - INR 36575 - Ref 265053,Food,zomato food delivery
Consumer durable EMI - INR 43540 - Ref 810541,EMI,consumer durable emi
Uber ride payment - INR 4081 - Ref 691869,Travel,uber ride payment
Zomato food delivery - INR 30237 - Ref 563093,Food,zomato food delivery
Ajio clothing purchase - INR 29424 - Ref 881811,Shopping,ajio clothing purchase
Mutual fund SIP - INR 47080 - Ref 392294,Investment,mutual fund sip
Appliance EMI - INR 27350 - Ref 779762,EMI,appliance emi
Dominos pizza order - INR 39650 - Ref 463631,Food,dominos pizza order
NPS contribution - INR 13896 - Ref 270727,Investment,nps contribution
Electronics purchase - INR 45841 - Ref 737866,Shopping,electronics purchase
Bus ticket purchase - INR 7134 - Ref 900097,Travel,bus ticket purchase
Dominos pizza order - INR 32716 - Ref 967986,Food,dominos pizza order
Airport taxi fare - INR 5040 - Ref 680140,Travel,airport taxi fare
Personal loan EMI - INR 24865 - Ref 308326,EMI,personal loan emi
Bus ticket purchase - INR 6563 - Ref 607393,Travel,bus ticket purchase
Personal loan EMI - INR 29092 - Ref 759116,EMI,personal loan emi
Lifestyle store purchase - INR 20180 - Ref 971472,Shopping,lifestyle store purchase
Credit card EMI - INR 36905 - Ref 512131,EMI,credit card emi
McDonald's meal payment - INR 28647 - Ref 519501,Food,mcdonald s meal payment
Ola cab booking - INR 20442 - Ref 491248,Travel,ola cab booking
Paid for rapido ride fare,Transport,paid for rapido ride fare
Cafe coffee purchase - INR 19808 - Ref 336179,Food,cafe coffee purchase
McDonald's meal payment - INR 33194 - Ref 978319,Food,mcdonald s meal payment
Credit card EMI - INR 7797 - Ref 764433,EMI,credit card emi
Gold bond investment - INR 4872 - Ref 413770,Investment,gold bond investment
Phone recharge,Utilities,phone recharge
Bike loan EMI - INR 31143 - Ref 601383,EMI,bike loan emi
Supermarket shopping - INR 10866 - Ref 940533,Shopping,supermarket shopping
Cable TV bill payment,Utilities,cable tv bill payment
Personal loan EMI - INR 27375 - Ref 439807,EMI,personal loan emi
Expense for general personal payment,Others,expense for general personal payment
Credit card EMI - INR 21271 - Ref 154334,EMI,credit card emi
Electronics purchase - INR 41781 - Ref 622040,Shopping,electronics purchase
Expense for udemy course purchase,Education,expense for udemy course purchase
Share trading debit - INR 39940 - Ref 194601,Investment,share trading debit
Flight ticket booking - INR 2668 - Ref 947634,Travel,flight ticket booking
Lifestyle store purchase - INR 47417 - Ref 997648,Shopping,lifestyle store purchase
Grocery food items - INR 2497 - Ref 174174,Food,grocery food items
Rapido bike ride - INR 38791 - Ref 596336,Travel,rapido bike ride
Swiggy order payment - INR 36212 - Ref 901301,Food,swiggy order payment
Bike loan EMI - INR 36159 - Ref 324993,EMI,bike loan emi
College semester fees,Education,college semester fees
MakeMyTrip travel booking - INR 24433 - Ref 515425,Travel,makemytrip travel booking
IRCTC train ticket - INR 2996 - Ref 477783,Travel,irctc train ticket
Uber ride payment - INR 18427 - Ref 847698,Travel,uber ride payment
Fixed deposit investment - INR 33710 - Ref 223332,Investment,fixed deposit investment
Highway toll payment,Transport,highway toll payment
Flight ticket booking - INR 28528 - Ref 748310,Travel,flight ticket booking
Uber ride payment - INR 26272 - Ref 445952,Travel,uber ride payment
Dominos pizza order - INR 12493 - Ref 627483,Food,dominos pizza order
NPS contribution - INR 3755 - Ref 122953,Investment,nps contribution
Grocery food items - INR 20095 - Ref 329405,Food,grocery food items
Mall shopping payment - INR 37160 - Ref 712861,Shopping,mall shopping payment
Dominos pizza order - INR 44078 - Ref 736896,Food,dominos pizza order
Payment for coursera course payment,Education,payment for coursera course payment
Rapido bike ride - INR 7967 - Ref 491221,Travel,rapido bike ride
Bus ticket purchase - INR 3599 - Ref 318221,Travel,bus ticket purchase
ETF purchase - INR 48184 - Ref 604707,Investment,etf purchase
Car loan EMI - INR 27679 - Ref 376788,EMI,car loan emi
Uber ride payment - INR 27595 - Ref 852878,Travel,uber ride payment
Myntra fashion order - INR 31760 - Ref 369700,Shopping,myntra fashion order
Rapido bike ride - INR 8994 - Ref 150766,Travel,rapido bike ride
Pharmacy bill payment,Healthcare,pharmacy bill payment
Home loan EMI - INR 8425 - Ref 420521,EMI,home loan emi
Restaurant dine-in bill - INR 16848 - Ref 856466,Food,restaurant dine in bill
Rapido bike ride - INR 26914 - Ref 431113,Travel,rapido bike ride
Laptop EMI payment - INR 28902 - Ref 456711,EMI,laptop emi payment
Mobile EMI payment - INR 7830 - Ref 498247,EMI,mobile emi payment
Monthly highway toll payment,Transport,monthly highway toll payment
Mobile EMI payment - INR 9812 - Ref 723400,EMI,mobile emi payment
Myntra fashion order - INR 17172 - Ref 534557,Shopping,myntra fashion order
Rapido bike ride - INR 34955 - Ref 398418,Travel,rapido bike ride
Restaurant dine-in bill - INR 35439 - Ref 311591,Food,restaurant dine in bill
Mobile EMI payment - INR 44420 - Ref 711741,EMI,mobile emi payment
Mobile EMI payment - INR 39647 - Ref 414187,EMI,mobile emi payment
Stock market investment - INR 16349 - Ref 969320,Investment,stock market investment
Appliance EMI - INR 3359 - Ref 929473,EMI,appliance emi
Appliance EMI - INR 15137 - Ref 579993,EMI,appliance emi
Zomato food delivery - INR 1007 - Ref 231676,Food,zomato food delivery
Fixed deposit investment - INR 26686 - Ref 721134,Investment,fixed deposit investment
Retail store shopping - INR 12637 - Ref 258091,Shopping,retail store shopping
Zomato food delivery - INR 27544 - Ref 966560,Food,zomato food delivery
Paid for parking fee payment,Transport,paid for parking fee payment
Metro card recharge - INR 31378 - Ref 921877,Travel,metro card recharge
Payment for personal miscellaneous spending,Others,payment for personal miscellaneous spending
Zomato food delivery - INR 13872 - Ref 634910,Food,zomato food delivery
Stock market investment - INR 15388 - Ref 810169,Investment,stock market investment
Dominos pizza order - INR 3245 - Ref 889115,Food,dominos pizza order
Expense for ott platform subscription,Entertainment,expense for ott platform subscription
Share trading debit - INR 6249 - Ref 707644,Investment,share trading debit
Share trading debit - INR 4724 - Ref 884429,Investment,share trading debit
Zomato food delivery - INR 13984 - Ref 817475,Food,zomato food delivery
Grocery food items - INR 23987 - Ref 494956,Food,grocery food items
MakeMyTrip travel booking - INR 7698 - Ref 559135,Travel,makemytrip travel booking
Hotel dinner bill - INR 45630 - Ref 529051,Food,hotel dinner bill
Ajio clothing purchase - INR 358 - Ref 328664,Shopping,ajio clothing purchase
Mobile EMI payment - INR 29598 - Ref 884912,EMI,mobile emi payment
Amazon online shopping - INR 25575 - Ref 749141,Shopping,amazon online shopping
MakeMyTrip travel booking - INR 29052 - Ref 823019,Travel,makemytrip travel booking
Share trading debit - INR 21696 - Ref 472841,Investment,share trading debit
Mobile EMI payment - INR 15253 - Ref 578685,EMI,mobile emi payment
Cafe coffee purchase - INR 44891 - Ref 706360,Food,cafe coffee purchase
Grocery food items - INR 46905 - Ref 509514,Food,grocery food items
Uber ride payment - INR 46905 - Ref 830344,Travel,uber ride payment
Retail store shopping - INR 40642 - Ref 879255,Shopping,retail store shopping
Car loan EMI - INR 27384 - Ref 442247,EMI,car loan emi
Dominos pizza order - INR 4938 - Ref 487180,Food,dominos pizza order
NPS contribution - INR 33526 - Ref 876991,Investment,nps contribution
Amazon online shopping - INR 18877 - Ref 752147,Shopping,amazon online shopping
Exam fee payment,Education,exam fee payment
Mobile EMI payment - INR 31480 - Ref 429340,EMI,mobile emi payment
Bakery purchase - INR 17336 - Ref 221606,Food,bakery purchase
Stock market investment - INR 10805 - Ref 420279,Investment,stock market investment
Fixed deposit investment - INR 40989 - Ref 456074,Investment,fixed deposit investment
Mall shopping payment - INR 27678 - Ref 953972,Shopping,mall shopping payment
Ola cab booking - INR 18887 - Ref 855711,Travel,ola cab booking
Car loan EMI - INR 12935 - Ref 442521,EMI,car loan emi
Expense for youtube premium payment,Entertainment,expense for youtube premium payment
Restaurant dine-in bill - INR 35642 - Ref 915282,Food,restaurant dine in bill
Cafe coffee purchase - INR 1730 - Ref 453877,Food,cafe coffee purchase
Hotel dinner bill - INR 37238 - Ref 355648,Food,hotel dinner bill
Electronics purchase - INR 49201 - Ref 236798,Shopping,electronics purchase
Grocery food items - INR 8034 - Ref 725348,Food,grocery food items
Ajio clothing purchase - INR 25627 - Ref 268874,Shopping,ajio clothing purchase
NPS contribution - INR 39960 - Ref 750905,Investment,nps contribution
NPS contribution - INR 31732 - Ref 215865,Investment,nps contribution
Swiggy order payment - INR 4377 - Ref 685287,Food,swiggy order payment
Car loan EMI - INR 9610 - Ref 725205,EMI,car loan emi
Stock market investment - INR 34477 - Ref 587632,Investment,stock market investment
Education loan EMI - INR 27906 - Ref 763397,EMI,education loan emi
Personal loan EMI - INR 46650 - Ref 228263,EMI,personal loan emi
Mutual fund SIP - INR 24801 - Ref 326386,Investment,mutual fund sip
College books purchase,Education,college books purchase
Laptop EMI payment - INR 48337 - Ref 518971,EMI,laptop emi payment
Demat account transfer - INR 30791 - Ref 482033,Investment,demat account transfer
Gold bond investment - INR 11186 - Ref 843793,Investment,gold bond investment
Restaurant dine-in bill - INR 18540 - Ref 753122,Food,restaurant dine in bill
Appliance EMI - INR 12439 - Ref 622209,EMI,appliance emi
Demat account transfer - INR 40802 - Ref 907405,Investment,demat account transfer
Uber ride payment - INR 15490 - Ref 597284,Travel,uber ride payment
Fixed deposit investment - INR 17081 - Ref 790260,Investment,fixed deposit investment
MakeMyTrip travel booking - INR 41179 - Ref 974070,Travel,makemytrip travel booking
Appliance EMI - INR 26225 - Ref 258908,EMI,appliance emi
Mobile EMI payment - INR 28983 - Ref 546166,EMI,mobile emi payment
Hotel stay booking - INR 49278 - Ref 705523,Travel,hotel stay booking
Credit card EMI - INR 25979 - Ref 577743,EMI,credit card emi
Bike loan EMI - INR 10572 - Ref 117283,EMI,bike loan emi
Supermarket shopping - INR 45431 - Ref 426818,Shopping,supermarket shopping
Personal loan EMI - INR 7719 - Ref 886039,EMI,personal loan emi
Laptop EMI payment - INR 8641 - Ref 466546,EMI,laptop emi payment
Lifestyle store purchase - INR 7692 - Ref 304557,Shopping,lifestyle store purchase
Cafe coffee purchase - INR 14951 - Ref 728268,Food,cafe coffee purchase
ETF purchase - INR 16481 - Ref 786261,Investment,etf purchase
Expense for electricity monthly bill,Utilities,expense for electricity monthly bill
Hotel stay booking - INR 42685 - Ref 845812,Travel,hotel stay booking
Mall shopping payment - INR 49917 - Ref 443090,Shopping,mall shopping payment
Monthly laboratory test charges,Healthcare,monthly laboratory test charges
Restaurant dine-in bill - INR 27609 - Ref 295863,Food,restaurant dine in bill
Hotel stay booking - INR 6168 - Ref 540074,Travel,hotel stay booking
Mall shopping payment - INR 41027 - Ref 127755,Shopping,mall shopping payment
Amazon online shopping - INR 16150 - Ref 942292,Shopping,amazon online shopping
Bike loan EMI - INR 20767 - Ref 592698,EMI,bike loan emi
Electronics purchase - INR 23086 - Ref 588638,Shopping,electronics purchase
NPS contribution - INR 23535 - Ref 898398,Investment,nps contribution
Restaurant dine-in bill - INR 3821 - Ref 804138,Food,restaurant dine in bill
Bike loan EMI - INR 15070 - Ref 228977,EMI,bike loan emi
Mobile EMI payment - INR 5643 - Ref 740025,EMI,mobile emi payment
Amazon online shopping - INR 42391 - Ref 543344,Shopping,amazon online shopping
Uber ride payment - INR 29047 - Ref 839826,Travel,uber ride payment
Restaurant dine-in bill - INR 43705 - Ref 689510,Food,restaurant dine in bill
IRCTC train ticket - INR 10905 - Ref 976865,Travel,irctc train ticket
Payment for spotify premium subscription,Entertainment,payment for spotify premium subscription
Ola cab booking - INR 38907 - Ref 294876,Travel,ola cab booking
Mutual fund SIP - INR 31284 - Ref 863310,Investment,mutual fund sip
Bakery purchase - INR 27809 - Ref 996570,Food,bakery purchase
Retail store shopping - INR 27431 - Ref 345301,Shopping,retail store shopping
Uber ride payment - INR 45970 - Ref 950712,Travel,uber ride payment
Restaurant dine-in bill - INR 31348 - Ref 696246,Food,restaurant dine in bill
Retirement fund investment - INR 25881 - Ref 881505,Investment,retirement fund investment
Consumer durable EMI - INR 43060 - Ref 505591,EMI,consumer durable emi
Amazon online shopping - INR 12886 - Ref 299207,Shopping,amazon online shopping
Hotel stay booking - INR 23309 - Ref 723795,Travel,hotel stay booking
Consumer durable EMI - INR 10814 - Ref 811555,EMI,consumer durable emi
KFC online order - INR 23833 - Ref 739014,Food,kfc online order
Bakery purchase - INR 40170 - Ref 473647,Food,bakery purchase
Supermarket shopping - INR 41461 - Ref 605915,Shopping,supermarket shopping
Mobile EMI payment - INR 41787 - Ref 945763,EMI,mobile emi payment
Appliance EMI - INR 47496 - Ref 500068,EMI,appliance emi
Ajio clothing purchase - INR 19018 - Ref 273988,Shopping,ajio clothing purchase
Fixed deposit investment - INR 41330 - Ref 622030,Investment,fixed deposit investment
PPF contribution - INR 8079 - Ref 606846,Investment,ppf contribution
Airport taxi fare - INR 19111 - Ref 524939,Travel,airport taxi fare
Rapido bike ride - INR 179 - Ref 492647,Travel,rapido bike ride
Grocery food items - INR 21394 - Ref 680343,Food,grocery food items
Laptop EMI payment - INR 31772 - Ref 558385,EMI,laptop emi payment
Car loan EMI - INR 29078 - Ref 971855,EMI,car loan emi
Consumer durable EMI - INR 44257 - Ref 238351,EMI,consumer durable emi
Hotel stay booking - INR 26950 - Ref 117573,Travel,hotel stay booking
KFC online order - INR 6154 - Ref 907674,Food,kfc online order
Bakery purchase - INR 28160 - Ref 440535,Food,bakery purchase
Education loan EMI - INR 35163 - Ref 182164,EMI,education loan emi
Appliance EMI - INR 43605 - Ref 604095,EMI,appliance emi
Electronics purchase - INR 8073 - Ref 993299,Shopping,electronics purchase
Uber ride payment - INR 2942 - Ref 942580,Travel,uber ride payment
Ola cab booking - INR 40662 - Ref 203962,Travel,ola cab booking
Personal loan EMI - INR 21016 - Ref 863890,EMI,personal loan emi
Retirement fund investment - INR 24777 - Ref 864784,Investment,retirement fund investment
Hospital consultation fee,Healthcare,hospital consultation fee
Dominos pizza order - INR 43383 - Ref 326930,Food,dominos pizza order
Retail store shopping - INR 38453 - Ref 318265,Shopping,retail store shopping
Dominos pizza order - INR 43493 - Ref 546574,Food,dominos pizza order
Hotel dinner bill - INR 29407 - Ref 924663,Food,hotel dinner bill
Ola cab booking - INR 18066 - Ref 658578,Travel,ola cab booking
Supermarket shopping - INR 20506 - Ref 906725,Shopping,supermarket shopping
Appliance EMI - INR 22496 - Ref 995710,EMI,appliance emi
McDonald's meal payment - INR 27987 - Ref 414331,Food,mcdonald s meal payment
Consumer durable EMI - INR 45333 - Ref 904264,EMI,consumer durable emi
Hotel dinner bill - INR 16038 - Ref 771203,Food,hotel dinner bill
Prescription medicine purchase,Healthcare,prescription medicine purchase
Retirement fund investment - INR 23325 - Ref 663232,Investment,retirement fund investment
Credit card EMI - INR 37498 - Ref 942825,EMI,credit card emi
Swiggy order payment - INR 15640 - Ref 540839,Food,swiggy order payment
Cafe coffee purchase - INR 36955 - Ref 948445,Food,cafe coffee purchase
Share trading debit - INR 25081 - Ref 107903,Investment,share trading debit
KFC online order - INR 25271 - Ref 633699,Food,kfc online order
Appliance EMI - INR 49269 - Ref 514749,EMI,appliance emi
Expense for gaming subscription,Entertainment,expense for gaming subscription
Hotel dinner bill - INR 28316 - Ref 811684,Food,hotel dinner bill
Bakery purchase - INR 4451 - Ref 402373,Food,bakery purchase
Cafe coffee purchase - INR 30273 - Ref 814773,Food,cafe coffee purchase
Mutual fund SIP - INR 26753 - Ref 252305,Investment,mutual fund sip
Amazon online shopping - INR 41326 - Ref 373150,Shopping,amazon online shopping
KFC online order - INR 42508 - Ref 650088,Food,kfc online order
Airport taxi fare - INR 39860 - Ref 198299,Travel,airport taxi fare
Lifestyle store purchase - INR 16150 - Ref 261390,Shopping,lifestyle store purchase
Metro card recharge - INR 19632 - Ref 983366,Travel,metro card recharge
Bus ticket purchase - INR 37148 - Ref 766941,Travel,bus ticket purchase
NPS contribution - INR 27246 - Ref 490781,Investment,nps contribution
Lifestyle store purchase - INR 8773 - Ref 750954,Shopping,lifestyle store purchase
Myntra fashion order - INR 23666 - Ref 687691,Shopping,myntra fashion order
KFC online order - INR 16740 - Ref 423420,Food,kfc online order
Education loan EMI - INR 9214 - Ref 339651,EMI,education loan emi
Appliance EMI - INR 23936 - Ref 362263,EMI,appliance emi
Hotel stay booking - INR 9135 - Ref 859374,Travel,hotel stay booking
Grocery food items - INR 27180 - Ref 641110,Food,grocery food items
Car loan EMI - INR 6899 - Ref 957612,EMI,car loan emi
Personal loan EMI - INR 26560 - Ref 965239,EMI,personal loan emi
Flight ticket booking - INR 26380 - Ref 549216,Travel,flight ticket booking
Dominos pizza order - INR 39277 - Ref 985667,Food,dominos pizza order
PPF contribution - INR 7098 - Ref 326861,Investment,ppf contribution
Swiggy order payment - INR 28078 - Ref 664067,Food,swiggy order payment
Bus ticket purchase - INR 16506 - Ref 772181,Travel,bus ticket purchase
Car loan EMI - INR 36115 - Ref 275269,EMI,car loan emi
Electronics purchase - INR 20234 - Ref 224716,Shopping,electronics purchase
Airport taxi fare - INR 9901 - Ref 994395,Travel,airport taxi fare
Cafe coffee purchase - INR 43045 - Ref 619236,Food,cafe coffee purchase
NPS contribution - INR 34254 - Ref 327653,Investment,nps contribution
Consumer durable EMI - INR 23689 - Ref 556453,EMI,consumer durable emi
Airport taxi fare - INR 2907 - Ref 886143,Travel,airport taxi fare
Retail store shopping - INR 31128 - Ref 451033,Shopping,retail store shopping
Airport taxi fare - INR 3731 - Ref 224205,Travel,airport taxi fare
Home loan EMI - INR 49827 - Ref 379794,EMI,home loan emi
Consumer durable EMI - INR 41537 - Ref 148223,EMI,consumer durable emi
Gaming subscription,Entertainment,gaming subscription
Paid for college books purchase,Education,paid for college books purchase
Mall shopping payment - INR 654 - Ref 211076,Shopping,mall shopping payment
Share trading debit - INR 40882 - Ref 543662,Investment,share trading debit
IRCTC train ticket - INR 528 - Ref 856109,Travel,irctc train ticket
Electronics purchase - INR 26360 - Ref 924496,Shopping,electronics purchase
Mutual fund SIP - INR 39568 - Ref 601096,Investment,mutual fund sip
Laptop EMI payment - INR 28219 - Ref 584821,EMI,laptop emi payment
Paid for medical expenses,Healthcare,paid for medical expenses
Flipkart purchase - INR 49637 - Ref 146411,Shopping,flipkart purchase
Myntra fashion order - INR 39475 - Ref 857544,Shopping,myntra fashion order
PPF contribution - INR 32197 - Ref 818375,Investment,ppf contribution
Supermarket shopping - INR 18583 - Ref 585378,Shopping,supermarket shopping
Gold bond investment - INR 34651 - Ref 688180,Investment,gold bond investment
Hotel stay booking - INR 25143 - Ref 792435,Travel,hotel stay booking
Bike loan EMI - INR 38090 - Ref 254948,EMI,bike loan emi
Personal loan EMI - INR 25938 - Ref 822729,EMI,personal loan emi
Supermarket shopping - INR 34081 - Ref 716064,Shopping,supermarket shopping
Lifestyle store purchase - INR 45976 - Ref 650423,Shopping,lifestyle store purchase
Lifestyle store purchase - INR 26099 - Ref 390963,Shopping,lifestyle store purchase
Electronics purchase - INR 39245 - Ref 372459,Shopping,electronics purchase
Appliance EMI - INR 23399 - Ref 272600,EMI,appliance emi
Appliance EMI - INR 46283 - Ref 262626,EMI,appliance emi
Demat account transfer - INR 27664 - Ref 523717,Investment,demat account transfer
KFC online order - INR 11742 - Ref 199518,Food,kfc online order
Amazon online shopping - INR 46820 - Ref 812385,Shopping,amazon online shopping
Mutual fund SIP - INR 49244 - Ref 585082,Investment,mutual fund sip
Bus ticket purchase - INR 35392 - Ref 872639,Travel,bus ticket purchase
Dominos pizza order - INR 38946 - Ref 389623,Food,dominos pizza order
Airport taxi fare - INR 22391 - Ref 957544,Travel,airport taxi fare
Appliance EMI - INR 17663 - Ref 427685,EMI,appliance emi
Amazon online shopping - INR 13019 - Ref 492699,Shopping,amazon online shopping
Gold bond investment - INR 5951 - Ref 227903,Investment,gold bond investment
Expense for education course fees,Education,expense for education course fees
PPF contribution - INR 35167 - Ref 489279,Investment,ppf contribution
Consumer durable EMI - INR 16251 - Ref 857294,EMI,consumer durable emi
McDonald's meal payment - INR 38453 - Ref 617038,Food,mcdonald s meal payment
IRCTC train ticket - INR 11450 - Ref 769524,Travel,irctc train ticket
Mobile EMI payment - INR 45345 - Ref 131175,EMI,mobile emi payment
Metro card recharge - INR 37729 - Ref 404399,Travel,metro card recharge
Hotel stay booking - INR 37428 - Ref 591596,Travel,hotel stay booking
McDonald's meal payment - INR 42885 - Ref 339892,Food,mcdonald s meal payment
Credit card EMI - INR 33218 - Ref 503766,EMI,credit card emi
Credit card EMI - INR 36565 - Ref 459714,EMI,credit card emi
Hotel stay booking - INR 30872 - Ref 842747,Travel,hotel stay booking
Bus ticket purchase - INR 40194 - Ref 608623,Travel,bus ticket purchase
IRCTC train ticket - INR 5072 - Ref 109857,Travel,irctc train ticket
Mobile EMI payment - INR 25491 - Ref 278338,EMI,mobile emi payment
Home loan EMI - INR 1250 - Ref 808327,EMI,home loan emi
Electronics purchase - INR 18203 - Ref 586874,Shopping,electronics purchase
eBay online order - INR 39070 - Ref 583433,Shopping,ebay online order
Bakery purchase - INR 43070 - Ref 828648,Food,bakery purchase
Mall shopping payment - INR 5010 - Ref 321469,Shopping,mall shopping payment
Bike loan EMI - INR 41870 - Ref 919314,EMI,bike loan emi
Electronics purchase - INR 1804 - Ref 520377,Shopping,electronics purchase
Cafe coffee purchase - INR 7593 - Ref 684152,Food,cafe coffee purchase
Expense for exam fee payment,Education,expense for exam fee payment
Bike loan EMI - INR 3446 - Ref 551399,EMI,bike loan emi
Gold bond investment - INR 31288 - Ref 447448,Investment,gold bond investment
Swiggy order payment - INR 42451 - Ref 439001,Food,swiggy order payment
Retirement fund investment - INR 10069 - Ref 300276,Investment,retirement fund investment
Gold bond investment - INR 18204 - Ref 852554,Investment,gold bond investment
Demat account transfer - INR 7537 - Ref 837919,Investment,demat account transfer
Rapido bike ride - INR 27366 - Ref 678806,Travel,rapido bike ride
Ola cab booking - INR 9112 - Ref 325340,Travel,ola cab booking
Gold bond investment - INR 18406 - Ref 295685,Investment,gold bond investment
Retail store shopping - INR 43896 - Ref 408605,Shopping,retail store shopping
Credit card EMI - INR 36745 - Ref 445254,EMI,credit card emi
Bakery purchase - INR 30696 - Ref 290712,Food,bakery purchase
Payment for tuition class payment,Education,payment for tuition class payment
Hotel stay booking - INR 49721 - Ref 982793,Travel,hotel stay booking
Mutual fund SIP - INR 46567 - Ref 224994,Investment,mutual fund sip
McDonald's meal payment - INR 26325 - Ref 840006,Food,mcdonald s meal payment
Ajio clothing purchase - INR 3281 - Ref 855706,Shopping,ajio clothing purchase
Rapido bike ride - INR 41359 - Ref 109816,Travel,rapido bike ride
Swiggy order payment - INR 2363 - Ref 225472,Food,swiggy order payment
Consumer durable EMI - INR 41175 - Ref 395849,EMI,consumer durable emi
Restaurant dine-in bill - INR 22188 - Ref 393404,Food,restaurant dine in bill
Electronics purchase - INR 20466 - Ref 740640,Shopping,electronics purchase
Flight ticket booking - INR 11955 - Ref 436872,Travel,flight ticket booking
Expense for bookmyshow movie ticket,Entertainment,expense for bookmyshow movie ticket
Metro card recharge - INR 41834 - Ref 410868,Travel,metro card recharge
Cafe coffee purchase - INR 34004 - Ref 972610,Food,cafe coffee purchase
Mutual fund SIP - INR 48480 - Ref 228342,Investment,mutual fund sip
Fixed deposit investment - INR 29038 - Ref 923531,Investment,fixed deposit investment
Uber ride payment - INR 12835 - Ref 481488,Travel,uber ride payment
Demat account transfer - INR 37694 - Ref 758241,Investment,demat account transfer
Appliance EMI - INR 30677 - Ref 701510,EMI,appliance emi
Expense for mobile phone bill,Utilities,expense for mobile phone bill
Myntra fashion order - INR 14701 - Ref 581117,Shopping,myntra fashion order
Paid for mobile recharge payment,Utilities,paid for mobile recharge payment
Retail store shopping - INR 47655 - Ref 394361,Shopping,retail store shopping
Ola cab booking - INR 38412 - Ref 374136,Travel,ola cab booking
Hotel dinner bill - INR 18664 - Ref 695734,Food,hotel dinner bill
Cafe coffee purchase - INR 18188 - Ref 593099,Food,cafe coffee purchase
Hotel dinner bill - INR 38876 - Ref 105521,Food,hotel dinner bill
Amazon online shopping - INR 46856 - Ref 813110,Shopping,amazon online shopping
Amazon online shopping - INR 2386 - Ref 942839,Shopping,amazon online shopping
Lifestyle store purchase - INR 34641 - Ref 130988,Shopping,lifestyle store purchase
Flipkart purchase - INR 18474 - Ref 777920,Shopping,flipkart purchase
Car loan EMI - INR 6286 - Ref 965227,EMI,car loan emi
Mobile EMI payment - INR 7272 - Ref 478250,EMI,mobile emi payment
Payment for blood test charges,Healthcare,payment for blood test charges
ETF purchase - INR 41579 - Ref 366275,Investment,etf purchase
Bike loan EMI - INR 45104 - Ref 707756,EMI,bike loan emi
Amazon online shopping - INR 36386 - Ref 174501,Shopping,amazon online shopping
Swiggy order payment - INR 38366 - Ref 105602,Food,swiggy order payment
ETF purchase - INR 4532 - Ref 873617,Investment,etf purchase
Mutual fund SIP - INR 11624 - Ref 116291,Investment,mutual fund sip
Online streaming subscription,Entertainment,online streaming subscription
Fixed deposit investment - INR 9373 - Ref 702207,Investment,fixed deposit investment
Mall shopping payment - INR 32571 - Ref 726726,Shopping,mall shopping payment
Fixed deposit investment - INR 47054 - Ref 439899,Investment,fixed deposit investment
Ola cab booking - INR 18726 - Ref 398635,Travel,ola cab booking
Swiggy order payment - INR 20027 - Ref 386839,Food,swiggy order payment
Stock market investment - INR 46071 - Ref 929592,Investment,stock market investment
Myntra fashion order - INR 36929 - Ref 486613,Shopping,myntra fashion order
Mall shopping payment - INR 32401 - Ref 867994,Shopping,mall shopping payment
Consumer durable EMI - INR 43931 - Ref 716716,EMI,consumer durable emi
Gold bond investment - INR 7369 - Ref 603587,Investment,gold bond investment
Payment for university admission fees,Education,payment for university admission fees
KFC online order - INR 3904 - Ref 105972,Food,kfc online order
Flipkart purchase - INR 30680 - Ref 718629,Shopping,flipkart purchase
Myntra fashion order - INR 48083 - Ref 646523,Shopping,myntra fashion order
Stock market investment - INR 35481 - Ref 482923,Investment,stock market investment
Bakery purchase - INR 42863 - Ref 474273,Food,bakery purchase
IRCTC train ticket - INR 22978 - Ref 755378,Travel,irctc train ticket
ETF purchase - INR 43464 - Ref 762428,Investment,etf purchase
Payment for online course payment,Education,payment for online course payment
Retail store shopping - INR 31666 - Ref 455166,Shopping,retail store shopping
MakeMyTrip travel booking - INR 38774 - Ref 757783,Travel,makemytrip travel booking
Grocery food items - INR 37384 - Ref 763014,Food,grocery food items
Metro card recharge - INR 22120 - Ref 347848,Travel,metro card recharge
Flipkart purchase - INR 32238 - Ref 840275,Shopping,flipkart purchase
Dominos pizza order - INR 15951 - Ref 945967,Food,dominos pizza order
Ajio clothing purchase - INR 41709 - Ref 674651,Shopping,ajio clothing purchase
Home loan EMI - INR 34859 - Ref 540264,EMI,home loan emi
Paid for clinic consultation,Healthcare,paid for clinic consultation
PPF contribution - INR 35452 - Ref 820625,Investment,ppf contribution
Restaurant dine-in bill - INR 42114 - Ref 564734,Food,restaurant dine in bill
Mutual fund SIP - INR 48751 - Ref 951124,Investment,mutual fund sip
Mutual fund SIP - INR 42740 - Ref 119554,Investment,mutual fund sip
Grocery food items - INR 3709 - Ref 155637,Food,grocery food items
Credit card EMI - INR 46749 - Ref 820419,EMI,credit card emi
IRCTC train ticket - INR 9133 - Ref 937375,Travel,irctc train ticket
Hotel stay booking - INR 2298 - Ref 626347,Travel,hotel stay booking
ETF purchase - INR 20612 - Ref 182897,Investment,etf purchase
Hotel dinner bill - INR 21891 - Ref 223689,Food,hotel dinner bill
KFC online order - INR 46641 - Ref 332512,Food,kfc online order
Metro card recharge - INR 11211 - Ref 809184,Travel,metro card recharge
Payment for clinic consultation,Healthcare,payment for clinic consultation
Grocery food items - INR 35121 - Ref 416617,Food,grocery food items
Bike loan EMI - INR 9144 - Ref 221713,EMI,bike loan emi
NPS contribution - INR 43651 - Ref 772743,Investment,nps contribution
IRCTC train ticket - INR 706 - Ref 488427,Travel,irctc train ticket
Payment for general household expense,Others,payment for general household expense
Expense for college books purchase,Education,expense for college books purchase
Gold bond investment - INR 37646 - Ref 211762,Investment,gold bond investment
Mobile EMI payment - INR 27570 - Ref 785199,EMI,mobile emi payment
Credit card EMI - INR 8415 - Ref 393634,EMI,credit card emi
Swiggy order payment - INR 23019 - Ref 190501,Food,swiggy order payment
Paid for ola cab payment,Transport,paid for ola cab payment
PPF contribution - INR 30679 - Ref 570187,Investment,ppf contribution
Hotel dinner bill - INR 43111 - Ref 810895,Food,hotel dinner bill
Share trading debit - INR 41099 - Ref 709588,Investment,share trading debit
Monthly medical examination fee,Healthcare,monthly medical examination fee
Swiggy order payment - INR 18721 - Ref 993917,Food,swiggy order payment
Monthly university tuition fees,Education,monthly university tuition fees
Home loan EMI - INR 45860 - Ref 107903,EMI,home loan emi
Expense for cinema ticket purchase,Entertainment,expense for cinema ticket purchase
Car loan EMI - INR 20974 - Ref 973833,EMI,car loan emi
Car loan EMI - INR 12046 - Ref 691212,EMI,car loan emi
Hotel dinner bill - INR 30680 - Ref 973219,Food,hotel dinner bill
MakeMyTrip travel booking - INR 29077 - Ref 580902,Travel,makemytrip travel booking
Grocery food items - INR 16540 - Ref 102909,Food,grocery food items
Restaurant dine-in bill - INR 899 - Ref 355222,Food,restaurant dine in bill
Home loan EMI - INR 44704 - Ref 946918,EMI,home loan emi
Monthly electricity recharge,Utilities,monthly electricity recharge
Bakery purchase - INR 32218 - Ref 628864,Food,bakery purchase
Personal loan EMI - INR 587 - Ref 796461,EMI,personal loan emi
Monthly healthcare expense,Healthcare,monthly healthcare expense
Amazon online shopping - INR 219 - Ref 879809,Shopping,amazon online shopping
Monthly medical test payment,Healthcare,monthly medical test payment
Uber ride payment - INR 10607 - Ref 797851,Travel,uber ride payment
Ola cab booking - INR 26382 - Ref 910577,Travel,ola cab booking
Bakery purchase - INR 11553 - Ref 662395,Food,bakery purchase
ETF purchase - INR 30319 - Ref 547912,Investment,etf purchase
Education loan EMI - INR 7779 - Ref 492019,EMI,education loan emi
Bus ticket purchase - INR 21011 - Ref 861174,Travel,bus ticket purchase
Hotel dinner bill - INR 1455 - Ref 840294,Food,hotel dinner bill
Lifestyle store purchase - INR 26115 - Ref 871793,Shopping,lifestyle store purchase
Appliance EMI - INR 2103 - Ref 755069,EMI,appliance emi
Uber ride payment - INR 8021 - Ref 122858,Travel,uber ride payment
Amazon online shopping - INR 27280 - Ref 164971,Shopping,amazon online shopping
Bakery purchase - INR 41510 - Ref 361675,Food,bakery purchase
Ola cab booking - INR 7730 - Ref 575406,Travel,ola cab booking
NPS contribution - INR 4438 - Ref 377318,Investment,nps contribution
Myntra fashion order - INR 26471 - Ref 654044,Shopping,myntra fashion order
Hotel stay booking - INR 20903 - Ref 974818,Travel,hotel stay booking
Ajio clothing purchase - INR 26256 - Ref 308168,Shopping,ajio clothing purchase
Airport taxi fare - INR 40329 - Ref 911408,Travel,airport taxi fare
McDonald's meal payment - INR 28133 - Ref 944348,Food,mcdonald s meal payment
Demat account transfer - INR 25328 - Ref 477631,Investment,demat account transfer
PPF contribution - INR 35503 - Ref 102783,Investment,ppf contribution
Share trading debit - INR 6355 - Ref 711941,Investment,share trading debit
Car loan EMI - INR 8464 - Ref 388357,EMI,car loan emi
Share trading debit - INR 43479 - Ref 721433,Investment,share trading debit
Mall shopping payment - INR 28130 - Ref 298368,Shopping,mall shopping payment
MakeMyTrip travel booking - INR 11252 - Ref 395749,Travel,makemytrip travel booking
eBay online order - INR 8905 - Ref 250228,Shopping,ebay online order
Ola cab booking - INR 3507 - Ref 109578,Travel,ola cab booking
Gold bond investment - INR 25916 - Ref 200939,Investment,gold bond investment
NPS contribution - INR 8859 - Ref 896241,Investment,nps contribution
Bakery purchase - INR 25298 - Ref 894313,Food,bakery purchase
Restaurant dine-in bill - INR 40056 - Ref 611825,Food,restaurant dine in bill
Amazon online shopping - INR 33366 - Ref 258479,Shopping,amazon online shopping
Credit card EMI - INR 12679 - Ref 814003,EMI,credit card emi
Cafe coffee purchase - INR 19974 - Ref 109518,Food,cafe coffee purchase
Supermarket shopping - INR 44511 - Ref 239661,Shopping,supermarket shopping
Appliance EMI - INR 12792 - Ref 395466,EMI,appliance emi
Hotel stay booking - INR 3977 - Ref 310971,Travel,hotel stay booking
Paid for music concert payment,Entertainment,paid for music concert payment
Mutual fund SIP - INR 40423 - Ref 762195,Investment,mutual fund sip
Share trading debit - INR 16800 - Ref 237286,Investment,share trading debit
ETF purchase - INR 3614 - Ref 157997,Investment,etf purchase
Lifestyle store purchase - INR 14453 - Ref 906358,Shopping,lifestyle store purchase
Metro card recharge - INR 21427 - Ref 401369,Travel,metro card recharge
Gold bond investment - INR 8747 - Ref 410632,Investment,gold bond investment
Lifestyle store purchase - INR 35638 - Ref 188976,Shopping,lifestyle store purchase
ETF purchase - INR 34581 - Ref 613870,Investment,etf purchase
Hotel stay booking - INR 41893 - Ref 215429,Travel,hotel stay booking
Laptop EMI payment - INR 48582 - Ref 472454,EMI,laptop emi payment
Fixed deposit investment - INR 3282 - Ref 412033,Investment,fixed deposit investment
Rapido bike ride - INR 12133 - Ref 112168,Travel,rapido bike ride
NPS contribution - INR 7835 - Ref 956733,Investment,nps contribution
Gold bond investment - INR 37470 - Ref 259792,Investment,gold bond investment
Flipkart purchase - INR 39515 - Ref 269133,Shopping,flipkart purchase
Grocery food items - INR 9102 - Ref 937941,Food,grocery food items
Flipkart purchase - INR 10356 - Ref 423281,Shopping,flipkart purchase
Payment for pharmacy medicine purchase,Healthcare,payment for pharmacy medicine purchase
Airport taxi fare - INR 34636 - Ref 550102,Travel,airport taxi fare
Flight ticket booking - INR 1865 - Ref 414428,Travel,flight ticket booking
Cafe coffee purchase - INR 24752 - Ref 920943,Food,cafe coffee purchase
Myntra fashion order - INR 49431 - Ref 717938,Shopping,myntra fashion order
Metro card recharge - INR 45437 - Ref 367135,Travel,metro card recharge
Personal loan EMI - INR 34171 - Ref 609724,EMI,personal loan emi
Bus ticket purchase - INR 29249 - Ref 712262,Travel,bus ticket purchase
Ola cab booking - INR 36010 - Ref 174754,Travel,ola cab booking
Consumer durable EMI - INR 33649 - Ref 775085,EMI,consumer durable emi
Monthly cab ride to office,Transport,monthly cab ride to office
Monthly unexpected personal expense,Others,monthly unexpected personal expense
BookMyShow movie ticket,Entertainment,bookmyshow movie ticket
Electronics purchase - INR 16603 - Ref 828333,Shopping,electronics purchase
Stock market investment - INR 4504 - Ref 628091,Investment,stock market investment
Consumer durable EMI - INR 37867 - Ref 361949,EMI,consumer durable emi
Zomato food delivery - INR 28413 - Ref 629015,Food,zomato food delivery
Appliance EMI - INR 31489 - Ref 110135,EMI,appliance emi
eBay online order - INR 46839 - Ref 231522,Shopping,ebay online order
Dominos pizza order - INR 11402 - Ref 210720,Food,dominos pizza order
Restaurant dine-in bill - INR 41637 - Ref 643700,Food,restaurant dine in bill
Home loan EMI - INR 20933 - Ref 265642,EMI,home loan emi
Mobile EMI payment - INR 36487 - Ref 265669,EMI,mobile emi payment
Paid for utility bill payment,Utilities,paid for utility bill payment
Supermarket shopping - INR 3125 - Ref 547608,Shopping,supermarket shopping
Fixed deposit investment - INR 20010 - Ref 469906,Investment,fixed deposit investment
Retail store shopping - INR 13024 - Ref 570712,Shopping,retail store shopping
Appliance EMI - INR 36913 - Ref 613501,EMI,appliance emi
Airport taxi fare - INR 11041 - Ref 693027,Travel,airport taxi fare
Flipkart purchase - INR 31479 - Ref 864963,Shopping,flipkart purchase
Uber ride payment - INR 18920 - Ref 727252,Travel,uber ride payment
IRCTC train ticket - INR 18947 - Ref 151247,Travel,irctc train ticket
Ola cab booking - INR 7732 - Ref 431251,Travel,ola cab booking
Personal loan EMI - INR 34116 - Ref 806861,EMI,personal loan emi
Paid for public transport fare,Transport,paid for public transport fare
Broadband monthly payment,Utilities,broadband monthly payment
Fixed deposit investment - INR 45878 - Ref 727877,Investment,fixed deposit investment
Metro card recharge - INR 44201 - Ref 380976,Travel,metro card recharge
MakeMyTrip travel booking - INR 9009 - Ref 988459,Travel,makemytrip travel booking
Myntra fashion order - INR 30748 - Ref 137223,Shopping,myntra fashion order
Bike loan EMI - INR 23666 - Ref 517247,EMI,bike loan emi
Credit card EMI - INR 44014 - Ref 354975,EMI,credit card emi
PPF contribution - INR 33794 - Ref 740344,Investment,ppf contribution
Mobile EMI payment - INR 38671 - Ref 422555,EMI,mobile emi payment
Retirement fund investment - INR 43685 - Ref 589014,Investment,retirement fund investment
Lifestyle store purchase - INR 31741 - Ref 941976,Shopping,lifestyle store purchase
Expense for dth recharge,Utilities,expense for dth recharge
Retail store shopping - INR 15842 - Ref 302158,Shopping,retail store shopping
Retail store shopping - INR 14897 - Ref 589351,Shopping,retail store shopping
Mutual fund SIP - INR 41301 - Ref 889716,Investment,mutual fund sip
Bus ticket purchase - INR 7765 - Ref 699179,Travel,bus ticket purchase
Flight ticket booking - INR 34754 - Ref 741510,Travel,flight ticket booking
ETF purchase - INR 49157 - Ref 966029,Investment,etf purchase
Cafe coffee purchase - INR 47609 - Ref 393697,Food,cafe coffee purchase
Rapido ride fare,Transport,rapido ride fare
Gold bond investment - INR 623 - Ref 818895,Investment,gold bond investment
Bus ticket purchase - INR 37554 - Ref 225541,Travel,bus ticket purchase
Grocery food items - INR 29065 - Ref 611796,Food,grocery food items
Mutual fund SIP - INR 23351 - Ref 132062,Investment,mutual fund sip
Credit card EMI - INR 9053 - Ref 700668,EMI,credit card emi
Electronics purchase - INR 45364 - Ref 275282,Shopping,electronics purchase
Laptop EMI payment - INR 43466 - Ref 262203,EMI,laptop emi payment
NPS contribution - INR 26794 - Ref 902722,Investment,nps contribution
Gold bond investment - INR 33379 - Ref 669490,Investment,gold bond investment
Supermarket shopping - INR 34226 - Ref 388542,Shopping,supermarket shopping
Electronics purchase - INR 20385 - Ref 916246,Shopping,electronics purchase
Electronics purchase - INR 30753 - Ref 805632,Shopping,electronics purchase
Demat account transfer - INR 49079 - Ref 780330,Investment,demat account transfer
Electronics purchase - INR 45792 - Ref 185923,Shopping,electronics purchase
Dominos pizza order - INR 39243 - Ref 482824,Food,dominos pizza order
Home loan EMI - INR 6261 - Ref 275015,EMI,home loan emi
Swiggy order payment - INR 47380 - Ref 954389,Food,swiggy order payment
Swiggy order payment - INR 32788 - Ref 480086,Food,swiggy order payment
Restaurant dine-in bill - INR 6185 - Ref 199706,Food,restaurant dine in bill
Mutual fund SIP - INR 29032 - Ref 971270,Investment,mutual fund sip
Demat account transfer - INR 14883 - Ref 612655,Investment,demat account transfer
McDonald's meal payment - INR 6188 - Ref 837533,Food,mcdonald s meal payment
KFC online order - INR 33390 - Ref 775452,Food,kfc online order
Payment for other transaction,Others,payment for other transaction
Hotel dinner bill - INR 10328 - Ref 476203,Food,hotel dinner bill
Swiggy order payment - INR 7854 - Ref 998391,Food,swiggy order payment
Myntra fashion order - INR 5699 - Ref 938287,Shopping,myntra fashion order
Bus ticket purchase - INR 19126 - Ref 594892,Travel,bus ticket purchase
Lifestyle store purchase - INR 23382 - Ref 963160,Shopping,lifestyle store purchase
IRCTC train ticket - INR 17494 - Ref 460509,Travel,irctc train ticket
Rapido bike ride - INR 7540 - Ref 414595,Travel,rapido bike ride
Demat account transfer - INR 37360 - Ref 786958,Investment,demat account transfer
Electronics purchase - INR 42839 - Ref 653111,Shopping,electronics purchase
Swiggy order payment - INR 49327 - Ref 236926,Food,swiggy order payment
Paid for coaching class fees,Education,paid for coaching class fees
Swiggy order payment - INR 30135 - Ref 961230,Food,swiggy order payment
Ajio clothing purchase - INR 42232 - Ref 707798,Shopping,ajio clothing purchase
Airport taxi fare - INR 34046 - Ref 544686,Travel,airport taxi fare
Bakery purchase - INR 182 - Ref 803279,Food,bakery purchase
Gold bond investment - INR 15009 - Ref 509787,Investment,gold bond investment
NPS contribution - INR 47288 - Ref 402392,Investment,nps contribution
Expense for petrol station payment,Transport,expense for petrol station payment
Education loan EMI - INR 24916 - Ref 726311,EMI,education loan emi
Ajio clothing purchase - INR 42098 - Ref 392132,Shopping,ajio clothing purchase
Supermarket shopping - INR 5084 - Ref 276157,Shopping,supermarket shopping
Electronics purchase - INR 48859 - Ref 506152,Shopping,electronics purchase
Retail store shopping - INR 35913 - Ref 290825,Shopping,retail store shopping
Mall shopping payment - INR 23924 - Ref 373751,Shopping,mall shopping payment
Personal loan EMI - INR 49772 - Ref 218288,EMI,personal loan emi
Bike loan EMI - INR 36353 - Ref 104341,EMI,bike loan emi
ETF purchase - INR 34330 - Ref 307721,Investment,etf purchase
Fixed deposit investment - INR 14779 - Ref 847460,Investment,fixed deposit investment
Rapido bike ride - INR 46327 - Ref 308457,Travel,rapido bike ride
Expense for gas bill payment,Utilities,expense for gas bill payment
Paid for toll plaza payment,Transport,paid for toll plaza payment
ETF purchase - INR 21646 - Ref 714766,Investment,etf purchase
Demat account transfer - INR 48028 - Ref 663681,Investment,demat account transfer
McDonald's meal payment - INR 49437 - Ref 395602,Food,mcdonald s meal payment
Bike loan EMI - INR 28389 - Ref 550402,EMI,bike loan emi
Amazon online shopping - INR 47423 - Ref 946180,Shopping,amazon online shopping
Payment for bike fuel expense,Transport,payment for bike fuel expense
Rapido bike ride - INR 14789 - Ref 476207,Travel,rapido bike ride
Swiggy order payment - INR 47207 - Ref 459528,Food,swiggy order payment
Hotel dinner bill - INR 14214 - Ref 336399,Food,hotel dinner bill
ETF purchase - INR 47917 - Ref 849417,Investment,etf purchase
Share trading debit - INR 21095 - Ref 365065,Investment,share trading debit
Stock market investment - INR 2935 - Ref 561874,Investment,stock market investment
Stock market investment - INR 49916 - Ref 904198,Investment,stock market investment
WiFi monthly bill,Utilities,wifi monthly bill
Flight ticket booking - INR 1732 - Ref 494734,Travel,flight ticket booking
Rapido bike ride - INR 49278 - Ref 254612,Travel,rapido bike ride
Flight ticket booking - INR 12404 - Ref 296097,Travel,flight ticket booking
Mutual fund SIP - INR 35675 - Ref 245153,Investment,mutual fund sip
MakeMyTrip travel booking - INR 11667 - Ref 644493,Travel,makemytrip travel booking
Consumer durable EMI - INR 23661 - Ref 833810,EMI,consumer durable emi
Laptop EMI payment - INR 5670 - Ref 402531,EMI,laptop emi payment
Paid for hospital treatment bill,Healthcare,paid for hospital treatment bill
Car loan EMI - INR 26428 - Ref 951213,EMI,car loan emi
Electronics purchase - INR 44476 - Ref 812169,Shopping,electronics purchase
Dominos pizza order - INR 15575 - Ref 251220,Food,dominos pizza order
Hotel dinner bill - INR 32605 - Ref 824229,Food,hotel dinner bill
Mobile EMI payment - INR 42217 - Ref 258741,EMI,mobile emi payment
Cafe coffee purchase - INR 32738 - Ref 252689,Food,cafe coffee purchase
NPS contribution - INR 14885 - Ref 181508,Investment,nps contribution
Credit card EMI - INR 11589 - Ref 824200,EMI,credit card emi
Credit card EMI - INR 40611 - Ref 224596,EMI,credit card emi
Dominos pizza order - INR 24371 - Ref 893907,Food,dominos pizza order
Laptop EMI payment - INR 13740 - Ref 801366,EMI,laptop emi payment
Ajio clothing purchase - INR 27540 - Ref 229660,Shopping,ajio clothing purchase
Bike loan EMI - INR 42439 - Ref 930245,EMI,bike loan emi
Car loan EMI - INR 16385 - Ref 245901,EMI,car loan emi
Payment for mobile recharge payment,Utilities,payment for mobile recharge payment
Share trading debit - INR 36112 - Ref 810783,Investment,share trading debit
Uber ride payment - INR 28726 - Ref 146019,Travel,uber ride payment
Mutual fund SIP - INR 12012 - Ref 896190,Investment,mutual fund sip
Lifestyle store purchase - INR 8845 - Ref 395810,Shopping,lifestyle store purchase
Amazon online shopping - INR 21594 - Ref 171829,Shopping,amazon online shopping
Appliance EMI - INR 16327 - Ref 769214,EMI,appliance emi
Uber ride payment - INR 36016 - Ref 600781,Travel,uber ride payment
Retail store shopping - INR 12230 - Ref 774086,Shopping,retail store shopping
Expense for phone recharge,Utilities,expense for phone recharge
Lifestyle store purchase - INR 45956 - Ref 884771,Shopping,lifestyle store purchase
Electronics purchase - INR 17227 - Ref 325318,Shopping,electronics purchase
Amazon Prime subscription,Entertainment,amazon prime subscription
Bakery purchase - INR 27077 - Ref 875561,Food,bakery purchase
Grocery food items - INR 19799 - Ref 927443,Food,grocery food items
Ajio clothing purchase - INR 31997 - Ref 949454,Shopping,ajio clothing purchase
Retail store shopping - INR 2008 - Ref 601084,Shopping,retail store shopping
Stock market investment - INR 45764 - Ref 890250,Investment,stock market investment
Swiggy order payment - INR 31775 - Ref 504545,Food,swiggy order payment
Stock market investment - INR 27850 - Ref 470914,Investment,stock market investment
Education loan EMI - INR 12101 - Ref 313102,EMI,education loan emi
Bus ticket purchase - INR 31387 - Ref 696923,Travel,bus ticket purchase
Stock market investment - INR 35371 - Ref 206592,Investment,stock market investment
Demat account transfer - INR 20078 - Ref 926971,Investment,demat account transfer
Mobile EMI payment - INR 16992 - Ref 968433,EMI,mobile emi payment
Rapido bike ride - INR 8846 - Ref 601386,Travel,rapido bike ride
Hotel stay booking - INR 39799 - Ref 888668,Travel,hotel stay booking
KFC online order - INR 2001 - Ref 776787,Food,kfc online order
Personal loan EMI - INR 31424 - Ref 597254,EMI,personal loan emi
MakeMyTrip travel booking - INR 43162 - Ref 121941,Travel,makemytrip travel booking
Rapido bike ride - INR 17252 - Ref 284549,Travel,rapido bike ride
Personal loan EMI - INR 40439 - Ref 388814,EMI,personal loan emi
Electronics purchase - INR 5382 - Ref 954368,Shopping,electronics purchase
ETF purchase - INR 32102 - Ref 102109,Investment,etf purchase
Airport taxi fare - INR 12906 - Ref 715949,Travel,airport taxi fare
Swiggy order payment - INR 39170 - Ref 936702,Food,swiggy order payment
Electronics purchase - INR 30515 - Ref 731295,Shopping,electronics purchase
Laptop EMI payment - INR 45401 - Ref 502963,EMI,laptop emi payment
Rapido bike ride - INR 40840 - Ref 714388,Travel,rapido bike ride
Mobile EMI payment - INR 9732 - Ref 401766,EMI,mobile emi payment
Stock market investment - INR 4952 - Ref 857950,Investment,stock market investment
Laptop EMI payment - INR 46675 - Ref 767777,EMI,laptop emi payment
Credit card EMI - INR 3597 - Ref 614480,EMI,credit card emi
Hotel dinner bill - INR 11706 - Ref 254450,Food,hotel dinner bill
Car loan EMI - INR 34324 - Ref 584942,EMI,car loan emi
Airport taxi fare - INR 15196 - Ref 667107,Travel,airport taxi fare
Metro card recharge - INR 49156 - Ref 755763,Travel,metro card recharge
Bakery purchase - INR 35376 - Ref 388394,Food,bakery purchase
KFC online order - INR 6897 - Ref 997315,Food,kfc online order
Bike loan EMI - INR 46847 - Ref 508518,EMI,bike loan emi
Gold bond investment - INR 49442 - Ref 638305,Investment,gold bond investment
Amazon online shopping - INR 33717 - Ref 865560,Shopping,amazon online shopping
ETF purchase - INR 6626 - Ref 594132,Investment,etf purchase
Share trading debit - INR 19853 - Ref 231332,Investment,share trading debit
MakeMyTrip travel booking - INR 41853 - Ref 373716,Travel,makemytrip travel booking
Paid for education training payment,Education,paid for education training payment
Bakery purchase - INR 20527 - Ref 542665,Food,bakery purchase
Lifestyle store purchase - INR 40296 - Ref 106931,Shopping,lifestyle store purchase
IRCTC train ticket - INR 36325 - Ref 663836,Travel,irctc train ticket
Expense for college admission fees,Education,expense for college admission fees
Demat account transfer - INR 26739 - Ref 978749,Investment,demat account transfer
Grocery food items - INR 44290 - Ref 488152,Food,grocery food items
Rapido bike ride - INR 38877 - Ref 287501,Travel,rapido bike ride
Bike loan EMI - INR 42972 - Ref 461640,EMI,bike loan emi
Paid for miscellaneous personal expense,Others,paid for miscellaneous personal expense
Laptop EMI payment - INR 23931 - Ref 749684,EMI,laptop emi payment
Personal loan EMI - INR 48856 - Ref 450024,EMI,personal loan emi
Mutual fund SIP - INR 2488 - Ref 308926,Investment,mutual fund sip
Ola cab booking - INR 15905 - Ref 920164,Travel,ola cab booking
Airport taxi fare - INR 38003 - Ref 477031,Travel,airport taxi fare
Laptop EMI payment - INR 23340 - Ref 961787,EMI,laptop emi payment
Hotel dinner bill - INR 1617 - Ref 158726,Food,hotel dinner bill
Retail store shopping - INR 36281 - Ref 451385,Shopping,retail store shopping
Personal loan EMI - INR 9354 - Ref 248182,EMI,personal loan emi
ETF purchase - INR 22936 - Ref 634693,Investment,etf purchase
Unexpected personal expense,Others,unexpected personal expense
Mobile EMI payment - INR 48612 - Ref 500474,EMI,mobile emi payment
Bike loan EMI - INR 1557 - Ref 606121,EMI,bike loan emi
Appliance EMI - INR 30664 - Ref 809545,EMI,appliance emi
Education loan EMI - INR 41500 - Ref 794145,EMI,education loan emi
Bike loan EMI - INR 6030 - Ref 473723,EMI,bike loan emi
Hotel dinner bill - INR 46698 - Ref 602471,Food,hotel dinner bill
Restaurant dine-in bill - INR 15543 - Ref 759151,Food,restaurant dine in bill
KFC online order - INR 20755 - Ref 634971,Food,kfc online order
Cafe coffee purchase - INR 15720 - Ref 717646,Food,cafe coffee purchase
Education loan EMI - INR 16851 - Ref 231793,EMI,education loan emi
Bike loan EMI - INR 45962 - Ref 928695,EMI,bike loan emi
Rapido bike ride - INR 165 - Ref 282142,Travel,rapido bike ride
IRCTC train ticket - INR 47924 - Ref 370028,Travel,irctc train ticket
Airport taxi fare - INR 34624 - Ref 585620,Travel,airport taxi fare
Appliance EMI - INR 10011 - Ref 925321,EMI,appliance emi
Retail store shopping - INR 37218 - Ref 400366,Shopping,retail store shopping
Laptop EMI payment - INR 30539 - Ref 603026,EMI,laptop emi payment
Lifestyle store purchase - INR 30542 - Ref 776295,Shopping,lifestyle store purchase
Expense for unclassified personal expense,Others,expense for unclassified personal expense
Fixed deposit investment - INR 3237 - Ref 795334,Investment,fixed deposit investment
Dominos pizza order - INR 31057 - Ref 633069,Food,dominos pizza order
Restaurant dine-in bill - INR 34052 - Ref 402402,Food,restaurant dine in bill
KFC online order - INR 4674 - Ref 640876,Food,kfc online order
Retirement fund investment - INR 44665 - Ref 987210,Investment,retirement fund investment
Ola cab booking - INR 43493 - Ref 352446,Travel,ola cab booking
Car loan EMI - INR 2236 - Ref 898131,EMI,car loan emi
Paid for entertainment subscription,Entertainment,paid for entertainment subscription
Retirement fund investment - INR 33796 - Ref 234464,Investment,retirement fund investment
PlayStation game purchase,Entertainment,playstation game purchase
ETF purchase - INR 15919 - Ref 119909,Investment,etf purchase
Bike loan EMI - INR 33023 - Ref 386476,EMI,bike loan emi
Hotel dinner bill - INR 11071 - Ref 647034,Food,hotel dinner bill
Retirement fund investment - INR 22698 - Ref 689763,Investment,retirement fund investment
McDonald's meal payment - INR 434 - Ref 765302,Food,mcdonald s meal payment
Stock market investment - INR 19118 - Ref 861236,Investment,stock market investment
Paid for ott platform subscription,Entertainment,paid for ott platform subscription
Supermarket shopping - INR 27801 - Ref 503502,Shopping,supermarket shopping
Ola cab booking - INR 19924 - Ref 170451,Travel,ola cab booking
Electronics purchase - INR 18046 - Ref 243558,Shopping,electronics purchase
Monthly diesel purchase,Transport,monthly diesel purchase
Supermarket shopping - INR 21499 - Ref 432836,Shopping,supermarket shopping
Hotel dinner bill - INR 24858 - Ref 250727,Food,hotel dinner bill
Flipkart purchase - INR 17226 - Ref 909761,Shopping,flipkart purchase
Home loan EMI - INR 47856 - Ref 644749,EMI,home loan emi
Swiggy order payment - INR 3257 - Ref 772424,Food,swiggy order payment
Gold bond investment - INR 24118 - Ref 820688,Investment,gold bond investment
Payment for other personal expense,Others,payment for other personal expense
Education loan EMI - INR 31124 - Ref 648181,EMI,education loan emi
Payment for dental treatment payment,Healthcare,payment for dental treatment payment
NPS contribution - INR 30224 - Ref 925835,Investment,nps contribution
Fixed deposit investment - INR 22615 - Ref 429536,Investment,fixed deposit investment
Expense for public transport fare,Transport,expense for public transport fare
Fixed deposit investment - INR 42289 - Ref 808138,Investment,fixed deposit investment
Monthly hospital consultation fee,Healthcare,monthly hospital consultation fee
Education loan EMI - INR 38050 - Ref 208427,EMI,education loan emi
Share trading debit - INR 13255 - Ref 863531,Investment,share trading debit
Appliance EMI - INR 19640 - Ref 919603,EMI,appliance emi
Monthly medical checkup payment,Healthcare,monthly medical checkup payment
General household expense,Others,general household expense
Bus ticket purchase - INR 11328 - Ref 355374,Travel,bus ticket purchase
PPF contribution - INR 30520 - Ref 444213,Investment,ppf contribution
Ola cab booking - INR 36986 - Ref 160608,Travel,ola cab booking
Zomato food delivery - INR 35547 - Ref 234210,Food,zomato food delivery
Myntra fashion order - INR 9687 - Ref 729312,Shopping,myntra fashion order
Personal loan EMI - INR 40298 - Ref 491547,EMI,personal loan emi
Payment for personal miscellaneous payment,Others,payment for personal miscellaneous payment
Stock market investment - INR 8173 - Ref 968474,Investment,stock market investment
Bike loan EMI - INR 19364 - Ref 297993,EMI,bike loan emi
Myntra fashion order - INR 22257 - Ref 180883,Shopping,myntra fashion order
McDonald's meal payment - INR 23422 - Ref 658028,Food,mcdonald s meal payment
Consumer durable EMI - INR 47315 - Ref 998589,EMI,consumer durable emi
Laptop EMI payment - INR 33010 - Ref 777596,EMI,laptop emi payment
Expense for toll plaza payment,Transport,expense for toll plaza payment
Credit card EMI - INR 8430 - Ref 692294,EMI,credit card emi
Expense for general purchase expense,Others,expense for general purchase expense
Fixed deposit investment - INR 41039 - Ref 383289,Investment,fixed deposit investment
Flipkart purchase - INR 3918 - Ref 116866,Shopping,flipkart purchase
Dominos pizza order - INR 43618 - Ref 373039,Food,dominos pizza order
MakeMyTrip travel booking - INR 11317 - Ref 389226,Travel,makemytrip travel booking
Flight ticket booking - INR 49610 - Ref 467511,Travel,flight ticket booking
Uber ride payment - INR 31318 - Ref 602472,Travel,uber ride payment
Lifestyle store purchase - INR 45975 - Ref 876741,Shopping,lifestyle store purchase
ETF purchase - INR 5140 - Ref 791343,Investment,etf purchase
Restaurant dine-in bill - INR 3511 - Ref 630816,Food,restaurant dine in bill
PPF contribution - INR 37196 - Ref 769301,Investment,ppf contribution
Retail store shopping - INR 20066 - Ref 160371,Shopping,retail store shopping
IRCTC train ticket - INR 8731 - Ref 945814,Travel,irctc train ticket
McDonald's meal payment - INR 36168 - Ref 285790,Food,mcdonald s meal payment
Laptop EMI payment - INR 29670 - Ref 997415,EMI,laptop emi payment
Expense for general miscellaneous payment,Others,expense for general miscellaneous payment
Grocery food items - INR 48441 - Ref 805182,Food,grocery food items
Grocery food items - INR 19674 - Ref 862637,Food,grocery food items
Mobile EMI payment - INR 40089 - Ref 192021,EMI,mobile emi payment
Airport taxi fare - INR 34321 - Ref 894465,Travel,airport taxi fare
Supermarket shopping - INR 37286 - Ref 663659,Shopping,supermarket shopping
Payment for public transport fare,Transport,payment for public transport fare
Gold bond investment - INR 39805 - Ref 614583,Investment,gold bond investment
Grocery food items - INR 855 - Ref 326523,Food,grocery food items
Swiggy order payment - INR 39549 - Ref 513105,Food,swiggy order payment
MakeMyTrip travel booking - INR 6845 - Ref 986854,Travel,makemytrip travel booking
Home loan EMI - INR 16547 - Ref 864215,EMI,home loan emi
Consumer durable EMI - INR 5005 - Ref 314015,EMI,consumer durable emi
Paid for gaming subscription,Entertainment,paid for gaming subscription
KFC online order - INR 11922 - Ref 179297,Food,kfc online order
Zomato food delivery - INR 38648 - Ref 942107,Food,zomato food delivery
KFC online order - INR 44931 - Ref 433494,Food,kfc online order
Mobile EMI payment - INR 3848 - Ref 659783,EMI,mobile emi payment
Zomato food delivery - INR 8960 - Ref 863650,Food,zomato food delivery
Uber ride payment - INR 8432 - Ref 271888,Travel,uber ride payment
Gold bond investment - INR 5234 - Ref 396388,Investment,gold bond investment
Home loan EMI - INR 25065 - Ref 182288,EMI,home loan emi
IRCTC train ticket - INR 41309 - Ref 838780,Travel,irctc train ticket
Restaurant dine-in bill - INR 34776 - Ref 529121,Food,restaurant dine in bill
Ola cab booking - INR 27908 - Ref 657614,Travel,ola cab booking
Cafe coffee purchase - INR 48361 - Ref 517529,Food,cafe coffee purchase
Consumer durable EMI - INR 25505 - Ref 969666,EMI,consumer durable emi
Airport taxi fare - INR 4629 - Ref 637600,Travel,airport taxi fare
Demat account transfer - INR 16522 - Ref 904609,Investment,demat account transfer
Education loan EMI - INR 47897 - Ref 523321,EMI,education loan emi
Expense for university admission fees,Education,expense for university admission fees
Flipkart purchase - INR 20814 - Ref 571544,Shopping,flipkart purchase
Dominos pizza order - INR 34634 - Ref 461509,Food,dominos pizza order
Bike loan EMI - INR 43584 - Ref 305689,EMI,bike loan emi
Supermarket shopping - INR 46462 - Ref 980942,Shopping,supermarket shopping
Miscellaneous personal expense,Others,miscellaneous personal expense
Hotel stay booking - INR 19493 - Ref 350444,Travel,hotel stay booking
Car loan EMI - INR 5516 - Ref 212335,EMI,car loan emi
Myntra fashion order - INR 43529 - Ref 366507,Shopping,myntra fashion order
eBay online order - INR 33466 - Ref 994125,Shopping,ebay online order
NPS contribution - INR 27231 - Ref 116098,Investment,nps contribution
Dominos pizza order - INR 26896 - Ref 195254,Food,dominos pizza order
Grocery food items - INR 42803 - Ref 442785,Food,grocery food items
Bus ticket purchase - INR 27454 - Ref 230182,Travel,bus ticket purchase
Home loan EMI - INR 9868 - Ref 457740,EMI,home loan emi
Amazon online shopping - INR 40599 - Ref 655202,Shopping,amazon online shopping
Flipkart purchase - INR 32292 - Ref 323571,Shopping,flipkart purchase
Hotel stay booking - INR 41607 - Ref 473334,Travel,hotel stay booking
Metro card recharge - INR 21637 - Ref 635117,Travel,metro card recharge
Hotel stay booking - INR 3277 - Ref 668996,Travel,hotel stay booking
Metro card recharge - INR 40190 - Ref 904209,Travel,metro card recharge
Ajio clothing purchase - INR 37705 - Ref 304479,Shopping,ajio clothing purchase
Share trading debit - INR 31419 - Ref 963810,Investment,share trading debit
Lifestyle store purchase - INR 26966 - Ref 306367,Shopping,lifestyle store purchase
Share trading debit - INR 31348 - Ref 504741,Investment,share trading debit
Fixed deposit investment - INR 40753 - Ref 985871,Investment,fixed deposit investment
Gold bond investment - INR 38228 - Ref 637203,Investment,gold bond investment
Amazon online shopping - INR 1742 - Ref 884688,Shopping,amazon online shopping
ETF purchase - INR 46736 - Ref 286865,Investment,etf purchase
Disney Plus subscription,Entertainment,disney plus subscription
Paid for other miscellaneous expense,Others,paid for other miscellaneous expense
Fixed deposit investment - INR 21392 - Ref 492993,Investment,fixed deposit investment
Fixed deposit investment - INR 18217 - Ref 696317,Investment,fixed deposit investment
NPS contribution - INR 37618 - Ref 580236,Investment,nps contribution
Ajio clothing purchase - INR 29866 - Ref 497848,Shopping,ajio clothing purchase
Bike loan EMI - INR 26936 - Ref 920256,EMI,bike loan emi
Swiggy order payment - INR 17440 - Ref 450338,Food,swiggy order payment
Supermarket shopping - INR 33213 - Ref 178974,Shopping,supermarket shopping
ETF purchase - INR 45160 - Ref 241310,Investment,etf purchase
Swiggy order payment - INR 9797 - Ref 998780,Food,swiggy order payment
Rapido bike ride - INR 14955 - Ref 666725,Travel,rapido bike ride
Myntra fashion order - INR 10321 - Ref 122910,Shopping,myntra fashion order
Laptop EMI payment - INR 26133 - Ref 182083,EMI,laptop emi payment
Bakery purchase - INR 26499 - Ref 369294,Food,bakery purchase
Bike loan EMI - INR 15495 - Ref 490945,EMI,bike loan emi
Bus ticket purchase - INR 12862 - Ref 507523,Travel,bus ticket purchase
Supermarket shopping - INR 24420 - Ref 132501,Shopping,supermarket shopping
Electronics purchase - INR 13736 - Ref 450531,Shopping,electronics purchase
Stock market investment - INR 33516 - Ref 590356,Investment,stock market investment
Rapido bike ride - INR 4321 - Ref 518918,Travel,rapido bike ride
Mall shopping payment - INR 30655 - Ref 291335,Shopping,mall shopping payment
Bus ticket purchase - INR 44645 - Ref 845056,Travel,bus ticket purchase
McDonald's meal payment - INR 4626 - Ref 407157,Food,mcdonald s meal payment
Stock market investment - INR 191 - Ref 356762,Investment,stock market investment
Myntra fashion order - INR 44425 - Ref 869751,Shopping,myntra fashion order
eBay online order - INR 25099 - Ref 293805,Shopping,ebay online order
Ajio clothing purchase - INR 11820 - Ref 691739,Shopping,ajio clothing purchase
Ajio clothing purchase - INR 37485 - Ref 822752,Shopping,ajio clothing purchase
Ajio clothing purchase - INR 2011 - Ref 180183,Shopping,ajio clothing purchase
Home loan EMI - INR 24621 - Ref 852955,EMI,home loan emi
Flipkart purchase - INR 15630 - Ref 633420,Shopping,flipkart purchase
Rapido bike ride - INR 17499 - Ref 628986,Travel,rapido bike ride
Home loan EMI - INR 26778 - Ref 343048,EMI,home loan emi
Personal loan EMI - INR 10744 - Ref 930717,EMI,personal loan emi
Electronics purchase - INR 15576 - Ref 371280,Shopping,electronics purchase
Home loan EMI - INR 620 - Ref 104742,EMI,home loan emi
Lifestyle store purchase - INR 47525 - Ref 591775,Shopping,lifestyle store purchase
Grocery food items - INR 35506 - Ref 906124,Food,grocery food items
Lifestyle store purchase - INR 37905 - Ref 812679,Shopping,lifestyle store purchase
Hotel stay booking - INR 39719 - Ref 756662,Travel,hotel stay booking
Ajio clothing purchase - INR 14336 - Ref 595006,Shopping,ajio clothing purchase
PPF contribution - INR 25330 - Ref 784494,Investment,ppf contribution
Hotel dinner bill - INR 30483 - Ref 133002,Food,hotel dinner bill
Demat account transfer - INR 22832 - Ref 854198,Investment,demat account transfer
Bakery purchase - INR 48267 - Ref 494856,Food,bakery purchase
Paid for health insurance payment,Healthcare,paid for health insurance payment
Bakery purchase - INR 22171 - Ref 562610,Food,bakery purchase
Restaurant dine-in bill - INR 44652 - Ref 477872,Food,restaurant dine in bill
Restaurant dine-in bill - INR 38194 - Ref 163832,Food,restaurant dine in bill
KFC online order - INR 901 - Ref 383564,Food,kfc online order
Paid for doctor consultation fee,Healthcare,paid for doctor consultation fee
Expense for bus ticket payment,Transport,expense for bus ticket payment
Expense for mobile recharge payment,Utilities,expense for mobile recharge payment
Retail store shopping - INR 5965 - Ref 295571,Shopping,retail store shopping
Monthly playstation game purchase,Entertainment,monthly playstation game purchase
Paid for petrol station payment,Transport,paid for petrol station payment
Home loan EMI - INR 48619 - Ref 927612,EMI,home loan emi
Dominos pizza order - INR 43612 - Ref 503019,Food,dominos pizza order
Credit card EMI - INR 23757 - Ref 670905,EMI,credit card emi
MakeMyTrip travel booking - INR 13249 - Ref 597847,Travel,makemytrip travel booking
Electronics purchase - INR 6632 - Ref 901514,Shopping,electronics purchase
Mutual fund SIP - INR 47147 - Ref 315458,Investment,mutual fund sip
Electronics purchase - INR 9891 - Ref 417235,Shopping,electronics purchase
eBay online order - INR 14386 - Ref 228961,Shopping,ebay online order
Supermarket shopping - INR 7622 - Ref 348381,Shopping,supermarket shopping
Udemy course purchase,Education,udemy course purchase
Electronics purchase - INR 27420 - Ref 222197,Shopping,electronics purchase
Electronics purchase - INR 43435 - Ref 371936,Shopping,electronics purchase
Uber ride payment - INR 41136 - Ref 883321,Travel,uber ride payment
Amazon online shopping - INR 40226 - Ref 239707,Shopping,amazon online shopping
MakeMyTrip travel booking - INR 23419 - Ref 329149,Travel,makemytrip travel booking
Education loan EMI - INR 33653 - Ref 525825,EMI,education loan emi
Ola cab booking - INR 47551 - Ref 555455,Travel,ola cab booking
Cafe coffee purchase - INR 32318 - Ref 521064,Food,cafe coffee purchase
Personal loan EMI - INR 47994 - Ref 400167,EMI,personal loan emi
Mutual fund SIP - INR 8447 - Ref 588308,Investment,mutual fund sip
Stock market investment - INR 27994 - Ref 402107,Investment,stock market investment
Appliance EMI - INR 36835 - Ref 241686,EMI,appliance emi
Electronics purchase - INR 42737 - Ref 617260,Shopping,electronics purchase
Swiggy order payment - INR 16395 - Ref 555100,Food,swiggy order payment
Mall shopping payment - INR 6609 - Ref 106043,Shopping,mall shopping payment
Swiggy order payment - INR 6604 - Ref 630226,Food,swiggy order payment
Grocery food items - INR 28104 - Ref 418476,Food,grocery food items
Mutual fund SIP - INR 39020 - Ref 288384,Investment,mutual fund sip
Ola cab booking - INR 15316 - Ref 395391,Travel,ola cab booking
Bus ticket purchase - INR 27878 - Ref 461924,Travel,bus ticket purchase
Gold bond investment - INR 42287 - Ref 989655,Investment,gold bond investment
KFC online order - INR 33212 - Ref 470819,Food,kfc online order
Myntra fashion order - INR 18593 - Ref 511465,Shopping,myntra fashion order
Flight ticket booking - INR 14371 - Ref 466231,Travel,flight ticket booking
Personal loan EMI - INR 21669 - Ref 975809,EMI,personal loan emi
Dominos pizza order - INR 36545 - Ref 188427,Food,dominos pizza order
Consumer durable EMI - INR 7383 - Ref 673702,EMI,consumer durable emi
Myntra fashion order - INR 23058 - Ref 185762,Shopping,myntra fashion order
PPF contribution - INR 8986 - Ref 160323,Investment,ppf contribution
KFC online order - INR 420 - Ref 578402,Food,kfc online order
Paid for gas bill payment,Utilities,paid for gas bill payment
Lifestyle store purchase - INR 28522 - Ref 980595,Shopping,lifestyle store purchase
ETF purchase - INR 49973 - Ref 859097,Investment,etf purchase
Ola cab booking - INR 12559 - Ref 584300,Travel,ola cab booking
Grocery food items - INR 30303 - Ref 535588,Food,grocery food items
MakeMyTrip travel booking - INR 16933 - Ref 903923,Travel,makemytrip travel booking
Retirement fund investment - INR 21223 - Ref 887700,Investment,retirement fund investment
Share trading debit - INR 46809 - Ref 597878,Investment,share trading debit
ETF purchase - INR 38633 - Ref 201990,Investment,etf purchase
Credit card EMI - INR 15963 - Ref 999935,EMI,credit card emi
Home loan EMI - INR 2338 - Ref 361798,EMI,home loan emi
Zomato food delivery - INR 18745 - Ref 642824,Food,zomato food delivery
Uber ride payment - INR 24833 - Ref 761835,Travel,uber ride payment
Ajio clothing purchase - INR 34699 - Ref 163995,Shopping,ajio clothing purchase
Grocery food items - INR 11203 - Ref 713463,Food,grocery food items
Zomato food delivery - INR 2298 - Ref 495327,Food,zomato food delivery
Hotel stay booking - INR 8747 - Ref 889699,Travel,hotel stay booking
Zomato food delivery - INR 48824 - Ref 262478,Food,zomato food delivery
Credit card EMI - INR 9553 - Ref 301281,EMI,credit card emi
Uber ride payment - INR 9254 - Ref 364104,Travel,uber ride payment
NPS contribution - INR 45936 - Ref 430077,Investment,nps contribution
Car loan EMI - INR 8322 - Ref 852002,EMI,car loan emi
KFC online order - INR 31088 - Ref 979665,Food,kfc online order
Uber ride payment - INR 20152 - Ref 223994,Travel,uber ride payment
Mutual fund SIP - INR 30979 - Ref 339782,Investment,mutual fund sip
Bakery purchase - INR 24594 - Ref 410169,Food,bakery purchase
KFC online order - INR 22915 - Ref 261480,Food,kfc online order
Hotel stay booking - INR 34325 - Ref 835679,Travel,hotel stay booking
NPS contribution - INR 1046 - Ref 419317,Investment,nps contribution
Payment for prescription medicine purchase,Healthcare,payment for prescription medicine purchase
Flight ticket booking - INR 13073 - Ref 597756,Travel,flight ticket booking
Fixed deposit investment - INR 27664 - Ref 538792,Investment,fixed deposit investment
Appliance EMI - INR 4526 - Ref 887189,EMI,appliance emi
Mutual fund SIP - INR 16651 - Ref 243957,Investment,mutual fund sip
Ola cab booking - INR 6457 - Ref 147247,Travel,ola cab booking
Credit card EMI - INR 38862 - Ref 276884,EMI,credit card emi
Stock market investment - INR 5157 - Ref 827715,Investment,stock market investment
Water monthly bill,Utilities,water monthly bill
Flipkart purchase - INR 21264 - Ref 622574,Shopping,flipkart purchase
Metro card recharge - INR 6816 - Ref 301830,Travel,metro card recharge
Flight ticket booking - INR 36709 - Ref 232894,Travel,flight ticket booking
Restaurant dine-in bill - INR 13202 - Ref 456365,Food,restaurant dine in bill
Metro card recharge - INR 44952 - Ref 716208,Travel,metro card recharge
IRCTC train ticket - INR 20070 - Ref 874482,Travel,irctc train ticket
Myntra fashion order - INR 40969 - Ref 802554,Shopping,myntra fashion order
Fixed deposit investment - INR 29692 - Ref 777659,Investment,fixed deposit investment
eBay online order - INR 18763 - Ref 441274,Shopping,ebay online order
Flight ticket booking - INR 28466 - Ref 839553,Travel,flight ticket booking
Laptop EMI payment - INR 40265 - Ref 170999,EMI,laptop emi payment
Laptop EMI payment - INR 42044 - Ref 240928,EMI,laptop emi payment
Demat account transfer - INR 3241 - Ref 322838,Investment,demat account transfer
Zomato food delivery - INR 4826 - Ref 402941,Food,zomato food delivery
Car loan EMI - INR 19254 - Ref 103189,EMI,car loan emi
Uber ride payment - INR 32357 - Ref 811502,Travel,uber ride payment
PPF contribution - INR 12209 - Ref 487335,Investment,ppf contribution
Mall shopping payment - INR 40983 - Ref 602376,Shopping,mall shopping payment
Retirement fund investment - INR 35840 - Ref 911046,Investment,retirement fund investment
Stock market investment - INR 35280 - Ref 670791,Investment,stock market investment
Airport taxi fare - INR 13439 - Ref 685957,Travel,airport taxi fare
Dominos pizza order - INR 11074 - Ref 158549,Food,dominos pizza order
Appliance EMI - INR 6475 - Ref 186816,EMI,appliance emi
Hotel dinner bill - INR 35907 - Ref 326769,Food,hotel dinner bill
Myntra fashion order - INR 17029 - Ref 269713,Shopping,myntra fashion order
Movie booking payment,Entertainment,movie booking payment
Mall shopping payment - INR 40211 - Ref 516829,Shopping,mall shopping payment
Paid for exam fee payment,Education,paid for exam fee payment
Retail store shopping - INR 37205 - Ref 671171,Shopping,retail store shopping
Mutual fund SIP - INR 10837 - Ref 735681,Investment,mutual fund sip
University admission fees,Education,university admission fees
Hotel dinner bill - INR 41920 - Ref 840076,Food,hotel dinner bill
Ajio clothing purchase - INR 25589 - Ref 373116,Shopping,ajio clothing purchase
Bakery purchase - INR 7488 - Ref 380831,Food,bakery purchase
Flight ticket booking - INR 47881 - Ref 469502,Travel,flight ticket booking
Home loan EMI - INR 35724 - Ref 626120,EMI,home loan emi
Consumer durable EMI - INR 461 - Ref 372269,EMI,consumer durable emi
Flight ticket booking - INR 24930 - Ref 695267,Travel,flight ticket booking
Demat account transfer - INR 46188 - Ref 209890,Investment,demat account transfer
McDonald's meal payment - INR 32759 - Ref 505742,Food,mcdonald s meal payment
Bakery purchase - INR 9782 - Ref 306239,Food,bakery purchase
Bakery purchase - INR 14665 - Ref 422064,Food,bakery purchase
Paid for educational material purchase,Education,paid for educational material purchase
Consumer durable EMI - INR 37039 - Ref 164174,EMI,consumer durable emi
ETF purchase - INR 2309 - Ref 331235,Investment,etf purchase
Electronics purchase - INR 14942 - Ref 208646,Shopping,electronics purchase
PPF contribution - INR 2810 - Ref 866215,Investment,ppf contribution
Ola cab booking - INR 47999 - Ref 173908,Travel,ola cab booking
Flipkart purchase - INR 23673 - Ref 584355,Shopping,flipkart purchase
Retail store shopping - INR 11689 - Ref 640919,Shopping,retail store shopping
Personal loan EMI - INR 1177 - Ref 234192,EMI,personal loan emi
Demat account transfer - INR 10586 - Ref 903790,Investment,demat account transfer
Monthly college semester fees,Education,monthly college semester fees
Mobile EMI payment - INR 15761 - Ref 538979,EMI,mobile emi payment
Restaurant dine-in bill - INR 13630 - Ref 155581,Food,restaurant dine in bill
Bakery purchase - INR 14229 - Ref 261769,Food,bakery purchase
Hotel dinner bill - INR 4064 - Ref 847978,Food,hotel dinner bill
Laptop EMI payment - INR 8847 - Ref 107852,EMI,laptop emi payment
Personal loan EMI - INR 9481 - Ref 681936,EMI,personal loan emi
Zomato food delivery - INR 34089 - Ref 692498,Food,zomato food delivery
Dominos pizza order - INR 32107 - Ref 119814,Food,dominos pizza order
Mall shopping payment - INR 20564 - Ref 238700,Shopping,mall shopping payment
Monthly utility bill payment,Utilities,monthly utility bill payment
Myntra fashion order - INR 26126 - Ref 770947,Shopping,myntra fashion order
Bike loan EMI - INR 35926 - Ref 672941,EMI,bike loan emi
Flipkart purchase - INR 29708 - Ref 807992,Shopping,flipkart purchase
Metro card recharge - INR 25440 - Ref 151615,Travel,metro card recharge
Grocery food items - INR 48519 - Ref 885665,Food,grocery food items
IRCTC train ticket - INR 2664 - Ref 472311,Travel,irctc train ticket
Dominos pizza order - INR 44233 - Ref 602228,Food,dominos pizza order
Share trading debit - INR 11532 - Ref 421734,Investment,share trading debit
ETF purchase - INR 22567 - Ref 105161,Investment,etf purchase
Car loan EMI - INR 8457 - Ref 663410,EMI,car loan emi
Expense for concert ticket purchase,Entertainment,expense for concert ticket purchase
Personal miscellaneous spending,Others,personal miscellaneous spending
Payment for bookmyshow movie ticket,Entertainment,payment for bookmyshow movie ticket
Ola cab booking - INR 9421 - Ref 665847,Travel,ola cab booking
KFC online order - INR 9469 - Ref 954107,Food,kfc online order
Laptop EMI payment - INR 11131 - Ref 433854,EMI,laptop emi payment
Amazon online shopping - INR 7615 - Ref 816214,Shopping,amazon online shopping
Retirement fund investment - INR 44156 - Ref 112624,Investment,retirement fund investment
Bus ticket purchase - INR 25165 - Ref 796091,Travel,bus ticket purchase
Cafe coffee purchase - INR 42282 - Ref 821119,Food,cafe coffee purchase
Lifestyle store purchase - INR 40190 - Ref 123061,Shopping,lifestyle store purchase
Uber ride payment - INR 35682 - Ref 140655,Travel,uber ride payment
Laptop EMI payment - INR 6698 - Ref 698610,EMI,laptop emi payment
Bus ticket purchase - INR 42753 - Ref 155910,Travel,bus ticket purchase
Mutual fund SIP - INR 10556 - Ref 221589,Investment,mutual fund sip
Myntra fashion order - INR 18211 - Ref 899551,Shopping,myntra fashion order
Education loan EMI - INR 24175 - Ref 968540,EMI,education loan emi
Electronics purchase - INR 31255 - Ref 943212,Shopping,electronics purchase
Supermarket shopping - INR 45105 - Ref 777096,Shopping,supermarket shopping
Zomato food delivery - INR 49155 - Ref 412470,Food,zomato food delivery
Rapido bike ride - INR 21732 - Ref 904608,Travel,rapido bike ride
Rapido bike ride - INR 19177 - Ref 179966,Travel,rapido bike ride
MakeMyTrip travel booking - INR 49168 - Ref 806320,Travel,makemytrip travel booking
Swiggy order payment - INR 49614 - Ref 758203,Food,swiggy order payment
MakeMyTrip travel booking - INR 33241 - Ref 587624,Travel,makemytrip travel booking
Retirement fund investment - INR 35027 - Ref 318308,Investment,retirement fund investment
Flight ticket booking - INR 33584 - Ref 859905,Travel,flight ticket booking
Bus ticket purchase - INR 10978 - Ref 113351,Travel,bus ticket purchase
Amazon online shopping - INR 149 - Ref 626060,Shopping,amazon online shopping
Mall shopping payment - INR 4569 - Ref 494182,Shopping,mall shopping payment
Supermarket shopping - INR 13564 - Ref 248569,Shopping,supermarket shopping
IRCTC train ticket - INR 45723 - Ref 545954,Travel,irctc train ticket
Bakery purchase - INR 21369 - Ref 180723,Food,bakery purchase
Mobile EMI payment - INR 15430 - Ref 108493,EMI,mobile emi payment
NPS contribution - INR 16359 - Ref 699435,Investment,nps contribution
Zomato food delivery - INR 7926 - Ref 399934,Food,zomato food delivery
Retail store shopping - INR 29252 - Ref 193471,Shopping,retail store shopping
Demat account transfer - INR 10071 - Ref 186641,Investment,demat account transfer
IRCTC train ticket - INR 19060 - Ref 100205,Travel,irctc train ticket
Swiggy order payment - INR 26250 - Ref 579617,Food,swiggy order payment
Bus ticket purchase - INR 26854 - Ref 886753,Travel,bus ticket purchase
Flight ticket booking - INR 8359 - Ref 330995,Travel,flight ticket booking
Credit card EMI - INR 15024 - Ref 778542,EMI,credit card emi
Appliance EMI - INR 35983 - Ref 352321,EMI,appliance emi
Amazon online shopping - INR 16036 - Ref 598668,Shopping,amazon online shopping
Stock market investment - INR 47599 - Ref 291104,Investment,stock market investment
Electronics purchase - INR 22999 - Ref 831375,Shopping,electronics purchase
Amazon online shopping - INR 44402 - Ref 573318,Shopping,amazon online shopping
PPF contribution - INR 7866 - Ref 238075,Investment,ppf contribution
Mutual fund SIP - INR 37385 - Ref 851011,Investment,mutual fund sip
Swiggy order payment - INR 43407 - Ref 790539,Food,swiggy order payment
McDonald's meal payment - INR 5450 - Ref 241864,Food,mcdonald s meal payment
Rapido bike ride - INR 18924 - Ref 602576,Travel,rapido bike ride
Electronics purchase - INR 14124 - Ref 756579,Shopping,electronics purchase
Education loan EMI - INR 47400 - Ref 914836,EMI,education loan emi
Home loan EMI - INR 46989 - Ref 336678,EMI,home loan emi
Hotel dinner bill - INR 39129 - Ref 191039,Food,hotel dinner bill
Credit card EMI - INR 18916 - Ref 438981,EMI,credit card emi
Restaurant dine-in bill - INR 20244 - Ref 820178,Food,restaurant dine in bill
Amazon online shopping - INR 34549 - Ref 122231,Shopping,amazon online shopping
Myntra fashion order - INR 13936 - Ref 757076,Shopping,myntra fashion order
Fixed deposit investment - INR 33241 - Ref 206061,Investment,fixed deposit investment
Retirement fund investment - INR 44619 - Ref 849457,Investment,retirement fund investment
Paid for movie booking payment,Entertainment,paid for movie booking payment
Bike loan EMI - INR 6946 - Ref 526811,EMI,bike loan emi
Paid for music subscription payment,Entertainment,paid for music subscription payment
Bus ticket purchase - INR 32868 - Ref 560512,Travel,bus ticket purchase
Mobile EMI payment - INR 34974 - Ref 831780,EMI,mobile emi payment
Gold bond investment - INR 32593 - Ref 992297,Investment,gold bond investment
Supermarket shopping - INR 15058 - Ref 909584,Shopping,supermarket shopping
Grocery food items - INR 25049 - Ref 106649,Food,grocery food items
eBay online order - INR 24036 - Ref 120859,Shopping,ebay online order
Mutual fund SIP - INR 20252 - Ref 989099,Investment,mutual fund sip
Rapido bike ride - INR 20099 - Ref 692755,Travel,rapido bike ride
Lifestyle store purchase - INR 25150 - Ref 152703,Shopping,lifestyle store purchase
IRCTC train ticket - INR 27040 - Ref 384603,Travel,irctc train ticket
KFC online order - INR 4934 - Ref 148824,Food,kfc online order
Gold bond investment - INR 19770 - Ref 874607,Investment,gold bond investment
Laptop EMI payment - INR 48526 - Ref 367431,EMI,laptop emi payment
Paid for general purchase expense,Others,paid for general purchase expense
ETF purchase - INR 33974 - Ref 236913,Investment,etf purchase
Grocery food items - INR 29172 - Ref 821893,Food,grocery food items
Cafe coffee purchase - INR 31605 - Ref 154915,Food,cafe coffee purchase
Bus ticket purchase - INR 40835 - Ref 844677,Travel,bus ticket purchase
PPF contribution - INR 33100 - Ref 110938,Investment,ppf contribution
Ola cab booking - INR 24309 - Ref 414754,Travel,ola cab booking
Credit card EMI - INR 26761 - Ref 724004,EMI,credit card emi
Mutual fund SIP - INR 7094 - Ref 151170,Investment,mutual fund sip
MakeMyTrip travel booking - INR 33552 - Ref 209536,Travel,makemytrip travel booking
Mutual fund SIP - INR 13905 - Ref 313917,Investment,mutual fund sip
Metro card recharge - INR 33356 - Ref 293538,Travel,metro card recharge
MakeMyTrip travel booking - INR 46586 - Ref 730552,Travel,makemytrip travel booking
Hotel dinner bill - INR 14329 - Ref 389868,Food,hotel dinner bill
PPF contribution - INR 15630 - Ref 120760,Investment,ppf contribution
Expense for broadband monthly payment,Utilities,expense for broadband monthly payment
Bike loan EMI - INR 27853 - Ref 173888,EMI,bike loan emi
Gold bond investment - INR 3633 - Ref 171567,Investment,gold bond investment
Swiggy order payment - INR 6610 - Ref 677408,Food,swiggy order payment
Share trading debit - INR 30798 - Ref 838106,Investment,share trading debit
Laptop EMI payment - INR 36284 - Ref 328667,EMI,laptop emi payment
KFC online order - INR 41460 - Ref 555481,Food,kfc online order
Stock market investment - INR 24253 - Ref 687616,Investment,stock market investment
Miscellaneous spending,Others,miscellaneous spending
Expense for blood test charges,Healthcare,expense for blood test charges
Laptop EMI payment - INR 19410 - Ref 248151,EMI,laptop emi payment
Ajio clothing purchase - INR 48787 - Ref 292761,Shopping,ajio clothing purchase
Amazon online shopping - INR 48250 - Ref 723648,Shopping,amazon online shopping
Monthly rapido ride fare,Transport,monthly rapido ride fare
Airport taxi fare - INR 30246 - Ref 195565,Travel,airport taxi fare
Flipkart purchase - INR 42965 - Ref 405851,Shopping,flipkart purchase
Flipkart purchase - INR 22386 - Ref 453020,Shopping,flipkart purchase
Rapido bike ride - INR 22858 - Ref 234369,Travel,rapido bike ride
Mutual fund SIP - INR 15212 - Ref 121178,Investment,mutual fund sip
ETF purchase - INR 49518 - Ref 694873,Investment,etf purchase
Supermarket shopping - INR 18543 - Ref 143660,Shopping,supermarket shopping
Expense for unexpected personal expense,Others,expense for unexpected personal expense
Ajio clothing purchase - INR 20881 - Ref 149387,Shopping,ajio clothing purchase
eBay online order - INR 17177 - Ref 957614,Shopping,ebay online order
Ola cab booking - INR 9296 - Ref 522095,Travel,ola cab booking
Ola cab booking - INR 21463 - Ref 305157,Travel,ola cab booking
Bus ticket purchase - INR 44643 - Ref 582455,Travel,bus ticket purchase
Gold bond investment - INR 31968 - Ref 274399,Investment,gold bond investment
Ola cab booking - INR 37488 - Ref 655261,Travel,ola cab booking
ETF purchase - INR 46353 - Ref 334520,Investment,etf purchase
Zomato food delivery - INR 37703 - Ref 753288,Food,zomato food delivery
Bike loan EMI - INR 7478 - Ref 294358,EMI,bike loan emi
eBay online order - INR 726 - Ref 553779,Shopping,ebay online order
Appliance EMI - INR 18295 - Ref 957532,EMI,appliance emi
Retirement fund investment - INR 29764 - Ref 888035,Investment,retirement fund investment
Flight ticket booking - INR 5242 - Ref 312683,Travel,flight ticket booking
Zomato food delivery - INR 45860 - Ref 424975,Food,zomato food delivery
Flight ticket booking - INR 33042 - Ref 374731,Travel,flight ticket booking
Metro ticket purchase,Transport,metro ticket purchase
Expense for healthcare expense,Healthcare,expense for healthcare expense
MakeMyTrip travel booking - INR 30178 - Ref 121520,Travel,makemytrip travel booking
Zomato food delivery - INR 42854 - Ref 863982,Food,zomato food delivery
KFC online order - INR 26463 - Ref 110694,Food,kfc online order
PPF contribution - INR 23988 - Ref 248239,Investment,ppf contribution
Stock market investment - INR 23334 - Ref 588204,Investment,stock market investment
Ola cab booking - INR 14670 - Ref 635619,Travel,ola cab booking
Demat account transfer - INR 38960 - Ref 654334,Investment,demat account transfer
Metro card recharge - INR 42244 - Ref 596985,Travel,metro card recharge
IRCTC train ticket - INR 15131 - Ref 139339,Travel,irctc train ticket
Airport taxi fare - INR 25385 - Ref 779842,Travel,airport taxi fare
IRCTC train ticket - INR 20989 - Ref 523572,Travel,irctc train ticket
Electronics purchase - INR 49140 - Ref 249335,Shopping,electronics purchase
KFC online order - INR 25891 - Ref 808552,Food,kfc online order
Metro card recharge - INR 18337 - Ref 809139,Travel,metro card recharge
Flight ticket booking - INR 45202 - Ref 283947,Travel,flight ticket booking
Mall shopping payment - INR 3551 - Ref 780844,Shopping,mall shopping payment
Grocery food items - INR 5780 - Ref 152671,Food,grocery food items
College admission fees,Education,college admission fees
Flipkart purchase - INR 37899 - Ref 698497,Shopping,flipkart purchase
NPS contribution - INR 19396 - Ref 924229,Investment,nps contribution
PPF contribution - INR 36788 - Ref 716792,Investment,ppf contribution
eBay online order - INR 40489 - Ref 823925,Shopping,ebay online order
Retirement fund investment - INR 9592 - Ref 449801,Investment,retirement fund investment
Car loan EMI - INR 13417 - Ref 566724,EMI,car loan emi
Metro card recharge - INR 27136 - Ref 481669,Travel,metro card recharge
Bakery purchase - INR 1561 - Ref 730324,Food,bakery purchase
Retail store shopping - INR 34627 - Ref 743786,Shopping,retail store shopping
Demat account transfer - INR 4044 - Ref 399268,Investment,demat account transfer
Metro card recharge - INR 1635 - Ref 626072,Travel,metro card recharge
Personal loan EMI - INR 31232 - Ref 768489,EMI,personal loan emi
Flipkart purchase - INR 37268 - Ref 578791,Shopping,flipkart purchase
Dominos pizza order - INR 19636 - Ref 445761,Food,dominos pizza order
Zomato food delivery - INR 31626 - Ref 810618,Food,zomato food delivery
Ola cab booking - INR 8149 - Ref 639120,Travel,ola cab booking
Ola cab booking - INR 38354 - Ref 695302,Travel,ola cab booking
McDonald's meal payment - INR 33492 - Ref 222418,Food,mcdonald s meal payment
eBay online order - INR 44824 - Ref 222848,Shopping,ebay online order
Zomato food delivery - INR 5564 - Ref 897756,Food,zomato food delivery
Home loan EMI - INR 48215 - Ref 454472,EMI,home loan emi
Credit card EMI - INR 4344 - Ref 174555,EMI,credit card emi
Demat account transfer - INR 44864 - Ref 449336,Investment,demat account transfer
Hotel stay booking - INR 30173 - Ref 324800,Travel,hotel stay booking
Ajio clothing purchase - INR 42658 - Ref 349797,Shopping,ajio clothing purchase
Home loan EMI - INR 5777 - Ref 442914,EMI,home loan emi
Retirement fund investment - INR 34442 - Ref 688269,Investment,retirement fund investment
eBay online order - INR 41187 - Ref 511264,Shopping,ebay online order
Demat account transfer - INR 21151 - Ref 613090,Investment,demat account transfer
Gold bond investment - INR 30102 - Ref 793634,Investment,gold bond investment
Education loan EMI - INR 47281 - Ref 570822,EMI,education loan emi
Payment for college semester fees,Education,payment for college semester fees
Mall shopping payment - INR 906 - Ref 907259,Shopping,mall shopping payment
Mall shopping payment - INR 4534 - Ref 368845,Shopping,mall shopping payment
Payment for playstation game purchase,Entertainment,payment for playstation game purchase
eBay online order - INR 43597 - Ref 510947,Shopping,ebay online order
Fixed deposit investment - INR 18391 - Ref 965673,Investment,fixed deposit investment
Hotel dinner bill - INR 35977 - Ref 165469,Food,hotel dinner bill
Hotel dinner bill - INR 15634 - Ref 684052,Food,hotel dinner bill
Flight ticket booking - INR 16060 - Ref 550111,Travel,flight ticket booking
Hotel stay booking - INR 907 - Ref 383013,Travel,hotel stay booking
Stock market investment - INR 14084 - Ref 890302,Investment,stock market investment
Share trading debit - INR 24237 - Ref 488878,Investment,share trading debit
Mall shopping payment - INR 28436 - Ref 327919,Shopping,mall shopping payment
Mobile EMI payment - INR 15212 - Ref 461505,EMI,mobile emi payment
Home loan EMI - INR 22078 - Ref 513110,EMI,home loan emi
Ola cab booking - INR 12302 - Ref 155663,Travel,ola cab booking
Metro card recharge - INR 39190 - Ref 483651,Travel,metro card recharge
eBay online order - INR 38297 - Ref 661386,Shopping,ebay online order
Personal loan EMI - INR 8154 - Ref 823775,EMI,personal loan emi
Demat account transfer - INR 22540 - Ref 637387,Investment,demat account transfer
eBay online order - INR 21839 - Ref 940301,Shopping,ebay online order
Monthly school books purchase,Education,monthly school books purchase
Bus ticket purchase - INR 24295 - Ref 257973,Travel,bus ticket purchase
Demat account transfer - INR 10633 - Ref 262467,Investment,demat account transfer
Laptop EMI payment - INR 15943 - Ref 810286,EMI,laptop emi payment
Bike loan EMI - INR 15230 - Ref 424760,EMI,bike loan emi
Airport taxi fare - INR 28829 - Ref 903826,Travel,airport taxi fare
Cafe coffee purchase - INR 39025 - Ref 484453,Food,cafe coffee purchase
Gold bond investment - INR 40430 - Ref 426774,Investment,gold bond investment
Airport taxi fare - INR 19932 - Ref 583032,Travel,airport taxi fare
Retirement fund investment - INR 15311 - Ref 302170,Investment,retirement fund investment
Flipkart purchase - INR 9643 - Ref 143360,Shopping,flipkart purchase
Ajio clothing purchase - INR 28628 - Ref 477817,Shopping,ajio clothing purchase
Swiggy order payment - INR 9287 - Ref 872764,Food,swiggy order payment
Flipkart purchase - INR 12609 - Ref 242704,Shopping,flipkart purchase
Payment for healthcare expense,Healthcare,payment for healthcare expense
Hotel stay booking - INR 35788 - Ref 590258,Travel,hotel stay booking
Dominos pizza order - INR 24279 - Ref 236429,Food,dominos pizza order
Amazon online shopping - INR 32485 - Ref 920467,Shopping,amazon online shopping
Home loan EMI - INR 43801 - Ref 724648,EMI,home loan emi
Retail store shopping - INR 13097 - Ref 758238,Shopping,retail store shopping
MakeMyTrip travel booking - INR 10514 - Ref 609202,Travel,makemytrip travel booking
Amazon online shopping - INR 15937 - Ref 176281,Shopping,amazon online shopping
Cafe coffee purchase - INR 45315 - Ref 792446,Food,cafe coffee purchase
Hotel dinner bill - INR 12814 - Ref 742307,Food,hotel dinner bill
Electronics purchase - INR 16503 - Ref 698858,Shopping,electronics purchase
Retail store shopping - INR 49114 - Ref 507479,Shopping,retail store shopping
Car loan EMI - INR 21223 - Ref 836683,EMI,car loan emi
Appliance EMI - INR 38436 - Ref 266746,EMI,appliance emi
Electronics purchase - INR 24425 - Ref 540512,Shopping,electronics purchase
Car loan EMI - INR 32769 - Ref 643231,EMI,car loan emi
Payment for other household expense,Others,payment for other household expense
Dominos pizza order - INR 27223 - Ref 391620,Food,dominos pizza order
Bakery purchase - INR 25132 - Ref 693367,Food,bakery purchase
Lifestyle store purchase - INR 18763 - Ref 129184,Shopping,lifestyle store purchase
Mobile EMI payment - INR 40775 - Ref 890729,EMI,mobile emi payment
Flight ticket booking - INR 14858 - Ref 576377,Travel,flight ticket booking
Dominos pizza order - INR 38284 - Ref 708777,Food,dominos pizza order
IRCTC train ticket - INR 37743 - Ref 574355,Travel,irctc train ticket
Consumer durable EMI - INR 33416 - Ref 762187,EMI,consumer durable emi
Mobile EMI payment - INR 42200 - Ref 316040,EMI,mobile emi payment
Hotel dinner bill - INR 2768 - Ref 402031,Food,hotel dinner bill
KFC online order - INR 21889 - Ref 637317,Food,kfc online order
PPF contribution - INR 41024 - Ref 676137,Investment,ppf contribution
Mutual fund SIP - INR 36700 - Ref 285372,Investment,mutual fund sip
MakeMyTrip travel booking - INR 31588 - Ref 516065,Travel,makemytrip travel booking
Payment for laboratory test charges,Healthcare,payment for laboratory test charges
Amazon online shopping - INR 23485 - Ref 649771,Shopping,amazon online shopping
Cafe coffee purchase - INR 27349 - Ref 819037,Food,cafe coffee purchase
Mutual fund SIP - INR 15389 - Ref 278229,Investment,mutual fund sip
Retirement fund investment - INR 42313 - Ref 772076,Investment,retirement fund investment
Bakery purchase - INR 37042 - Ref 342934,Food,bakery purchase
Flipkart purchase - INR 46444 - Ref 150871,Shopping,flipkart purchase
Share trading debit - INR 35706 - Ref 883634,Investment,share trading debit
Share trading debit - INR 16642 - Ref 176605,Investment,share trading debit
Ajio clothing purchase - INR 4647 - Ref 864782,Shopping,ajio clothing purchase
Payment for toll plaza payment,Transport,payment for toll plaza payment
Monthly gas utility bill,Utilities,monthly gas utility bill
Retirement fund investment - INR 8957 - Ref 650509,Investment,retirement fund investment
Amazon online shopping - INR 271 - Ref 995920,Shopping,amazon online shopping
PPF contribution - INR 8799 - Ref 477505,Investment,ppf contribution
Demat account transfer - INR 46810 - Ref 366599,Investment,demat account transfer
Lifestyle store purchase - INR 41191 - Ref 678897,Shopping,lifestyle store purchase
Flipkart purchase - INR 46490 - Ref 770136,Shopping,flipkart purchase
Bike loan EMI - INR 15810 - Ref 611703,EMI,bike loan emi
Ajio clothing purchase - INR 47989 - Ref 136882,Shopping,ajio clothing purchase
Cafe coffee purchase - INR 44423 - Ref 138791,Food,cafe coffee purchase
Mobile EMI payment - INR 47830 - Ref 387934,EMI,mobile emi payment
Flight ticket booking - INR 31347 - Ref 765753,Travel,flight ticket booking
Bus ticket purchase - INR 24532 - Ref 665596,Travel,bus ticket purchase
Education loan EMI - INR 34232 - Ref 314819,EMI,education loan emi
Laptop EMI payment - INR 49208 - Ref 933913,EMI,laptop emi payment
Education loan EMI - INR 8429 - Ref 639979,EMI,education loan emi
Mall shopping payment - INR 8142 - Ref 486969,Shopping,mall shopping payment
Laptop EMI payment - INR 18892 - Ref 800765,EMI,laptop emi payment
Swiggy order payment - INR 45655 - Ref 911896,Food,swiggy order payment
Education loan EMI - INR 33835 - Ref 142536,EMI,education loan emi
Ola cab booking - INR 46731 - Ref 301470,Travel,ola cab booking
Retirement fund investment - INR 10835 - Ref 785680,Investment,retirement fund investment
Payment for water monthly bill,Utilities,payment for water monthly bill
Dominos pizza order - INR 5586 - Ref 778087,Food,dominos pizza order
Uber ride payment - INR 43707 - Ref 414176,Travel,uber ride payment
Appliance EMI - INR 10827 - Ref 985240,EMI,appliance emi
Demat account transfer - INR 18932 - Ref 834122,Investment,demat account transfer
Stock market investment - INR 19564 - Ref 982075,Investment,stock market investment
Dominos pizza order - INR 25739 - Ref 657477,Food,dominos pizza order
Uber ride payment - INR 16498 - Ref 570248,Travel,uber ride payment
Hotel stay booking - INR 19172 - Ref 436445,Travel,hotel stay booking
Fixed deposit investment - INR 14891 - Ref 874204,Investment,fixed deposit investment
Car loan EMI - INR 36505 - Ref 567701,EMI,car loan emi
Paid for laboratory test charges,Healthcare,paid for laboratory test charges
Car loan EMI - INR 8650 - Ref 288321,EMI,car loan emi
Ola cab booking - INR 33013 - Ref 672829,Travel,ola cab booking
Mobile EMI payment - INR 49455 - Ref 613641,EMI,mobile emi payment
ETF purchase - INR 24246 - Ref 113453,Investment,etf purchase
NPS contribution - INR 37213 - Ref 785373,Investment,nps contribution
Paid for water monthly bill,Utilities,paid for water monthly bill
eBay online order - INR 17073 - Ref 685230,Shopping,ebay online order
Appliance EMI - INR 11437 - Ref 999192,EMI,appliance emi
Education loan EMI - INR 19240 - Ref 324413,EMI,education loan emi
Stock market investment - INR 41390 - Ref 553883,Investment,stock market investment
PPF contribution - INR 19907 - Ref 546181,Investment,ppf contribution
Uber ride payment - INR 37833 - Ref 775270,Travel,uber ride payment
Swiggy order payment - INR 9046 - Ref 254761,Food,swiggy order payment
ETF purchase - INR 20212 - Ref 914740,Investment,etf purchase
Supermarket shopping - INR 8251 - Ref 633726,Shopping,supermarket shopping
Electronics purchase - INR 882 - Ref 330109,Shopping,electronics purchase
ETF purchase - INR 49408 - Ref 935716,Investment,etf purchase
Stock market investment - INR 3515 - Ref 966760,Investment,stock market investment
Gold bond investment - INR 16830 - Ref 900975,Investment,gold bond investment
McDonald's meal payment - INR 25955 - Ref 972905,Food,mcdonald s meal payment
Grocery food items - INR 11849 - Ref 209246,Food,grocery food items
Paid for concert ticket purchase,Entertainment,paid for concert ticket purchase
Education loan EMI - INR 41870 - Ref 951098,EMI,education loan emi
Demat account transfer - INR 32432 - Ref 429795,Investment,demat account transfer
Home loan EMI - INR 40337 - Ref 934422,EMI,home loan emi
Paid for movie theatre ticket,Entertainment,paid for movie theatre ticket
Bus ticket purchase - INR 12595 - Ref 714893,Travel,bus ticket purchase
Stock market investment - INR 24520 - Ref 603102,Investment,stock market investment
Hotel dinner bill - INR 25873 - Ref 350919,Food,hotel dinner bill
Retail store shopping - INR 11246 - Ref 265298,Shopping,retail store shopping
Swiggy order payment - INR 31706 - Ref 932368,Food,swiggy order payment
ETF purchase - INR 45709 - Ref 423045,Investment,etf purchase
Gold bond investment - INR 35491 - Ref 847039,Investment,gold bond investment
Uber ride payment - INR 7990 - Ref 974936,Travel,uber ride payment
eBay online order - INR 31851 - Ref 452794,Shopping,ebay online order
PPF contribution - INR 36429 - Ref 368216,Investment,ppf contribution
KFC online order - INR 5315 - Ref 421500,Food,kfc online order
Airport taxi fare - INR 8576 - Ref 163356,Travel,airport taxi fare
Stock market investment - INR 14478 - Ref 622429,Investment,stock market investment
ETF purchase - INR 39880 - Ref 453437,Investment,etf purchase
Monthly public transport fare,Transport,monthly public transport fare
Demat account transfer - INR 9147 - Ref 595243,Investment,demat account transfer
Ajio clothing purchase - INR 15210 - Ref 496744,Shopping,ajio clothing purchase
Gold bond investment - INR 33058 - Ref 781594,Investment,gold bond investment
Expense for video game purchase,Entertainment,expense for video game purchase
Cafe coffee purchase - INR 15609 - Ref 618466,Food,cafe coffee purchase
Zomato food delivery - INR 12881 - Ref 211570,Food,zomato food delivery
Flight ticket booking - INR 3087 - Ref 748640,Travel,flight ticket booking
McDonald's meal payment - INR 47759 - Ref 300532,Food,mcdonald s meal payment
Coursera course payment,Education,coursera course payment
Parking fee payment,Transport,parking fee payment
Bakery purchase - INR 44720 - Ref 474042,Food,bakery purchase
Grocery food items - INR 24997 - Ref 748619,Food,grocery food items
MakeMyTrip travel booking - INR 13260 - Ref 830588,Travel,makemytrip travel booking
Hotel stay booking - INR 20853 - Ref 550838,Travel,hotel stay booking
Restaurant dine-in bill - INR 37948 - Ref 121943,Food,restaurant dine in bill
Supermarket shopping - INR 47455 - Ref 558382,Shopping,supermarket shopping
McDonald's meal payment - INR 16730 - Ref 179209,Food,mcdonald s meal payment
Bus ticket purchase - INR 12300 - Ref 176263,Travel,bus ticket purchase
Gold bond investment - INR 12935 - Ref 111684,Investment,gold bond investment
Ola cab booking - INR 5439 - Ref 329482,Travel,ola cab booking
KFC online order - INR 43762 - Ref 848779,Food,kfc online order
Home loan EMI - INR 1286 - Ref 262528,EMI,home loan emi
Stock market investment - INR 23960 - Ref 877224,Investment,stock market investment
Bakery purchase - INR 33851 - Ref 242625,Food,bakery purchase
Fixed deposit investment - INR 6005 - Ref 826923,Investment,fixed deposit investment
Credit card EMI - INR 7464 - Ref 450762,EMI,credit card emi
Electronics purchase - INR 2375 - Ref 392362,Shopping,electronics purchase
Amazon online shopping - INR 32137 - Ref 404404,Shopping,amazon online shopping
Lifestyle store purchase - INR 14245 - Ref 903722,Shopping,lifestyle store purchase
Mobile EMI payment - INR 45823 - Ref 520279,EMI,mobile emi payment
Demat account transfer - INR 34030 - Ref 622018,Investment,demat account transfer
NPS contribution - INR 21588 - Ref 920601,Investment,nps contribution
Ajio clothing purchase - INR 30590 - Ref 636902,Shopping,ajio clothing purchase
Swiggy order payment - INR 43088 - Ref 957833,Food,swiggy order payment
eBay online order - INR 35298 - Ref 738914,Shopping,ebay online order
Electronics purchase - INR 24003 - Ref 370129,Shopping,electronics purchase
Expense for cable tv bill payment,Utilities,expense for cable tv bill payment
Demat account transfer - INR 47778 - Ref 995619,Investment,demat account transfer
Electronics purchase - INR 1799 - Ref 813195,Shopping,electronics purchase
KFC online order - INR 41555 - Ref 325933,Food,kfc online order
Education loan EMI - INR 11181 - Ref 107818,EMI,education loan emi
Cafe coffee purchase - INR 22595 - Ref 197363,Food,cafe coffee purchase
Gold bond investment - INR 11925 - Ref 880954,Investment,gold bond investment
Ajio clothing purchase - INR 19216 - Ref 253441,Shopping,ajio clothing purchase
KFC online order - INR 43419 - Ref 534322,Food,kfc online order
Bus ticket purchase - INR 34236 - Ref 291283,Travel,bus ticket purchase
Payment for pharmacy bill payment,Healthcare,payment for pharmacy bill payment
McDonald's meal payment - INR 42672 - Ref 694234,Food,mcdonald s meal payment
Personal loan EMI - INR 47588 - Ref 621512,EMI,personal loan emi
Supermarket shopping - INR 9543 - Ref 259714,Shopping,supermarket shopping
Bakery purchase - INR 12723 - Ref 392803,Food,bakery purchase
Payment for dentist consultation fee,Healthcare,payment for dentist consultation fee
Hotel dinner bill - INR 37778 - Ref 116020,Food,hotel dinner bill
Grocery food items - INR 8516 - Ref 611116,Food,grocery food items
Swiggy order payment - INR 48575 - Ref 910725,Food,swiggy order payment
Mutual fund SIP - INR 7514 - Ref 594113,Investment,mutual fund sip
Flipkart purchase - INR 13582 - Ref 330493,Shopping,flipkart purchase
Cafe coffee purchase - INR 45716 - Ref 797764,Food,cafe coffee purchase
Restaurant dine-in bill - INR 42287 - Ref 859183,Food,restaurant dine in bill
Education loan EMI - INR 48395 - Ref 776405,EMI,education loan emi
Zomato food delivery - INR 4003 - Ref 915409,Food,zomato food delivery
NPS contribution - INR 15926 - Ref 233572,Investment,nps contribution
Retail store shopping - INR 46116 - Ref 887671,Shopping,retail store shopping
Hotel stay booking - INR 47938 - Ref 305224,Travel,hotel stay booking
Airport taxi fare - INR 29427 - Ref 720189,Travel,airport taxi fare
Fixed deposit investment - INR 36152 - Ref 797579,Investment,fixed deposit investment
Zomato food delivery - INR 20850 - Ref 244067,Food,zomato food delivery
Grocery food items - INR 42061 - Ref 654922,Food,grocery food items
PPF contribution - INR 43322 - Ref 916891,Investment,ppf contribution
Credit card EMI - INR 40625 - Ref 657815,EMI,credit card emi
Credit card EMI - INR 775 - Ref 578126,EMI,credit card emi
Amazon online shopping - INR 49499 - Ref 530801,Shopping,amazon online shopping
eBay online order - INR 20959 - Ref 406493,Shopping,ebay online order
Consumer durable EMI - INR 1237 - Ref 579107,EMI,consumer durable emi
KFC online order - INR 7825 - Ref 364143,Food,kfc online order
Electronics purchase - INR 47820 - Ref 861963,Shopping,electronics purchase
Laptop EMI payment - INR 7000 - Ref 665824,EMI,laptop emi payment
Health insurance payment,Healthcare,health insurance payment
Home loan EMI - INR 38275 - Ref 611163,EMI,home loan emi
Grocery food items - INR 43798 - Ref 269907,Food,grocery food items
Laptop EMI payment - INR 29207 - Ref 976565,EMI,laptop emi payment
Mall shopping payment - INR 48388 - Ref 119796,Shopping,mall shopping payment
eBay online order - INR 26380 - Ref 955324,Shopping,ebay online order
Car loan EMI - INR 37980 - Ref 625320,EMI,car loan emi
Monthly pharmacy medicine purchase,Healthcare,monthly pharmacy medicine purchase
Expense for education training payment,Education,expense for education training payment
Cafe coffee purchase - INR 41127 - Ref 376173,Food,cafe coffee purchase
Hotel dinner bill - INR 42405 - Ref 255346,Food,hotel dinner bill
Flipkart purchase - INR 46557 - Ref 552313,Shopping,flipkart purchase
Laptop EMI payment - INR 16737 - Ref 519579,EMI,laptop emi payment
Laptop EMI payment - INR 47273 - Ref 924277,EMI,laptop emi payment
Monthly personal miscellaneous payment,Others,monthly personal miscellaneous payment
Monthly internet recharge,Utilities,monthly internet recharge
MakeMyTrip travel booking - INR 39776 - Ref 277087,Travel,makemytrip travel booking
Expense for miscellaneous purchase,Others,expense for miscellaneous purchase
McDonald's meal payment - INR 15077 - Ref 785138,Food,mcdonald s meal payment
Electricity bill payment,Utilities,electricity bill payment
Airport taxi fare - INR 17069 - Ref 504040,Travel,airport taxi fare
Hotel stay booking - INR 1532 - Ref 863345,Travel,hotel stay booking
Credit card EMI - INR 13841 - Ref 535840,EMI,credit card emi
NPS contribution - INR 17274 - Ref 333198,Investment,nps contribution
Personal loan EMI - INR 15049 - Ref 276716,EMI,personal loan emi
Cafe coffee purchase - INR 1177 - Ref 441742,Food,cafe coffee purchase
Home loan EMI - INR 44695 - Ref 255372,EMI,home loan emi
Personal loan EMI - INR 22725 - Ref 370418,EMI,personal loan emi
Rapido bike ride - INR 45876 - Ref 391897,Travel,rapido bike ride
ETF purchase - INR 26795 - Ref 712031,Investment,etf purchase
Uber ride payment - INR 22863 - Ref 268960,Travel,uber ride payment
Mutual fund SIP - INR 41603 - Ref 558280,Investment,mutual fund sip
Dominos pizza order - INR 33423 - Ref 752445,Food,dominos pizza order
Car loan EMI - INR 6017 - Ref 898731,EMI,car loan emi
Personal loan EMI - INR 30966 - Ref 738793,EMI,personal loan emi
Credit card EMI - INR 9984 - Ref 341353,EMI,credit card emi
Hotel dinner bill - INR 30119 - Ref 367618,Food,hotel dinner bill
Demat account transfer - INR 10015 - Ref 708187,Investment,demat account transfer
Paid for taxi fare payment,Transport,paid for taxi fare payment
Stock market investment - INR 12338 - Ref 293122,Investment,stock market investment
Grocery food items - INR 28458 - Ref 720071,Food,grocery food items
Ola cab booking - INR 31427 - Ref 540910,Travel,ola cab booking
Car loan EMI - INR 15416 - Ref 906924,EMI,car loan emi
Personal loan EMI - INR 33043 - Ref 992214,EMI,personal loan emi
Restaurant dine-in bill - INR 1755 - Ref 467054,Food,restaurant dine in bill
Ola cab booking - INR 27994 - Ref 351404,Travel,ola cab booking
Gold bond investment - INR 7251 - Ref 994593,Investment,gold bond investment
Hotel dinner bill - INR 16078 - Ref 104398,Food,hotel dinner bill
Stock market investment - INR 16393 - Ref 310106,Investment,stock market investment
Expense for personal miscellaneous payment,Others,expense for personal miscellaneous payment
Retail store shopping - INR 10673 - Ref 627871,Shopping,retail store shopping
Retirement fund investment - INR 24778 - Ref 340239,Investment,retirement fund investment
Personal loan EMI - INR 11727 - Ref 444605,EMI,personal loan emi
Paid for diesel purchase,Transport,paid for diesel purchase
Restaurant dine-in bill - INR 34940 - Ref 116779,Food,restaurant dine in bill
Paid for cab ride to office,Transport,paid for cab ride to office
Mobile EMI payment - INR 24262 - Ref 731797,EMI,mobile emi payment
Payment for phone recharge,Utilities,payment for phone recharge
Bakery purchase - INR 42536 - Ref 643797,Food,bakery purchase
Retail store shopping - INR 15746 - Ref 654053,Shopping,retail store shopping
Mutual fund SIP - INR 14408 - Ref 874375,Investment,mutual fund sip
Amazon online shopping - INR 41169 - Ref 928888,Shopping,amazon online shopping
Ajio clothing purchase - INR 20117 - Ref 837075,Shopping,ajio clothing purchase
MakeMyTrip travel booking - INR 21402 - Ref 854676,Travel,makemytrip travel booking
Paid for dental treatment payment,Healthcare,paid for dental treatment payment
Restaurant dine-in bill - INR 20448 - Ref 443424,Food,restaurant dine in bill
Electronics purchase - INR 10699 - Ref 495176,Shopping,electronics purchase
Grocery food items - INR 46539 - Ref 892286,Food,grocery food items
Hotel dinner bill - INR 43995 - Ref 445413,Food,hotel dinner bill
Gold bond investment - INR 31263 - Ref 488760,Investment,gold bond investment
Monthly coaching class fees,Education,monthly coaching class fees
Personal loan EMI - INR 33591 - Ref 720905,EMI,personal loan emi
Mutual fund SIP - INR 5203 - Ref 873919,Investment,mutual fund sip
Fixed deposit investment - INR 1958 - Ref 149387,Investment,fixed deposit investment
Laptop EMI payment - INR 3025 - Ref 562312,EMI,laptop emi payment
Restaurant dine-in bill - INR 49191 - Ref 673330,Food,restaurant dine in bill
Monthly clinic consultation,Healthcare,monthly clinic consultation
Stock market investment - INR 29640 - Ref 970975,Investment,stock market investment
Payment for water utility bill,Utilities,payment for water utility bill
Monthly entertainment subscription,Entertainment,monthly entertainment subscription
Appliance EMI - INR 15756 - Ref 704066,EMI,appliance emi
Credit card EMI - INR 31394 - Ref 852976,EMI,credit card emi
Myntra fashion order - INR 31996 - Ref 580699,Shopping,myntra fashion order
Mutual fund SIP - INR 29532 - Ref 840093,Investment,mutual fund sip
Bakery purchase - INR 29012 - Ref 948120,Food,bakery purchase
Mobile EMI payment - INR 48855 - Ref 322110,EMI,mobile emi payment
Fixed deposit investment - INR 4633 - Ref 438945,Investment,fixed deposit investment
OTT platform subscription,Entertainment,ott platform subscription
Supermarket shopping - INR 41396 - Ref 380547,Shopping,supermarket shopping
Expense for movie booking payment,Entertainment,expense for movie booking payment
Hotel dinner bill - INR 8228 - Ref 640113,Food,hotel dinner bill
Payment for utility bill payment,Utilities,payment for utility bill payment
Retirement fund investment - INR 7735 - Ref 543217,Investment,retirement fund investment
Hotel stay booking - INR 16683 - Ref 572553,Travel,hotel stay booking
Mall shopping payment - INR 7131 - Ref 305504,Shopping,mall shopping payment
MakeMyTrip travel booking - INR 9930 - Ref 191424,Travel,makemytrip travel booking
Electronics purchase - INR 598 - Ref 810443,Shopping,electronics purchase
Ajio clothing purchase - INR 3675 - Ref 484649,Shopping,ajio clothing purchase
ETF purchase - INR 44903 - Ref 777818,Investment,etf purchase
Demat account transfer - INR 38794 - Ref 591973,Investment,demat account transfer
Appliance EMI - INR 45927 - Ref 829059,EMI,appliance emi
Uber ride payment - INR 4220 - Ref 233386,Travel,uber ride payment
Airport taxi fare - INR 22529 - Ref 369959,Travel,airport taxi fare
Paid for dentist consultation fee,Healthcare,paid for dentist consultation fee
Bakery purchase - INR 33900 - Ref 509967,Food,bakery purchase
Rapido bike ride - INR 6861 - Ref 141742,Travel,rapido bike ride
Bike loan EMI - INR 47196 - Ref 363806,EMI,bike loan emi
Retirement fund investment - INR 21560 - Ref 581139,Investment,retirement fund investment
MakeMyTrip travel booking - INR 20869 - Ref 657724,Travel,makemytrip travel booking
Paid for personal miscellaneous payment,Others,paid for personal miscellaneous payment
Ajio clothing purchase - INR 35882 - Ref 161732,Shopping,ajio clothing purchase
Bus ticket purchase - INR 27110 - Ref 447864,Travel,bus ticket purchase
Paid for online streaming subscription,Entertainment,paid for online streaming subscription
Home loan EMI - INR 7856 - Ref 333358,EMI,home loan emi
Amazon online shopping - INR 13277 - Ref 658297,Shopping,amazon online shopping
Zomato food delivery - INR 36503 - Ref 348061,Food,zomato food delivery
Bakery purchase - INR 35553 - Ref 277812,Food,bakery purchase
Swiggy order payment - INR 21421 - Ref 588017,Food,swiggy order payment
Restaurant dine-in bill - INR 44861 - Ref 997669,Food,restaurant dine in bill
Hotel dinner bill - INR 18589 - Ref 497815,Food,hotel dinner bill
Home loan EMI - INR 30039 - Ref 681384,EMI,home loan emi
Appliance EMI - INR 33606 - Ref 883439,EMI,appliance emi
Laptop EMI payment - INR 13836 - Ref 350911,EMI,laptop emi payment
Gold bond investment - INR 7360 - Ref 468001,Investment,gold bond investment
Home loan EMI - INR 49918 - Ref 910980,EMI,home loan emi
Mall shopping payment - INR 6775 - Ref 584068,Shopping,mall shopping payment
Bike loan EMI - INR 12791 - Ref 578375,EMI,bike loan emi
Electronics purchase - INR 37557 - Ref 202203,Shopping,electronics purchase
Zomato food delivery - INR 47849 - Ref 469691,Food,zomato food delivery
MakeMyTrip travel booking - INR 16425 - Ref 293190,Travel,makemytrip travel booking
Amazon online shopping - INR 29702 - Ref 181618,Shopping,amazon online shopping
Flipkart purchase - INR 32834 - Ref 132793,Shopping,flipkart purchase
Mutual fund SIP - INR 1222 - Ref 324550,Investment,mutual fund sip
Retirement fund investment - INR 21582 - Ref 943569,Investment,retirement fund investment
Gold bond investment - INR 8529 - Ref 488327,Investment,gold bond investment
Mutual fund SIP - INR 35171 - Ref 225397,Investment,mutual fund sip
Payment for petrol station payment,Transport,payment for petrol station payment
Supermarket shopping - INR 7635 - Ref 809209,Shopping,supermarket shopping
Gold bond investment - INR 18213 - Ref 851026,Investment,gold bond investment
Credit card EMI - INR 30096 - Ref 986857,EMI,credit card emi
Supermarket shopping - INR 35859 - Ref 840160,Shopping,supermarket shopping
PPF contribution - INR 32995 - Ref 852408,Investment,ppf contribution
Metro card recharge - INR 42778 - Ref 676296,Travel,metro card recharge
IRCTC train ticket - INR 29561 - Ref 685237,Travel,irctc train ticket
Demat account transfer - INR 38698 - Ref 991993,Investment,demat account transfer
Consumer durable EMI - INR 37702 - Ref 983334,EMI,consumer durable emi
Paid for general transaction payment,Others,paid for general transaction payment
Uber ride payment - INR 16472 - Ref 565214,Travel,uber ride payment
Swiggy order payment - INR 46861 - Ref 243118,Food,swiggy order payment
ETF purchase - INR 26784 - Ref 498896,Investment,etf purchase
Car loan EMI - INR 679 - Ref 844560,EMI,car loan emi
Consumer durable EMI - INR 33466 - Ref 588152,EMI,consumer durable emi
Bakery purchase - INR 14950 - Ref 261068,Food,bakery purchase
Metro card recharge - INR 1715 - Ref 142824,Travel,metro card recharge
Car loan EMI - INR 7125 - Ref 266042,EMI,car loan emi
Ola cab booking - INR 39510 - Ref 862241,Travel,ola cab booking
Hotel stay booking - INR 42844 - Ref 956649,Travel,hotel stay booking
Mutual fund SIP - INR 29200 - Ref 968689,Investment,mutual fund sip
Flight ticket booking - INR 28066 - Ref 166923,Travel,flight ticket booking
Ajio clothing purchase - INR 17074 - Ref 760542,Shopping,ajio clothing purchase
Zomato food delivery - INR 1242 - Ref 747275,Food,zomato food delivery
Ola cab booking - INR 28255 - Ref 162996,Travel,ola cab booking
Personal loan EMI - INR 9037 - Ref 138326,EMI,personal loan emi
Payment for medical examination fee,Healthcare,payment for medical examination fee
Hotel dinner bill - INR 49189 - Ref 904579,Food,hotel dinner bill
Zomato food delivery - INR 28340 - Ref 415994,Food,zomato food delivery
MakeMyTrip travel booking - INR 36146 - Ref 224058,Travel,makemytrip travel booking
Demat account transfer - INR 15917 - Ref 627022,Investment,demat account transfer
Consumer durable EMI - INR 1575 - Ref 652602,EMI,consumer durable emi
Lifestyle store purchase - INR 36420 - Ref 391640,Shopping,lifestyle store purchase
Education training payment,Education,education training payment
Hotel dinner bill - INR 23231 - Ref 224394,Food,hotel dinner bill
Monthly doctor consultation fee,Healthcare,monthly doctor consultation fee
Personal loan EMI - INR 14026 - Ref 314855,EMI,personal loan emi
Bakery purchase - INR 20209 - Ref 674007,Food,bakery purchase
Laptop EMI payment - INR 9935 - Ref 461553,EMI,laptop emi payment
Gold bond investment - INR 8676 - Ref 494843,Investment,gold bond investment
Expense for metro ticket purchase,Transport,expense for metro ticket purchase
Ola cab booking - INR 25231 - Ref 975275,Travel,ola cab booking
Bus ticket purchase - INR 42038 - Ref 419320,Travel,bus ticket purchase
Flight ticket booking - INR 6367 - Ref 915326,Travel,flight ticket booking
Gold bond investment - INR 1153 - Ref 812305,Investment,gold bond investment
Rapido bike ride - INR 44667 - Ref 478634,Travel,rapido bike ride
ETF purchase - INR 12657 - Ref 609998,Investment,etf purchase
Hotel dinner bill - INR 1039 - Ref 713196,Food,hotel dinner bill
eBay online order - INR 32244 - Ref 635534,Shopping,ebay online order
eBay online order - INR 21353 - Ref 702335,Shopping,ebay online order
Credit card EMI - INR 27650 - Ref 604173,EMI,credit card emi
Restaurant dine-in bill - INR 19930 - Ref 644581,Food,restaurant dine in bill
eBay online order - INR 22806 - Ref 870911,Shopping,ebay online order
IRCTC train ticket - INR 25786 - Ref 434763,Travel,irctc train ticket
Car loan EMI - INR 10433 - Ref 183142,EMI,car loan emi
Paid for bus ticket payment,Transport,paid for bus ticket payment
Rapido bike ride - INR 45018 - Ref 728310,Travel,rapido bike ride
ETF purchase - INR 14945 - Ref 294011,Investment,etf purchase
Monthly miscellaneous personal expense,Others,monthly miscellaneous personal expense
Electronics purchase - INR 10072 - Ref 917089,Shopping,electronics purchase
Car loan EMI - INR 19110 - Ref 195735,EMI,car loan emi
Payment for gaming platform payment,Entertainment,payment for gaming platform payment
KFC online order - INR 47861 - Ref 463032,Food,kfc online order
Paid for cable tv bill payment,Utilities,paid for cable tv bill payment
Supermarket shopping - INR 23450 - Ref 151398,Shopping,supermarket shopping
Payment for electricity recharge,Utilities,payment for electricity recharge
Hotel stay booking - INR 40240 - Ref 509918,Travel,hotel stay booking
Mall shopping payment - INR 19616 - Ref 140182,Shopping,mall shopping payment
PPF contribution - INR 7063 - Ref 917464,Investment,ppf contribution
Bakery purchase - INR 36498 - Ref 331365,Food,bakery purchase
Bus ticket purchase - INR 6270 - Ref 652639,Travel,bus ticket purchase
Car loan EMI - INR 8086 - Ref 263736,EMI,car loan emi
Mall shopping payment - INR 46710 - Ref 653185,Shopping,mall shopping payment
Airport taxi fare - INR 40881 - Ref 305021,Travel,airport taxi fare
Monthly health insurance payment,Healthcare,monthly health insurance payment
Credit card EMI - INR 3498 - Ref 143846,EMI,credit card emi
Flipkart purchase - INR 33959 - Ref 916689,Shopping,flipkart purchase
Payment for bus ticket payment,Transport,payment for bus ticket payment
Dominos pizza order - INR 12020 - Ref 428352,Food,dominos pizza order
Share trading debit - INR 5132 - Ref 243340,Investment,share trading debit
IRCTC train ticket - INR 4759 - Ref 270696,Travel,irctc train ticket
Mutual fund SIP - INR 18246 - Ref 427346,Investment,mutual fund sip
Flipkart purchase - INR 21810 - Ref 545817,Shopping,flipkart purchase
Stock market investment - INR 6355 - Ref 252932,Investment,stock market investment
Hotel dinner bill - INR 2579 - Ref 929629,Food,hotel dinner bill
Metro card recharge - INR 9496 - Ref 162449,Travel,metro card recharge
eBay online order - INR 16703 - Ref 635044,Shopping,ebay online order
KFC online order - INR 22889 - Ref 516687,Food,kfc online order
Demat account transfer - INR 23688 - Ref 317294,Investment,demat account transfer
Myntra fashion order - INR 29311 - Ref 887057,Shopping,myntra fashion order
Hotel stay booking - INR 12028 - Ref 693328,Travel,hotel stay booking
Cafe coffee purchase - INR 31105 - Ref 416683,Food,cafe coffee purchase
Lifestyle store purchase - INR 18150 - Ref 498260,Shopping,lifestyle store purchase
Retirement fund investment - INR 32633 - Ref 710771,Investment,retirement fund investment
Rapido bike ride - INR 1918 - Ref 187568,Travel,rapido bike ride
Gold bond investment - INR 36776 - Ref 290892,Investment,gold bond investment
Mobile EMI payment - INR 18228 - Ref 649226,EMI,mobile emi payment
Paid for college admission fees,Education,paid for college admission fees
IRCTC train ticket - INR 26160 - Ref 521903,Travel,irctc train ticket
Uber ride payment - INR 12142 - Ref 193180,Travel,uber ride payment
Lifestyle store purchase - INR 38549 - Ref 836082,Shopping,lifestyle store purchase
Car loan EMI - INR 44675 - Ref 487601,EMI,car loan emi
Laptop EMI payment - INR 28808 - Ref 887243,EMI,laptop emi payment
Bike loan EMI - INR 48868 - Ref 574216,EMI,bike loan emi
Stock market investment - INR 25662 - Ref 716704,Investment,stock market investment
Flight ticket booking - INR 6506 - Ref 876912,Travel,flight ticket booking
IRCTC train ticket - INR 43190 - Ref 225271,Travel,irctc train ticket
Payment for general expense payment,Others,payment for general expense payment
Grocery food items - INR 38224 - Ref 514106,Food,grocery food items
Restaurant dine-in bill - INR 8745 - Ref 939831,Food,restaurant dine in bill
Lifestyle store purchase - INR 23557 - Ref 637559,Shopping,lifestyle store purchase
Laptop EMI payment - INR 25755 - Ref 723817,EMI,laptop emi payment
Ola cab booking - INR 17862 - Ref 550665,Travel,ola cab booking
Flipkart purchase - INR 8875 - Ref 787835,Shopping,flipkart purchase
Expense for doctor consultation fee,Healthcare,expense for doctor consultation fee
Rapido bike ride - INR 2863 - Ref 989652,Travel,rapido bike ride
Bakery purchase - INR 45394 - Ref 846242,Food,bakery purchase
Rapido bike ride - INR 8067 - Ref 619919,Travel,rapido bike ride
Mutual fund SIP - INR 12655 - Ref 528963,Investment,mutual fund sip
Education loan EMI - INR 33513 - Ref 432364,EMI,education loan emi
Retail store shopping - INR 36484 - Ref 898311,Shopping,retail store shopping
Credit card EMI - INR 17886 - Ref 328648,EMI,credit card emi
Personal loan EMI - INR 44700 - Ref 195668,EMI,personal loan emi
Hotel dinner bill - INR 3297 - Ref 162348,Food,hotel dinner bill
Share trading debit - INR 45489 - Ref 380317,Investment,share trading debit
Credit card EMI - INR 22100 - Ref 158758,EMI,credit card emi
Airport taxi fare - INR 391 - Ref 688830,Travel,airport taxi fare
ETF purchase - INR 17138 - Ref 737123,Investment,etf purchase
Bus ticket purchase - INR 3866 - Ref 537685,Travel,bus ticket purchase
Rapido bike ride - INR 5307 - Ref 242940,Travel,rapido bike ride
Fixed deposit investment - INR 18767 - Ref 351062,Investment,fixed deposit investment
Laptop EMI payment - INR 2872 - Ref 509587,EMI,laptop emi payment
Airport taxi fare - INR 14657 - Ref 855554,Travel,airport taxi fare
Other payment,Others,other payment
Metro card recharge - INR 18960 - Ref 474698,Travel,metro card recharge
ETF purchase - INR 5437 - Ref 633257,Investment,etf purchase
Credit card EMI - INR 12898 - Ref 262638,EMI,credit card emi
Airport taxi fare - INR 5710 - Ref 419410,Travel,airport taxi fare
Credit card EMI - INR 19402 - Ref 319361,EMI,credit card emi
Flight ticket booking - INR 5100 - Ref 172366,Travel,flight ticket booking
Restaurant dine-in bill - INR 46160 - Ref 969757,Food,restaurant dine in bill
Consumer durable EMI - INR 13586 - Ref 368787,EMI,consumer durable emi
PPF contribution - INR 43442 - Ref 894382,Investment,ppf contribution
Metro card recharge - INR 31664 - Ref 344965,Travel,metro card recharge
Lifestyle store purchase - INR 16969 - Ref 296464,Shopping,lifestyle store purchase
Gold bond investment - INR 12020 - Ref 630712,Investment,gold bond investment
Bakery purchase - INR 6974 - Ref 288135,Food,bakery purchase
Home loan EMI - INR 21269 - Ref 859916,EMI,home loan emi
Metro card recharge - INR 44872 - Ref 679027,Travel,metro card recharge
Airport taxi fare - INR 38891 - Ref 989631,Travel,airport taxi fare
Fixed deposit investment - INR 18609 - Ref 830049,Investment,fixed deposit investment
Myntra fashion order - INR 44824 - Ref 871341,Shopping,myntra fashion order
Gold bond investment - INR 14365 - Ref 618126,Investment,gold bond investment
Retirement fund investment - INR 10421 - Ref 783729,Investment,retirement fund investment
NPS contribution - INR 41004 - Ref 243206,Investment,nps contribution
Myntra fashion order - INR 46921 - Ref 370971,Shopping,myntra fashion order
Bus ticket purchase - INR 32309 - Ref 328518,Travel,bus ticket purchase
Student course fees,Education,student course fees
Expense for water monthly bill,Utilities,expense for water monthly bill
Mutual fund SIP - INR 36408 - Ref 326155,Investment,mutual fund sip
Hotel stay booking - INR 2439 - Ref 509039,Travel,hotel stay booking
NPS contribution - INR 26542 - Ref 517364,Investment,nps contribution
Bus ticket purchase - INR 17024 - Ref 899641,Travel,bus ticket purchase
Mall shopping payment - INR 32341 - Ref 983440,Shopping,mall shopping payment
Electronics purchase - INR 15489 - Ref 580098,Shopping,electronics purchase
Retirement fund investment - INR 48757 - Ref 489506,Investment,retirement fund investment
Retail store shopping - INR 3782 - Ref 772595,Shopping,retail store shopping
Uber ride payment - INR 20330 - Ref 103532,Travel,uber ride payment
Ola cab booking - INR 22476 - Ref 540340,Travel,ola cab booking
Payment for college books purchase,Education,payment for college books purchase
Gold bond investment - INR 34185 - Ref 663089,Investment,gold bond investment
Flight ticket booking - INR 29666 - Ref 310795,Travel,flight ticket booking
Monthly petrol station payment,Transport,monthly petrol station payment
Appliance EMI - INR 40422 - Ref 798384,EMI,appliance emi
Monthly miscellaneous bill payment,Others,monthly miscellaneous bill payment
KFC online order - INR 16099 - Ref 479642,Food,kfc online order
Flipkart purchase - INR 14258 - Ref 254840,Shopping,flipkart purchase
Credit card EMI - INR 21067 - Ref 543469,EMI,credit card emi
Flight ticket booking - INR 2248 - Ref 354469,Travel,flight ticket booking
Myntra fashion order - INR 38198 - Ref 443538,Shopping,myntra fashion order
Hotel stay booking - INR 47409 - Ref 237691,Travel,hotel stay booking
ETF purchase - INR 9909 - Ref 831924,Investment,etf purchase
Flipkart purchase - INR 4611 - Ref 481823,Shopping,flipkart purchase
Lifestyle store purchase - INR 46679 - Ref 599837,Shopping,lifestyle store purchase
ETF purchase - INR 19835 - Ref 447412,Investment,etf purchase
Retirement fund investment - INR 1439 - Ref 961753,Investment,retirement fund investment
Supermarket shopping - INR 15090 - Ref 139082,Shopping,supermarket shopping
Education loan EMI - INR 44547 - Ref 211664,EMI,education loan emi
Flight ticket booking - INR 49037 - Ref 499220,Travel,flight ticket booking
NPS contribution - INR 23752 - Ref 417770,Investment,nps contribution
MakeMyTrip travel booking - INR 40479 - Ref 327929,Travel,makemytrip travel booking
Gold bond investment - INR 25162 - Ref 245545,Investment,gold bond investment
NPS contribution - INR 18834 - Ref 304858,Investment,nps contribution
IRCTC train ticket - INR 12779 - Ref 771625,Travel,irctc train ticket
Retail store shopping - INR 4167 - Ref 158192,Shopping,retail store shopping
Grocery food items - INR 31829 - Ref 506970,Food,grocery food items
Paid for pharmacy bill payment,Healthcare,paid for pharmacy bill payment
Metro card recharge - INR 21919 - Ref 960884,Travel,metro card recharge
ETF purchase - INR 3729 - Ref 972993,Investment,etf purchase
Myntra fashion order - INR 42903 - Ref 602428,Shopping,myntra fashion order
Paid for blood test charges,Healthcare,paid for blood test charges
KFC online order - INR 25693 - Ref 684978,Food,kfc online order
McDonald's meal payment - INR 23166 - Ref 428819,Food,mcdonald s meal payment
MakeMyTrip travel booking - INR 19806 - Ref 989690,Travel,makemytrip travel booking
Myntra fashion order - INR 14475 - Ref 770032,Shopping,myntra fashion order
Laptop EMI payment - INR 25038 - Ref 200708,EMI,laptop emi payment
Mutual fund SIP - INR 38401 - Ref 269698,Investment,mutual fund sip
Dominos pizza order - INR 12540 - Ref 864184,Food,dominos pizza order
Fixed deposit investment - INR 7369 - Ref 517998,Investment,fixed deposit investment
Mobile EMI payment - INR 18795 - Ref 463650,EMI,mobile emi payment
Retirement fund investment - INR 48595 - Ref 448424,Investment,retirement fund investment
Electronics purchase - INR 43172 - Ref 667915,Shopping,electronics purchase
Share trading debit - INR 25197 - Ref 745860,Investment,share trading debit
Retirement fund investment - INR 10048 - Ref 635436,Investment,retirement fund investment
McDonald's meal payment - INR 21254 - Ref 115595,Food,mcdonald s meal payment
Metro card recharge - INR 29208 - Ref 795313,Travel,metro card recharge
Restaurant dine-in bill - INR 39602 - Ref 248892,Food,restaurant dine in bill
IRCTC train ticket - INR 31345 - Ref 970857,Travel,irctc train ticket
Gold bond investment - INR 39247 - Ref 851083,Investment,gold bond investment
Laptop EMI payment - INR 18714 - Ref 170438,EMI,laptop emi payment
Ola cab booking - INR 32877 - Ref 898741,Travel,ola cab booking
Monthly wifi monthly bill,Utilities,monthly wifi monthly bill
Cafe coffee purchase - INR 37879 - Ref 668161,Food,cafe coffee purchase
Swiggy order payment - INR 15486 - Ref 425550,Food,swiggy order payment
Car loan EMI - INR 10092 - Ref 809867,EMI,car loan emi
Stock market investment - INR 11024 - Ref 731759,Investment,stock market investment
Appliance EMI - INR 14019 - Ref 271419,EMI,appliance emi
Lifestyle store purchase - INR 46196 - Ref 475398,Shopping,lifestyle store purchase
Airport taxi fare - INR 291 - Ref 699320,Travel,airport taxi fare
Rapido bike ride - INR 14698 - Ref 281386,Travel,rapido bike ride
Dominos pizza order - INR 33217 - Ref 358494,Food,dominos pizza order
IRCTC train ticket - INR 2597 - Ref 878198,Travel,irctc train ticket
Cafe coffee purchase - INR 6166 - Ref 215678,Food,cafe coffee purchase
Mobile EMI payment - INR 13938 - Ref 365764,EMI,mobile emi payment
Stock market investment - INR 8746 - Ref 692731,Investment,stock market investment
Flipkart purchase - INR 46881 - Ref 763706,Shopping,flipkart purchase
IRCTC train ticket - INR 37035 - Ref 364389,Travel,irctc train ticket
Personal loan EMI - INR 8890 - Ref 621779,EMI,personal loan emi
Dominos pizza order - INR 32085 - Ref 434451,Food,dominos pizza order
Stock market investment - INR 29770 - Ref 779984,Investment,stock market investment
Uber ride payment - INR 27044 - Ref 352402,Travel,uber ride payment
Theme park ticket,Entertainment,theme park ticket
Payment for car fuel expense,Transport,payment for car fuel expense
Airport taxi fare - INR 46345 - Ref 590861,Travel,airport taxi fare
Bakery purchase - INR 16176 - Ref 272851,Food,bakery purchase
Grocery food items - INR 30963 - Ref 744603,Food,grocery food items
Online course payment,Education,online course payment
Bike loan EMI - INR 14522 - Ref 926647,EMI,bike loan emi
PPF contribution - INR 10201 - Ref 154792,Investment,ppf contribution
Rapido bike ride - INR 11605 - Ref 760945,Travel,rapido bike ride
KFC online order - INR 28997 - Ref 340454,Food,kfc online order
Demat account transfer - INR 49080 - Ref 853962,Investment,demat account transfer
Payment for concert ticket purchase,Entertainment,payment for concert ticket purchase
Dominos pizza order - INR 32789 - Ref 923441,Food,dominos pizza order
Laptop EMI payment - INR 30011 - Ref 456396,EMI,laptop emi payment
Share trading debit - INR 13375 - Ref 530239,Investment,share trading debit
Mall shopping payment - INR 24850 - Ref 993111,Shopping,mall shopping payment
Credit card EMI - INR 35789 - Ref 448571,EMI,credit card emi
Dominos pizza order - INR 8479 - Ref 773725,Food,dominos pizza order
PPF contribution - INR 30245 - Ref 711268,Investment,ppf contribution
Gold bond investment - INR 31740 - Ref 221196,Investment,gold bond investment
Home loan EMI - INR 10057 - Ref 980026,EMI,home loan emi
Monthly toll plaza payment,Transport,monthly toll plaza payment
PPF contribution - INR 23251 - Ref 760574,Investment,ppf contribution
Swiggy order payment - INR 49999 - Ref 520070,Food,swiggy order payment
Fixed deposit investment - INR 41511 - Ref 571993,Investment,fixed deposit investment
Ola cab booking - INR 47252 - Ref 259522,Travel,ola cab booking
Flight ticket booking - INR 30008 - Ref 768257,Travel,flight ticket booking
Electronics purchase - INR 49364 - Ref 511449,Shopping,electronics purchase
IRCTC train ticket - INR 13125 - Ref 986132,Travel,irctc train ticket
Share trading debit - INR 46405 - Ref 980373,Investment,share trading debit
Expense for broadband bill payment,Utilities,expense for broadband bill payment
Metro card recharge - INR 6111 - Ref 237767,Travel,metro card recharge
Electronics purchase - INR 47094 - Ref 370219,Shopping,electronics purchase
ETF purchase - INR 24160 - Ref 650780,Investment,etf purchase
Supermarket shopping - INR 30047 - Ref 747063,Shopping,supermarket shopping
Payment for parking fee payment,Transport,payment for parking fee payment
Expense for miscellaneous spending,Others,expense for miscellaneous spending
Stock market investment - INR 46472 - Ref 678242,Investment,stock market investment
Myntra fashion order - INR 2794 - Ref 413245,Shopping,myntra fashion order
eBay online order - INR 16218 - Ref 358411,Shopping,ebay online order
Car loan EMI - INR 31341 - Ref 747705,EMI,car loan emi
Car loan EMI - INR 20073 - Ref 284812,EMI,car loan emi
Utility bill payment,Utilities,utility bill payment
Monthly ola cab payment,Transport,monthly ola cab payment
Rapido bike ride - INR 3573 - Ref 412935,Travel,rapido bike ride
Myntra fashion order - INR 33508 - Ref 463952,Shopping,myntra fashion order
Lifestyle store purchase - INR 27795 - Ref 793169,Shopping,lifestyle store purchase
Grocery food items - INR 28346 - Ref 120360,Food,grocery food items
Restaurant dine-in bill - INR 24659 - Ref 812408,Food,restaurant dine in bill
PPF contribution - INR 26691 - Ref 642085,Investment,ppf contribution
Swiggy order payment - INR 15565 - Ref 103225,Food,swiggy order payment
Hotel dinner bill - INR 35642 - Ref 178337,Food,hotel dinner bill
Movie theatre ticket,Entertainment,movie theatre ticket
ETF purchase - INR 24062 - Ref 258045,Investment,etf purchase
Monthly taxi fare payment,Transport,monthly taxi fare payment
Monthly educational material purchase,Education,monthly educational material purchase
KFC online order - INR 31626 - Ref 842504,Food,kfc online order
Grocery food items - INR 16431 - Ref 102000,Food,grocery food items
Lifestyle store purchase - INR 4047 - Ref 545144,Shopping,lifestyle store purchase
Hotel dinner bill - INR 37907 - Ref 508550,Food,hotel dinner bill
Monthly ott platform subscription,Entertainment,monthly ott platform subscription
Demat account transfer - INR 21734 - Ref 671312,Investment,demat account transfer
Metro card recharge - INR 35265 - Ref 953851,Travel,metro card recharge
Zomato food delivery - INR 17322 - Ref 284349,Food,zomato food delivery
Bike loan EMI - INR 24352 - Ref 591866,EMI,bike loan emi
Swiggy order payment - INR 11989 - Ref 364089,Food,swiggy order payment
Bakery purchase - INR 29482 - Ref 459929,Food,bakery purchase
Airport taxi fare - INR 13389 - Ref 145871,Travel,airport taxi fare
Myntra fashion order - INR 31608 - Ref 466867,Shopping,myntra fashion order
Grocery food items - INR 28462 - Ref 596467,Food,grocery food items
Home loan EMI - INR 6214 - Ref 392143,EMI,home loan emi
Flipkart purchase - INR 49454 - Ref 848792,Shopping,flipkart purchase
Rapido bike ride - INR 28340 - Ref 345074,Travel,rapido bike ride
eBay online order - INR 39974 - Ref 574591,Shopping,ebay online order
Supermarket shopping - INR 31713 - Ref 685385,Shopping,supermarket shopping
Rapido bike ride - INR 27953 - Ref 526047,Travel,rapido bike ride
KFC online order - INR 29772 - Ref 194371,Food,kfc online order
Mall shopping payment - INR 29463 - Ref 560781,Shopping,mall shopping payment
Payment for doctor consultation fee,Healthcare,payment for doctor consultation fee
Home loan EMI - INR 8496 - Ref 874674,EMI,home loan emi
Myntra fashion order - INR 34066 - Ref 762646,Shopping,myntra fashion order
Retirement fund investment - INR 29260 - Ref 568436,Investment,retirement fund investment
Uber ride payment,Transport,uber ride payment
Monthly miscellaneous spending,Others,monthly miscellaneous spending
Cafe coffee purchase - INR 34426 - Ref 187328,Food,cafe coffee purchase
Cafe coffee purchase - INR 43909 - Ref 971048,Food,cafe coffee purchase
Ajio clothing purchase - INR 38057 - Ref 967638,Shopping,ajio clothing purchase
Grocery food items - INR 36249 - Ref 696399,Food,grocery food items
Consumer durable EMI - INR 47215 - Ref 740942,EMI,consumer durable emi
Metro card recharge - INR 45237 - Ref 621117,Travel,metro card recharge
Hotel stay booking - INR 30902 - Ref 830566,Travel,hotel stay booking
Stock market investment - INR 28768 - Ref 558975,Investment,stock market investment
Mobile EMI payment - INR 30945 - Ref 799260,EMI,mobile emi payment
Airport taxi fare - INR 46430 - Ref 490532,Travel,airport taxi fare
Hotel dinner bill - INR 13391 - Ref 705536,Food,hotel dinner bill
Flight ticket booking - INR 19929 - Ref 631171,Travel,flight ticket booking
Pharmacy medicine purchase,Healthcare,pharmacy medicine purchase
NPS contribution - INR 5605 - Ref 636175,Investment,nps contribution
Bike loan EMI - INR 23070 - Ref 707877,EMI,bike loan emi
Mutual fund SIP - INR 16659 - Ref 810133,Investment,mutual fund sip
Medical examination fee,Healthcare,medical examination fee
Appliance EMI - INR 26241 - Ref 229789,EMI,appliance emi
Fixed deposit investment - INR 32468 - Ref 130029,Investment,fixed deposit investment
Hotel stay booking - INR 34751 - Ref 386972,Travel,hotel stay booking
Myntra fashion order - INR 2901 - Ref 216207,Shopping,myntra fashion order
Appliance EMI - INR 25634 - Ref 105919,EMI,appliance emi
Paid for bookmyshow movie ticket,Entertainment,paid for bookmyshow movie ticket
Personal loan EMI - INR 13233 - Ref 268730,EMI,personal loan emi
NPS contribution - INR 7919 - Ref 549595,Investment,nps contribution
Restaurant dine-in bill - INR 43484 - Ref 840065,Food,restaurant dine in bill
Zomato food delivery - INR 36050 - Ref 824779,Food,zomato food delivery
Expense for water bill payment,Utilities,expense for water bill payment
Stock market investment - INR 10427 - Ref 366851,Investment,stock market investment
KFC online order - INR 27481 - Ref 373976,Food,kfc online order
Airport taxi fare - INR 22449 - Ref 926033,Travel,airport taxi fare
Retail store shopping - INR 18782 - Ref 958604,Shopping,retail store shopping
Hotel dinner bill - INR 25465 - Ref 479162,Food,hotel dinner bill
Retirement fund investment - INR 4613 - Ref 510785,Investment,retirement fund investment
ETF purchase - INR 22119 - Ref 724509,Investment,etf purchase
Ajio clothing purchase - INR 27122 - Ref 784365,Shopping,ajio clothing purchase
Restaurant dine-in bill - INR 47626 - Ref 982048,Food,restaurant dine in bill
Home loan EMI - INR 18065 - Ref 445616,EMI,home loan emi
Flight ticket booking - INR 1954 - Ref 798242,Travel,flight ticket booking
Flipkart purchase - INR 29892 - Ref 653933,Shopping,flipkart purchase
Demat account transfer - INR 36884 - Ref 705618,Investment,demat account transfer
Laptop EMI payment - INR 23569 - Ref 130603,EMI,laptop emi payment
Hotel dinner bill - INR 20104 - Ref 684060,Food,hotel dinner bill
Retail store shopping - INR 36758 - Ref 141811,Shopping,retail store shopping
Paid for udemy course purchase,Education,paid for udemy course purchase
Personal loan EMI - INR 40990 - Ref 970184,EMI,personal loan emi
Education loan EMI - INR 36298 - Ref 644089,EMI,education loan emi
Retail store shopping - INR 20084 - Ref 566940,Shopping,retail store shopping
Retirement fund investment - INR 12174 - Ref 797953,Investment,retirement fund investment
Electronics purchase - INR 3867 - Ref 372025,Shopping,electronics purchase
Ola cab booking - INR 30224 - Ref 622036,Travel,ola cab booking
IRCTC train ticket - INR 14799 - Ref 595830,Travel,irctc train ticket
General purchase expense,Others,general purchase expense
Credit card EMI - INR 46000 - Ref 337173,EMI,credit card emi
Mutual fund SIP - INR 32232 - Ref 622206,Investment,mutual fund sip
Personal loan EMI - INR 48906 - Ref 435534,EMI,personal loan emi
Flipkart purchase - INR 44854 - Ref 595686,Shopping,flipkart purchase
Metro card recharge - INR 33203 - Ref 640685,Travel,metro card recharge
Home loan EMI - INR 1364 - Ref 460622,EMI,home loan emi
Grocery food items - INR 49880 - Ref 969016,Food,grocery food items
PPF contribution - INR 39093 - Ref 311151,Investment,ppf contribution
Demat account transfer - INR 11531 - Ref 878558,Investment,demat account transfer
Lifestyle store purchase - INR 794 - Ref 179457,Shopping,lifestyle store purchase
Ola cab booking - INR 38795 - Ref 637273,Travel,ola cab booking
Rapido bike ride - INR 17233 - Ref 788462,Travel,rapido bike ride
Mall shopping payment - INR 49570 - Ref 403662,Shopping,mall shopping payment
Bike loan EMI - INR 5979 - Ref 784359,EMI,bike loan emi
Demat account transfer - INR 32348 - Ref 590279,Investment,demat account transfer
Home loan EMI - INR 47646 - Ref 897956,EMI,home loan emi
IRCTC train ticket - INR 34310 - Ref 714087,Travel,irctc train ticket
Dominos pizza order - INR 21313 - Ref 171429,Food,dominos pizza order
Expense for educational course purchase,Education,expense for educational course purchase
Electronics purchase - INR 24559 - Ref 951390,Shopping,electronics purchase
Retail store shopping - INR 8985 - Ref 686207,Shopping,retail store shopping
Lifestyle store purchase - INR 18079 - Ref 985905,Shopping,lifestyle store purchase
Demat account transfer - INR 34347 - Ref 855185,Investment,demat account transfer
Bike loan EMI - INR 33404 - Ref 279264,EMI,bike loan emi
Electronics purchase - INR 16635 - Ref 270145,Shopping,electronics purchase
Personal loan EMI - INR 44336 - Ref 577410,EMI,personal loan emi
Mall shopping payment - INR 47117 - Ref 877418,Shopping,mall shopping payment
Share trading debit - INR 22056 - Ref 635727,Investment,share trading debit
Bus ticket payment,Transport,bus ticket payment
PPF contribution - INR 13040 - Ref 210759,Investment,ppf contribution
Appliance EMI - INR 37140 - Ref 542182,EMI,appliance emi
McDonald's meal payment - INR 2586 - Ref 122466,Food,mcdonald s meal payment
Metro card recharge - INR 28127 - Ref 354714,Travel,metro card recharge
Car loan EMI - INR 35749 - Ref 649074,EMI,car loan emi
Hotel stay booking - INR 42717 - Ref 695353,Travel,hotel stay booking
Demat account transfer - INR 30721 - Ref 698109,Investment,demat account transfer
MakeMyTrip travel booking - INR 10916 - Ref 562656,Travel,makemytrip travel booking
Credit card EMI - INR 43757 - Ref 882884,EMI,credit card emi
Consumer durable EMI - INR 38542 - Ref 233605,EMI,consumer durable emi
Dominos pizza order - INR 1678 - Ref 233928,Food,dominos pizza order
Airport taxi fare - INR 2736 - Ref 923140,Travel,airport taxi fare
Miscellaneous purchase,Others,miscellaneous purchase
KFC online order - INR 24663 - Ref 406844,Food,kfc online order
Car loan EMI - INR 34335 - Ref 990396,EMI,car loan emi
Swiggy order payment - INR 11992 - Ref 594899,Food,swiggy order payment
Paid for spotify premium subscription,Entertainment,paid for spotify premium subscription
eBay online order - INR 47215 - Ref 268369,Shopping,ebay online order
ETF purchase - INR 44226 - Ref 241163,Investment,etf purchase
Myntra fashion order - INR 858 - Ref 271324,Shopping,myntra fashion order
Mobile EMI payment - INR 23485 - Ref 617533,EMI,mobile emi payment
Bakery purchase - INR 22951 - Ref 412233,Food,bakery purchase
Mutual fund SIP - INR 48855 - Ref 992967,Investment,mutual fund sip
Uber ride payment - INR 44824 - Ref 325271,Travel,uber ride payment
Consumer durable EMI - INR 28561 - Ref 894192,EMI,consumer durable emi
Miscellaneous payment,Others,miscellaneous payment
Monthly cable tv bill payment,Utilities,monthly cable tv bill payment
Retirement fund investment - INR 22740 - Ref 355408,Investment,retirement fund investment
Appliance EMI - INR 16855 - Ref 192043,EMI,appliance emi
Mutual fund SIP - INR 27866 - Ref 225853,Investment,mutual fund sip
Flight ticket booking - INR 21710 - Ref 761381,Travel,flight ticket booking
Demat account transfer - INR 30724 - Ref 421914,Investment,demat account transfer
Airport taxi fare - INR 42678 - Ref 497999,Travel,airport taxi fare
NPS contribution - INR 24061 - Ref 966525,Investment,nps contribution
Bike loan EMI - INR 8339 - Ref 872527,EMI,bike loan emi
Lifestyle store purchase - INR 28808 - Ref 284587,Shopping,lifestyle store purchase
Amazon online shopping - INR 20595 - Ref 575989,Shopping,amazon online shopping
Paid for general miscellaneous payment,Others,paid for general miscellaneous payment
Laptop EMI payment - INR 14572 - Ref 576168,EMI,laptop emi payment
Personal loan EMI - INR 33621 - Ref 860086,EMI,personal loan emi
Gold bond investment - INR 26091 - Ref 383303,Investment,gold bond investment
Gold bond investment - INR 16634 - Ref 706261,Investment,gold bond investment
Gold bond investment - INR 918 - Ref 271840,Investment,gold bond investment
Laptop EMI payment - INR 47429 - Ref 612213,EMI,laptop emi payment
Stock market investment - INR 39608 - Ref 115710,Investment,stock market investment
Fixed deposit investment - INR 12893 - Ref 464746,Investment,fixed deposit investment
Mutual fund SIP - INR 10738 - Ref 405585,Investment,mutual fund sip
Metro card recharge - INR 10686 - Ref 376985,Travel,metro card recharge
Metro card recharge - INR 32212 - Ref 789917,Travel,metro card recharge
PPF contribution - INR 15448 - Ref 829190,Investment,ppf contribution
Expense for diesel purchase,Transport,expense for diesel purchase
Hotel stay booking - INR 36344 - Ref 309911,Travel,hotel stay booking
Retirement fund investment - INR 13265 - Ref 860285,Investment,retirement fund investment
Share trading debit - INR 20155 - Ref 664928,Investment,share trading debit
MakeMyTrip travel booking - INR 36268 - Ref 527187,Travel,makemytrip travel booking
Electronics purchase - INR 1814 - Ref 675704,Shopping,electronics purchase
Metro card recharge - INR 10912 - Ref 900086,Travel,metro card recharge
Retail store shopping - INR 25153 - Ref 290837,Shopping,retail store shopping
Personal loan EMI - INR 9082 - Ref 101641,EMI,personal loan emi
Lifestyle store purchase - INR 24366 - Ref 533171,Shopping,lifestyle store purchase
Metro card recharge - INR 4126 - Ref 533496,Travel,metro card recharge
eBay online order - INR 12123 - Ref 390149,Shopping,ebay online order
McDonald's meal payment - INR 39386 - Ref 180403,Food,mcdonald s meal payment
Car loan EMI - INR 2614 - Ref 392769,EMI,car loan emi
KFC online order - INR 39788 - Ref 728626,Food,kfc online order
NPS contribution - INR 27901 - Ref 910245,Investment,nps contribution
Demat account transfer - INR 40589 - Ref 132147,Investment,demat account transfer
Retirement fund investment - INR 24157 - Ref 298346,Investment,retirement fund investment
Share trading debit - INR 13598 - Ref 819726,Investment,share trading debit
Cafe coffee purchase - INR 17613 - Ref 558696,Food,cafe coffee purchase
Stock market investment - INR 23501 - Ref 961472,Investment,stock market investment
NPS contribution - INR 36206 - Ref 378331,Investment,nps contribution
Gold bond investment - INR 26659 - Ref 812929,Investment,gold bond investment
Supermarket shopping - INR 43303 - Ref 260688,Shopping,supermarket shopping
Retirement fund investment - INR 10699 - Ref 586874,Investment,retirement fund investment
McDonald's meal payment - INR 13283 - Ref 697544,Food,mcdonald s meal payment
General expense payment,Others,general expense payment
Mobile EMI payment - INR 49387 - Ref 779033,EMI,mobile emi payment
ETF purchase - INR 37062 - Ref 153636,Investment,etf purchase
Monthly general household expense,Others,monthly general household expense
Demat account transfer - INR 26333 - Ref 983141,Investment,demat account transfer
Payment for internet recharge,Utilities,payment for internet recharge
Education loan EMI - INR 16051 - Ref 173253,EMI,education loan emi
Hotel stay booking - INR 17378 - Ref 720479,Travel,hotel stay booking
Expense for theme park ticket,Entertainment,expense for theme park ticket
Monthly music subscription payment,Entertainment,monthly music subscription payment
Grocery food items - INR 28761 - Ref 495857,Food,grocery food items
Ajio clothing purchase - INR 14135 - Ref 737369,Shopping,ajio clothing purchase
Credit card EMI - INR 8482 - Ref 960719,EMI,credit card emi
Bus ticket purchase - INR 8216 - Ref 503951,Travel,bus ticket purchase
ETF purchase - INR 5063 - Ref 417548,Investment,etf purchase
PPF contribution - INR 44356 - Ref 617963,Investment,ppf contribution
IRCTC train ticket - INR 12722 - Ref 698227,Travel,irctc train ticket
eBay online order - INR 22690 - Ref 694501,Shopping,ebay online order
Hotel stay booking - INR 4163 - Ref 617862,Travel,hotel stay booking
Paid for college semester fees,Education,paid for college semester fees
Uber ride payment - INR 15442 - Ref 841055,Travel,uber ride payment
MakeMyTrip travel booking - INR 349 - Ref 337425,Travel,makemytrip travel booking
KFC online order - INR 23686 - Ref 637442,Food,kfc online order
Myntra fashion order - INR 31276 - Ref 525661,Shopping,myntra fashion order
Consumer durable EMI - INR 32757 - Ref 516162,EMI,consumer durable emi
Stock market investment - INR 2958 - Ref 677020,Investment,stock market investment
Appliance EMI - INR 19344 - Ref 117404,EMI,appliance emi
eBay online order - INR 12785 - Ref 138893,Shopping,ebay online order
IRCTC train ticket - INR 33634 - Ref 794999,Travel,irctc train ticket
Retirement fund investment - INR 1166 - Ref 237825,Investment,retirement fund investment
Cafe coffee purchase - INR 17733 - Ref 361517,Food,cafe coffee purchase
Bakery purchase - INR 3130 - Ref 536940,Food,bakery purchase
Mutual fund SIP - INR 42416 - Ref 795618,Investment,mutual fund sip
Gold bond investment - INR 23215 - Ref 961270,Investment,gold bond investment
Airport taxi fare - INR 40249 - Ref 624315,Travel,airport taxi fare
Restaurant dine-in bill - INR 49950 - Ref 949608,Food,restaurant dine in bill
NPS contribution - INR 20507 - Ref 199501,Investment,nps contribution
Mobile EMI payment - INR 2333 - Ref 211002,EMI,mobile emi payment
Swiggy order payment - INR 6433 - Ref 705034,Food,swiggy order payment
Hotel stay booking - INR 1268 - Ref 645673,Travel,hotel stay booking
Ola cab booking - INR 27813 - Ref 498449,Travel,ola cab booking
Supermarket shopping - INR 43884 - Ref 625826,Shopping,supermarket shopping
Share trading debit - INR 4273 - Ref 705307,Investment,share trading debit
Stock market investment - INR 44828 - Ref 712647,Investment,stock market investment
Cafe coffee purchase - INR 21838 - Ref 195202,Food,cafe coffee purchase
Flight ticket booking - INR 405 - Ref 816151,Travel,flight ticket booking
Dominos pizza order - INR 48772 - Ref 598861,Food,dominos pizza order
Mall shopping payment - INR 35361 - Ref 790594,Shopping,mall shopping payment
Retirement fund investment - INR 42397 - Ref 945139,Investment,retirement fund investment
Retirement fund investment - INR 27743 - Ref 911069,Investment,retirement fund investment
Mutual fund SIP - INR 1607 - Ref 654368,Investment,mutual fund sip
Appliance EMI - INR 9009 - Ref 624251,EMI,appliance emi
Metro card recharge - INR 13861 - Ref 163377,Travel,metro card recharge
ETF purchase - INR 1494 - Ref 627601,Investment,etf purchase
Hotel dinner bill - INR 29347 - Ref 582728,Food,hotel dinner bill
Restaurant dine-in bill - INR 47502 - Ref 331445,Food,restaurant dine in bill
Retail store shopping - INR 4555 - Ref 782202,Shopping,retail store shopping
Laptop EMI payment - INR 21857 - Ref 209735,EMI,laptop emi payment
MakeMyTrip travel booking - INR 41016 - Ref 110976,Travel,makemytrip travel booking
Ola cab booking - INR 6173 - Ref 440387,Travel,ola cab booking
Laptop EMI payment - INR 24148 - Ref 442214,EMI,laptop emi payment
Mutual fund SIP - INR 38759 - Ref 680260,Investment,mutual fund sip
Hotel dinner bill - INR 6335 - Ref 152284,Food,hotel dinner bill
Paid for metro ticket purchase,Transport,paid for metro ticket purchase
IRCTC train ticket - INR 39825 - Ref 421773,Travel,irctc train ticket
Payment for electricity monthly bill,Utilities,payment for electricity monthly bill
Appliance EMI - INR 13630 - Ref 779265,EMI,appliance emi
Metro card recharge - INR 23396 - Ref 347417,Travel,metro card recharge
Bike loan EMI - INR 28748 - Ref 381877,EMI,bike loan emi
MakeMyTrip travel booking - INR 15875 - Ref 614231,Travel,makemytrip travel booking
Metro card recharge - INR 37330 - Ref 546313,Travel,metro card recharge
Payment for cable tv bill payment,Utilities,payment for cable tv bill payment
Rapido bike ride - INR 10060 - Ref 947548,Travel,rapido bike ride
Hotel dinner bill - INR 16838 - Ref 225876,Food,hotel dinner bill
Personal loan EMI - INR 28254 - Ref 708703,EMI,personal loan emi
Retirement fund investment - INR 20525 - Ref 733809,Investment,retirement fund investment
Car loan EMI - INR 5497 - Ref 448247,EMI,car loan emi
Retail store shopping - INR 13863 - Ref 420337,Shopping,retail store shopping
Mutual fund SIP - INR 31429 - Ref 917488,Investment,mutual fund sip
Lifestyle store purchase - INR 45907 - Ref 501146,Shopping,lifestyle store purchase
Paid for theme park ticket,Entertainment,paid for theme park ticket
Paid for medical test payment,Healthcare,paid for medical test payment
Uber ride payment - INR 8446 - Ref 172842,Travel,uber ride payment
Payment for netflix monthly subscription,Entertainment,payment for netflix monthly subscription
Consumer durable EMI - INR 24528 - Ref 450959,EMI,consumer durable emi
Zomato food delivery - INR 28840 - Ref 792515,Food,zomato food delivery
Myntra fashion order - INR 49626 - Ref 362762,Shopping,myntra fashion order
Amazon online shopping - INR 7817 - Ref 344366,Shopping,amazon online shopping
Cafe coffee purchase - INR 19030 - Ref 456872,Food,cafe coffee purchase
IRCTC train ticket - INR 20819 - Ref 717276,Travel,irctc train ticket
Bakery purchase - INR 28145 - Ref 463786,Food,bakery purchase
Amazon online shopping - INR 25745 - Ref 737052,Shopping,amazon online shopping
Flight ticket booking - INR 9781 - Ref 714692,Travel,flight ticket booking
Retail store shopping - INR 29950 - Ref 697775,Shopping,retail store shopping
IRCTC train ticket - INR 27749 - Ref 466639,Travel,irctc train ticket
Stock market investment - INR 8233 - Ref 777289,Investment,stock market investment
Demat account transfer - INR 30510 - Ref 487055,Investment,demat account transfer
Myntra fashion order - INR 24801 - Ref 315587,Shopping,myntra fashion order
IRCTC train ticket - INR 26823 - Ref 252748,Travel,irctc train ticket
Flipkart purchase - INR 25592 - Ref 926764,Shopping,flipkart purchase
IRCTC train ticket - INR 43636 - Ref 492293,Travel,irctc train ticket
Stock market investment - INR 4379 - Ref 818035,Investment,stock market investment
Amazon online shopping - INR 6075 - Ref 108155,Shopping,amazon online shopping
Uber ride payment - INR 24794 - Ref 737915,Travel,uber ride payment
Electronics purchase - INR 49313 - Ref 844484,Shopping,electronics purchase
Consumer durable EMI - INR 22213 - Ref 466057,EMI,consumer durable emi
Monthly medicine purchase,Healthcare,monthly medicine purchase
Ola cab booking - INR 29532 - Ref 949053,Travel,ola cab booking
Electronics purchase - INR 42516 - Ref 214057,Shopping,electronics purchase
PPF contribution - INR 978 - Ref 227414,Investment,ppf contribution
Bakery purchase - INR 11377 - Ref 583429,Food,bakery purchase
Restaurant dine-in bill - INR 31056 - Ref 180963,Food,restaurant dine in bill
Cafe coffee purchase - INR 18713 - Ref 947765,Food,cafe coffee purchase
IRCTC train ticket - INR 38735 - Ref 350931,Travel,irctc train ticket
Metro card recharge - INR 35345 - Ref 807464,Travel,metro card recharge
Payment for movie theatre ticket,Entertainment,payment for movie theatre ticket
Netflix monthly subscription,Entertainment,netflix monthly subscription
Retail store shopping - INR 37013 - Ref 213600,Shopping,retail store shopping
Mutual fund SIP - INR 4080 - Ref 179513,Investment,mutual fund sip
Flipkart purchase - INR 40190 - Ref 542069,Shopping,flipkart purchase
Gold bond investment - INR 23047 - Ref 659129,Investment,gold bond investment
Rapido bike ride - INR 39286 - Ref 398441,Travel,rapido bike ride
Retail store shopping - INR 29569 - Ref 848552,Shopping,retail store shopping
Hotel dinner bill - INR 3476 - Ref 573899,Food,hotel dinner bill
KFC online order - INR 46393 - Ref 302037,Food,kfc online order
Swiggy order payment - INR 48082 - Ref 300997,Food,swiggy order payment
Metro card recharge - INR 16974 - Ref 543400,Travel,metro card recharge
Mall shopping payment - INR 44886 - Ref 250718,Shopping,mall shopping payment
ETF purchase - INR 18114 - Ref 325223,Investment,etf purchase
Mutual fund SIP - INR 47808 - Ref 903528,Investment,mutual fund sip
Paid for gas utility bill,Utilities,paid for gas utility bill
Fixed deposit investment - INR 22671 - Ref 946517,Investment,fixed deposit investment
Credit card EMI - INR 35854 - Ref 283675,EMI,credit card emi
KFC online order - INR 14638 - Ref 293034,Food,kfc online order
Restaurant dine-in bill - INR 26184 - Ref 970866,Food,restaurant dine in bill
Uber ride payment - INR 34996 - Ref 801950,Travel,uber ride payment
Grocery food items - INR 22235 - Ref 500828,Food,grocery food items
PPF contribution - INR 34943 - Ref 523525,Investment,ppf contribution
Amazon online shopping - INR 10992 - Ref 899578,Shopping,amazon online shopping
Zomato food delivery - INR 44331 - Ref 669138,Food,zomato food delivery
Demat account transfer - INR 26573 - Ref 129056,Investment,demat account transfer
IRCTC train ticket - INR 11225 - Ref 788201,Travel,irctc train ticket
Uber ride payment - INR 35569 - Ref 916587,Travel,uber ride payment
Monthly prescription medicine purchase,Healthcare,monthly prescription medicine purchase
Ajio clothing purchase - INR 23124 - Ref 616202,Shopping,ajio clothing purchase
NPS contribution - INR 48106 - Ref 886697,Investment,nps contribution
Metro card recharge - INR 10691 - Ref 989120,Travel,metro card recharge
Paid for medicine purchase,Healthcare,paid for medicine purchase
Monthly internet bill payment,Utilities,monthly internet bill payment
Consumer durable EMI - INR 11767 - Ref 749455,EMI,consumer durable emi
Stock market investment - INR 48286 - Ref 929380,Investment,stock market investment
Retail store shopping - INR 19225 - Ref 114441,Shopping,retail store shopping
Airport taxi fare - INR 46717 - Ref 481549,Travel,airport taxi fare
Swiggy order payment - INR 49968 - Ref 797637,Food,swiggy order payment
Education loan EMI - INR 43775 - Ref 234314,EMI,education loan emi
Personal loan EMI - INR 32896 - Ref 450463,EMI,personal loan emi
Zomato food delivery - INR 5506 - Ref 645744,Food,zomato food delivery
Amazon online shopping - INR 12517 - Ref 728898,Shopping,amazon online shopping
Bike loan EMI - INR 33986 - Ref 563007,EMI,bike loan emi
Airport taxi fare - INR 28433 - Ref 683316,Travel,airport taxi fare
Bike loan EMI - INR 17048 - Ref 128196,EMI,bike loan emi
Amazon online shopping - INR 45492 - Ref 424455,Shopping,amazon online shopping
Ajio clothing purchase - INR 13608 - Ref 796108,Shopping,ajio clothing purchase
Expense for pharmacy medicine purchase,Healthcare,expense for pharmacy medicine purchase
Appliance EMI - INR 30681 - Ref 907552,EMI,appliance emi
Demat account transfer - INR 23078 - Ref 273936,Investment,demat account transfer
Restaurant dine-in bill - INR 37725 - Ref 712879,Food,restaurant dine in bill
Rapido bike ride - INR 36467 - Ref 867683,Travel,rapido bike ride
Restaurant dine-in bill - INR 46468 - Ref 572157,Food,restaurant dine in bill
Share trading debit - INR 11487 - Ref 800483,Investment,share trading debit
KFC online order - INR 11393 - Ref 120332,Food,kfc online order
Hotel stay booking - INR 20447 - Ref 605887,Travel,hotel stay booking
Ola cab booking - INR 29755 - Ref 300556,Travel,ola cab booking
Flight ticket booking - INR 33149 - Ref 592825,Travel,flight ticket booking
Bike loan EMI - INR 15470 - Ref 453189,EMI,bike loan emi
MakeMyTrip travel booking - INR 4369 - Ref 913683,Travel,makemytrip travel booking
Retirement fund investment - INR 19891 - Ref 566850,Investment,retirement fund investment
PPF contribution - INR 40208 - Ref 518185,Investment,ppf contribution
Mall shopping payment - INR 44934 - Ref 527694,Shopping,mall shopping payment
KFC online order - INR 29759 - Ref 818700,Food,kfc online order
Demat account transfer - INR 1048 - Ref 493238,Investment,demat account transfer
Restaurant dine-in bill - INR 6141 - Ref 486350,Food,restaurant dine in bill
Rapido bike ride - INR 47139 - Ref 116593,Travel,rapido bike ride
Expense for wifi monthly bill,Utilities,expense for wifi monthly bill
Stock market investment - INR 48690 - Ref 110595,Investment,stock market investment
College tuition payment,Education,college tuition payment
Flipkart purchase - INR 35521 - Ref 779252,Shopping,flipkart purchase
Retail store shopping - INR 49466 - Ref 207601,Shopping,retail store shopping
Uber ride payment - INR 34671 - Ref 249047,Travel,uber ride payment
Education loan EMI - INR 23012 - Ref 267718,EMI,education loan emi
eBay online order - INR 8306 - Ref 284346,Shopping,ebay online order
Flight ticket booking - INR 22210 - Ref 523645,Travel,flight ticket booking
Metro card recharge - INR 44179 - Ref 229761,Travel,metro card recharge
Fixed deposit investment - INR 32357 - Ref 689940,Investment,fixed deposit investment
Payment for educational material purchase,Education,payment for educational material purchase
Hotel stay booking - INR 21784 - Ref 949639,Travel,hotel stay booking
Amazon online shopping - INR 24175 - Ref 277918,Shopping,amazon online shopping
Rapido bike ride - INR 11412 - Ref 632827,Travel,rapido bike ride
Electronics purchase - INR 26709 - Ref 859915,Shopping,electronics purchase
Rapido bike ride - INR 17280 - Ref 507157,Travel,rapido bike ride
Personal loan EMI - INR 18528 - Ref 451659,EMI,personal loan emi
Mobile EMI payment - INR 26761 - Ref 452638,EMI,mobile emi payment
Demat account transfer - INR 11352 - Ref 744963,Investment,demat account transfer
Ola cab booking - INR 3931 - Ref 410311,Travel,ola cab booking
Retail store shopping - INR 15779 - Ref 784539,Shopping,retail store shopping
Car loan EMI - INR 34198 - Ref 103127,EMI,car loan emi
Fixed deposit investment - INR 40616 - Ref 765529,Investment,fixed deposit investment
Hotel stay booking - INR 11837 - Ref 864886,Travel,hotel stay booking
Mobile EMI payment - INR 8634 - Ref 160902,EMI,mobile emi payment
Payment for hospital consultation fee,Healthcare,payment for hospital consultation fee
Mutual fund SIP - INR 7868 - Ref 301137,Investment,mutual fund sip
Car loan EMI - INR 40818 - Ref 370422,EMI,car loan emi
Lifestyle store purchase - INR 47487 - Ref 130487,Shopping,lifestyle store purchase
Retirement fund investment - INR 1905 - Ref 844740,Investment,retirement fund investment
NPS contribution - INR 49951 - Ref 669056,Investment,nps contribution
Unclassified personal expense,Others,unclassified personal expense
Gold bond investment - INR 8116 - Ref 252852,Investment,gold bond investment
Airport taxi fare - INR 28460 - Ref 129967,Travel,airport taxi fare
Mall shopping payment - INR 38165 - Ref 411585,Shopping,mall shopping payment
Public transport fare,Transport,public transport fare
IRCTC train ticket - INR 1671 - Ref 805970,Travel,irctc train ticket
Home loan EMI - INR 1820 - Ref 616425,EMI,home loan emi
Hotel dinner bill - INR 39043 - Ref 215113,Food,hotel dinner bill
Lifestyle store purchase - INR 40621 - Ref 653335,Shopping,lifestyle store purchase
PPF contribution - INR 15552 - Ref 979815,Investment,ppf contribution
Retail store shopping - INR 43024 - Ref 808401,Shopping,retail store shopping
Flipkart purchase - INR 39281 - Ref 218757,Shopping,flipkart purchase
Ola cab booking - INR 30501 - Ref 763241,Travel,ola cab booking
Metro card recharge - INR 24180 - Ref 866166,Travel,metro card recharge
Hotel dinner bill - INR 21079 - Ref 743247,Food,hotel dinner bill
Retail store shopping - INR 37981 - Ref 251891,Shopping,retail store shopping
ETF purchase - INR 24356 - Ref 660826,Investment,etf purchase
Retirement fund investment - INR 41644 - Ref 975014,Investment,retirement fund investment
Hotel dinner bill - INR 46934 - Ref 164979,Food,hotel dinner bill
Education loan EMI - INR 5093 - Ref 474606,EMI,education loan emi
Gold bond investment - INR 49927 - Ref 930758,Investment,gold bond investment
Hospital treatment bill,Healthcare,hospital treatment bill
MakeMyTrip travel booking - INR 8621 - Ref 886137,Travel,makemytrip travel booking
Mall shopping payment - INR 42348 - Ref 531767,Shopping,mall shopping payment
Payment for general transaction payment,Others,payment for general transaction payment
Paid for health checkup fee,Healthcare,paid for health checkup fee
Mall shopping payment - INR 46664 - Ref 276701,Shopping,mall shopping payment
Demat account transfer - INR 3847 - Ref 411010,Investment,demat account transfer
Demat account transfer - INR 14689 - Ref 279565,Investment,demat account transfer
Lifestyle store purchase - INR 25426 - Ref 652249,Shopping,lifestyle store purchase
Gold bond investment - INR 15398 - Ref 152878,Investment,gold bond investment
Retail store shopping - INR 12103 - Ref 376427,Shopping,retail store shopping
Education loan EMI - INR 7955 - Ref 505962,EMI,education loan emi
Retail store shopping - INR 20506 - Ref 430948,Shopping,retail store shopping
ETF purchase - INR 18858 - Ref 314700,Investment,etf purchase
Demat account transfer - INR 25383 - Ref 247130,Investment,demat account transfer
Electronics purchase - INR 47680 - Ref 317890,Shopping,electronics purchase
Gas utility bill,Utilities,gas utility bill
Cafe coffee purchase - INR 16916 - Ref 369102,Food,cafe coffee purchase
IRCTC train ticket - INR 16719 - Ref 281338,Travel,irctc train ticket
Car loan EMI - INR 5299 - Ref 284270,EMI,car loan emi
Mutual fund SIP - INR 45486 - Ref 249027,Investment,mutual fund sip
Electronics purchase - INR 37803 - Ref 433450,Shopping,electronics purchase
Personal loan EMI - INR 45541 - Ref 471150,EMI,personal loan emi
Laptop EMI payment - INR 1007 - Ref 607224,EMI,laptop emi payment
Mutual fund SIP - INR 803 - Ref 477185,Investment,mutual fund sip
Demat account transfer - INR 24263 - Ref 199656,Investment,demat account transfer
Mutual fund SIP - INR 7918 - Ref 632307,Investment,mutual fund sip
Consumer durable EMI - INR 1374 - Ref 959092,EMI,consumer durable emi
Lifestyle store purchase - INR 48695 - Ref 207863,Shopping,lifestyle store purchase
Mutual fund SIP - INR 39837 - Ref 544490,Investment,mutual fund sip
Credit card EMI - INR 11610 - Ref 501763,EMI,credit card emi
Cafe coffee purchase - INR 20270 - Ref 340372,Food,cafe coffee purchase
Car loan EMI - INR 48358 - Ref 935557,EMI,car loan emi
Supermarket shopping - INR 5660 - Ref 692267,Shopping,supermarket shopping
Bike loan EMI - INR 796 - Ref 172684,EMI,bike loan emi
Mobile EMI payment - INR 1726 - Ref 874079,EMI,mobile emi payment
IRCTC train ticket - INR 9562 - Ref 130723,Travel,irctc train ticket
Rapido bike ride - INR 12272 - Ref 291655,Travel,rapido bike ride
Laptop EMI payment - INR 35457 - Ref 796347,EMI,laptop emi payment
Uber ride payment - INR 2678 - Ref 255704,Travel,uber ride payment
Appliance EMI - INR 41490 - Ref 903863,EMI,appliance emi
Hotel stay booking - INR 1007 - Ref 919733,Travel,hotel stay booking
Bus ticket purchase - INR 19081 - Ref 539478,Travel,bus ticket purchase
Home loan EMI - INR 35286 - Ref 805544,EMI,home loan emi
Payment for medicine purchase,Healthcare,payment for medicine purchase
Monthly water bill payment,Utilities,monthly water bill payment
Appliance EMI - INR 19656 - Ref 346923,EMI,appliance emi
Lifestyle store purchase - INR 20041 - Ref 733177,Shopping,lifestyle store purchase
Monthly uber ride payment,Transport,monthly uber ride payment
Demat account transfer - INR 520 - Ref 339086,Investment,demat account transfer
ETF purchase - INR 14834 - Ref 406300,Investment,etf purchase
Ola cab booking - INR 29965 - Ref 434054,Travel,ola cab booking
Demat account transfer - INR 47903 - Ref 409151,Investment,demat account transfer
Mall shopping payment - INR 2078 - Ref 418288,Shopping,mall shopping payment
Mall shopping payment - INR 6925 - Ref 532788,Shopping,mall shopping payment
Ajio clothing purchase - INR 33131 - Ref 128144,Shopping,ajio clothing purchase
Bakery purchase - INR 8440 - Ref 768182,Food,bakery purchase
Retirement fund investment - INR 4705 - Ref 339963,Investment,retirement fund investment
Dominos pizza order - INR 29198 - Ref 987210,Food,dominos pizza order
Swiggy order payment - INR 45060 - Ref 449005,Food,swiggy order payment
Airport taxi fare - INR 23812 - Ref 881066,Travel,airport taxi fare
Ola cab booking - INR 24799 - Ref 422924,Travel,ola cab booking
Personal loan EMI - INR 35901 - Ref 776582,EMI,personal loan emi
Consumer durable EMI - INR 35214 - Ref 510912,EMI,consumer durable emi
Payment for electricity bill payment,Utilities,payment for electricity bill payment
Appliance EMI - INR 18594 - Ref 443821,EMI,appliance emi
NPS contribution - INR 43446 - Ref 325895,Investment,nps contribution
Personal loan EMI - INR 39659 - Ref 959831,EMI,personal loan emi
Bus ticket purchase - INR 28410 - Ref 893803,Travel,bus ticket purchase
Bus ticket purchase - INR 30186 - Ref 149756,Travel,bus ticket purchase
Stock market investment - INR 22790 - Ref 960014,Investment,stock market investment
Demat account transfer - INR 26265 - Ref 921268,Investment,demat account transfer
Appliance EMI - INR 44195 - Ref 854220,EMI,appliance emi
Fixed deposit investment - INR 49412 - Ref 237391,Investment,fixed deposit investment
Dominos pizza order - INR 9202 - Ref 333320,Food,dominos pizza order
Grocery food items - INR 6615 - Ref 138809,Food,grocery food items
Lifestyle store purchase - INR 27421 - Ref 904154,Shopping,lifestyle store purchase
MakeMyTrip travel booking - INR 2107 - Ref 134664,Travel,makemytrip travel booking
Uber ride payment - INR 37496 - Ref 960205,Travel,uber ride payment
Bakery purchase - INR 40204 - Ref 447810,Food,bakery purchase
Lifestyle store purchase - INR 22734 - Ref 865853,Shopping,lifestyle store purchase
Bike loan EMI - INR 8800 - Ref 894850,EMI,bike loan emi
IRCTC train ticket - INR 39911 - Ref 221515,Travel,irctc train ticket
MakeMyTrip travel booking - INR 5024 - Ref 690510,Travel,makemytrip travel booking
ETF purchase - INR 46156 - Ref 478837,Investment,etf purchase
Expense for music subscription payment,Entertainment,expense for music subscription payment
Metro card recharge - INR 18018 - Ref 410876,Travel,metro card recharge
Consumer durable EMI - INR 46554 - Ref 957295,EMI,consumer durable emi
Retail store shopping - INR 48461 - Ref 528471,Shopping,retail store shopping
Myntra fashion order - INR 31487 - Ref 852636,Shopping,myntra fashion order
PPF contribution - INR 36246 - Ref 108961,Investment,ppf contribution
Electronics purchase - INR 32009 - Ref 599131,Shopping,electronics purchase
Stock market investment - INR 37150 - Ref 522294,Investment,stock market investment
Blood test charges,Healthcare,blood test charges
Supermarket shopping - INR 19479 - Ref 541485,Shopping,supermarket shopping
Demat account transfer - INR 4361 - Ref 735412,Investment,demat account transfer
Dominos pizza order - INR 20020 - Ref 926954,Food,dominos pizza order
Mobile EMI payment - INR 19195 - Ref 473902,EMI,mobile emi payment
Laptop EMI payment - INR 20582 - Ref 564920,EMI,laptop emi payment
Ola cab booking - INR 30159 - Ref 348245,Travel,ola cab booking
Mobile EMI payment - INR 37895 - Ref 943843,EMI,mobile emi payment
University tuition fees,Education,university tuition fees
Supermarket shopping - INR 42413 - Ref 326928,Shopping,supermarket shopping
Paid for vehicle fuel refill,Transport,paid for vehicle fuel refill
PPF contribution - INR 37624 - Ref 166968,Investment,ppf contribution
IRCTC train ticket - INR 48645 - Ref 686880,Travel,irctc train ticket
Mall shopping payment - INR 35462 - Ref 529960,Shopping,mall shopping payment
Credit card EMI - INR 46369 - Ref 664661,EMI,credit card emi
Monthly concert ticket purchase,Entertainment,monthly concert ticket purchase
Hotel dinner bill - INR 28307 - Ref 461107,Food,hotel dinner bill
MakeMyTrip travel booking - INR 45539 - Ref 511628,Travel,makemytrip travel booking
Mall shopping payment - INR 14795 - Ref 658812,Shopping,mall shopping payment
Payment for taxi fare payment,Transport,payment for taxi fare payment
MakeMyTrip travel booking - INR 28191 - Ref 185911,Travel,makemytrip travel booking
Bakery purchase - INR 20595 - Ref 883094,Food,bakery purchase
eBay online order - INR 23640 - Ref 271904,Shopping,ebay online order
Gold bond investment - INR 7501 - Ref 194686,Investment,gold bond investment
Grocery food items - INR 20355 - Ref 728833,Food,grocery food items
Expense for gas utility bill,Utilities,expense for gas utility bill
Lifestyle store purchase - INR 24936 - Ref 628327,Shopping,lifestyle store purchase
Mobile EMI payment - INR 15676 - Ref 970316,EMI,mobile emi payment
Monthly vehicle fuel refill,Transport,monthly vehicle fuel refill
Monthly local train ticket,Transport,monthly local train ticket
Ola cab booking - INR 36980 - Ref 352537,Travel,ola cab booking
Monthly mobile recharge payment,Utilities,monthly mobile recharge payment
Ajio clothing purchase - INR 32340 - Ref 184183,Shopping,ajio clothing purchase
Supermarket shopping - INR 8570 - Ref 746062,Shopping,supermarket shopping
Ola cab booking - INR 44549 - Ref 729364,Travel,ola cab booking
Payment for bus ride to college,Transport,payment for bus ride to college
Paid for disney plus subscription,Entertainment,paid for disney plus subscription
eBay online order - INR 35510 - Ref 264404,Shopping,ebay online order
Metro card recharge - INR 25141 - Ref 716578,Travel,metro card recharge
Paid for playstation game purchase,Entertainment,paid for playstation game purchase
Retirement fund investment - INR 8473 - Ref 170534,Investment,retirement fund investment
ETF purchase - INR 39762 - Ref 459705,Investment,etf purchase
Grocery food items - INR 9597 - Ref 293872,Food,grocery food items
Paid for netflix monthly subscription,Entertainment,paid for netflix monthly subscription
McDonald's meal payment - INR 16071 - Ref 335310,Food,mcdonald s meal payment
Retail store shopping - INR 27322 - Ref 405577,Shopping,retail store shopping
Credit card EMI - INR 33603 - Ref 311493,EMI,credit card emi
Bakery purchase - INR 4810 - Ref 895869,Food,bakery purchase
Bike loan EMI - INR 8232 - Ref 591644,EMI,bike loan emi
Car loan EMI - INR 11463 - Ref 446799,EMI,car loan emi
Car loan EMI - INR 21051 - Ref 980149,EMI,car loan emi
Appliance EMI - INR 20831 - Ref 117379,EMI,appliance emi
KFC online order - INR 49566 - Ref 588251,Food,kfc online order
Hotel stay booking - INR 7996 - Ref 620651,Travel,hotel stay booking
Hotel stay booking - INR 10303 - Ref 521564,Travel,hotel stay booking
Gold bond investment - INR 27970 - Ref 657157,Investment,gold bond investment
Metro card recharge - INR 39065 - Ref 450218,Travel,metro card recharge
Lifestyle store purchase - INR 28798 - Ref 960748,Shopping,lifestyle store purchase
Ola cab booking - INR 22021 - Ref 795729,Travel,ola cab booking
Airport taxi fare - INR 5249 - Ref 761735,Travel,airport taxi fare
KFC online order - INR 8241 - Ref 169723,Food,kfc online order
Gold bond investment - INR 511 - Ref 804896,Investment,gold bond investment
Myntra fashion order - INR 26489 - Ref 546538,Shopping,myntra fashion order
Grocery food items - INR 31875 - Ref 737644,Food,grocery food items
Home loan EMI - INR 22302 - Ref 187583,EMI,home loan emi
Mutual fund SIP - INR 42112 - Ref 683854,Investment,mutual fund sip
Toll plaza payment,Transport,toll plaza payment
Monthly video game purchase,Entertainment,monthly video game purchase
NPS contribution - INR 31419 - Ref 267629,Investment,nps contribution
Bike loan EMI - INR 3125 - Ref 483451,EMI,bike loan emi
Home loan EMI - INR 40290 - Ref 389019,EMI,home loan emi
Ajio clothing purchase - INR 10303 - Ref 182936,Shopping,ajio clothing purchase
Dominos pizza order - INR 8391 - Ref 458846,Food,dominos pizza order
Airport taxi fare - INR 15973 - Ref 123178,Travel,airport taxi fare
MakeMyTrip travel booking - INR 4871 - Ref 346991,Travel,makemytrip travel booking
Monthly other transaction,Others,monthly other transaction
Consumer durable EMI - INR 21813 - Ref 173297,EMI,consumer durable emi
Payment for metro ticket purchase,Transport,payment for metro ticket purchase
NPS contribution - INR 32309 - Ref 351996,Investment,nps contribution
Education loan EMI - INR 29396 - Ref 716898,EMI,education loan emi
Personal loan EMI - INR 17498 - Ref 151024,EMI,personal loan emi
Restaurant dine-in bill - INR 24715 - Ref 906376,Food,restaurant dine in bill
IRCTC train ticket - INR 2389 - Ref 357367,Travel,irctc train ticket
Mutual fund SIP - INR 35198 - Ref 470694,Investment,mutual fund sip
NPS contribution - INR 25498 - Ref 977589,Investment,nps contribution
Airport taxi fare - INR 8815 - Ref 586071,Travel,airport taxi fare
Restaurant dine-in bill - INR 24699 - Ref 931026,Food,restaurant dine in bill
Electronics purchase - INR 31285 - Ref 612849,Shopping,electronics purchase
Dominos pizza order - INR 33525 - Ref 256140,Food,dominos pizza order
Supermarket shopping - INR 6110 - Ref 373901,Shopping,supermarket shopping
Share trading debit - INR 25576 - Ref 886714,Investment,share trading debit
Share trading debit - INR 40025 - Ref 382835,Investment,share trading debit
Restaurant dine-in bill - INR 36491 - Ref 611244,Food,restaurant dine in bill
Paid for tuition class payment,Education,paid for tuition class payment
Appliance EMI - INR 49403 - Ref 184143,EMI,appliance emi
Mall shopping payment - INR 8639 - Ref 361163,Shopping,mall shopping payment
eBay online order - INR 106 - Ref 780439,Shopping,ebay online order
Credit card EMI - INR 20379 - Ref 569286,EMI,credit card emi
ETF purchase - INR 20357 - Ref 718430,Investment,etf purchase
Restaurant dine-in bill - INR 39062 - Ref 440336,Food,restaurant dine in bill
Car loan EMI - INR 17291 - Ref 331665,EMI,car loan emi
Stock market investment - INR 45781 - Ref 447537,Investment,stock market investment
NPS contribution - INR 3915 - Ref 524699,Investment,nps contribution
Flight ticket booking - INR 7424 - Ref 306092,Travel,flight ticket booking
Airport taxi fare - INR 7106 - Ref 506713,Travel,airport taxi fare
Education loan EMI - INR 29500 - Ref 218690,EMI,education loan emi
NPS contribution - INR 29475 - Ref 109796,Investment,nps contribution
Paid for unexpected personal expense,Others,paid for unexpected personal expense
Car loan EMI - INR 37809 - Ref 235296,EMI,car loan emi
Expense for internet bill payment,Utilities,expense for internet bill payment
Laptop EMI payment - INR 413 - Ref 544663,EMI,laptop emi payment
Hotel dinner bill - INR 7224 - Ref 564958,Food,hotel dinner bill
Restaurant dine-in bill - INR 15957 - Ref 368889,Food,restaurant dine in bill
Restaurant dine-in bill - INR 24164 - Ref 239753,Food,restaurant dine in bill
Restaurant dine-in bill - INR 8361 - Ref 111906,Food,restaurant dine in bill
Retail store shopping - INR 47059 - Ref 381862,Shopping,retail store shopping
Car loan EMI - INR 1101 - Ref 470239,EMI,car loan emi
Medical expenses,Healthcare,medical expenses
Supermarket shopping - INR 41374 - Ref 288417,Shopping,supermarket shopping
Zomato food delivery - INR 15678 - Ref 702844,Food,zomato food delivery
Payment for miscellaneous payment,Others,payment for miscellaneous payment
eBay online order - INR 31602 - Ref 796814,Shopping,ebay online order
Flight ticket booking - INR 4260 - Ref 981412,Travel,flight ticket booking
Share trading debit - INR 23596 - Ref 132504,Investment,share trading debit
Other household expense,Others,other household expense
Demat account transfer - INR 3311 - Ref 586692,Investment,demat account transfer
Flipkart purchase - INR 30238 - Ref 552054,Shopping,flipkart purchase
Retail store shopping - INR 46271 - Ref 513947,Shopping,retail store shopping
Appliance EMI - INR 23372 - Ref 997333,EMI,appliance emi
Mall shopping payment - INR 49150 - Ref 220112,Shopping,mall shopping payment
Flight ticket booking - INR 1958 - Ref 572440,Travel,flight ticket booking
Ola cab booking - INR 13226 - Ref 436816,Travel,ola cab booking
Fixed deposit investment - INR 1174 - Ref 778641,Investment,fixed deposit investment
Broadband bill payment,Utilities,broadband bill payment
Monthly bus ticket payment,Transport,monthly bus ticket payment
Amazon online shopping - INR 43272 - Ref 352511,Shopping,amazon online shopping
Electronics purchase - INR 18399 - Ref 522933,Shopping,electronics purchase
Flipkart purchase - INR 36402 - Ref 428252,Shopping,flipkart purchase
Grocery food items - INR 42872 - Ref 637365,Food,grocery food items
Mutual fund SIP - INR 30877 - Ref 696079,Investment,mutual fund sip
Mutual fund SIP - INR 37086 - Ref 937568,Investment,mutual fund sip
Credit card EMI - INR 28904 - Ref 503421,EMI,credit card emi
Car loan EMI - INR 7918 - Ref 649125,EMI,car loan emi
Stock market investment - INR 26523 - Ref 197058,Investment,stock market investment
Paid for school tuition payment,Education,paid for school tuition payment
Expense for movie theatre ticket,Entertainment,expense for movie theatre ticket
IRCTC train ticket - INR 31054 - Ref 407201,Travel,irctc train ticket
Airport taxi fare - INR 27238 - Ref 852267,Travel,airport taxi fare
Ola cab booking - INR 27910 - Ref 337133,Travel,ola cab booking
Doctor consultation fee,Healthcare,doctor consultation fee
Fixed deposit investment - INR 17992 - Ref 991438,Investment,fixed deposit investment
Paid for general expense payment,Others,paid for general expense payment
Zomato food delivery - INR 31544 - Ref 966455,Food,zomato food delivery
Ajio clothing purchase - INR 33561 - Ref 959570,Shopping,ajio clothing purchase
Grocery food items - INR 35405 - Ref 467736,Food,grocery food items
Bike loan EMI - INR 22543 - Ref 892439,EMI,bike loan emi
Hotel dinner bill - INR 42050 - Ref 945980,Food,hotel dinner bill
Cafe coffee purchase - INR 22681 - Ref 981647,Food,cafe coffee purchase
Electronics purchase - INR 4076 - Ref 627442,Shopping,electronics purchase
KFC online order - INR 38663 - Ref 301488,Food,kfc online order
Myntra fashion order - INR 22510 - Ref 396415,Shopping,myntra fashion order
Restaurant dine-in bill - INR 14089 - Ref 617232,Food,restaurant dine in bill
MakeMyTrip travel booking - INR 5470 - Ref 103121,Travel,makemytrip travel booking
Stock market investment - INR 20744 - Ref 594647,Investment,stock market investment
Swiggy order payment - INR 21651 - Ref 330040,Food,swiggy order payment
Airport taxi fare - INR 15828 - Ref 373521,Travel,airport taxi fare
Monthly university admission fees,Education,monthly university admission fees
McDonald's meal payment - INR 20990 - Ref 253203,Food,mcdonald s meal payment
IRCTC train ticket - INR 16555 - Ref 600071,Travel,irctc train ticket
Ola cab booking - INR 10893 - Ref 670116,Travel,ola cab booking
eBay online order - INR 29054 - Ref 574484,Shopping,ebay online order
MakeMyTrip travel booking - INR 24084 - Ref 266120,Travel,makemytrip travel booking
Payment for other miscellaneous expense,Others,payment for other miscellaneous expense
Grocery food items - INR 2799 - Ref 977206,Food,grocery food items
Laptop EMI payment - INR 21874 - Ref 333236,EMI,laptop emi payment
Paid for auto rickshaw fare,Transport,paid for auto rickshaw fare
Paid for education course fees,Education,paid for education course fees
Payment for medical test payment,Healthcare,payment for medical test payment
Ola cab booking - INR 24799 - Ref 589867,Travel,ola cab booking
Bus ticket purchase - INR 47443 - Ref 894841,Travel,bus ticket purchase
Retirement fund investment - INR 16311 - Ref 196653,Investment,retirement fund investment
Home loan EMI - INR 27494 - Ref 377559,EMI,home loan emi
Rapido bike ride - INR 43005 - Ref 253169,Travel,rapido bike ride
Swiggy order payment - INR 741 - Ref 507855,Food,swiggy order payment
Ajio clothing purchase - INR 17048 - Ref 282182,Shopping,ajio clothing purchase
IRCTC train ticket - INR 22098 - Ref 974418,Travel,irctc train ticket
Car loan EMI - INR 47883 - Ref 898602,EMI,car loan emi
KFC online order - INR 37508 - Ref 996784,Food,kfc online order
Grocery food items - INR 39340 - Ref 452202,Food,grocery food items
Mall shopping payment - INR 6262 - Ref 213423,Shopping,mall shopping payment
MakeMyTrip travel booking - INR 19058 - Ref 773852,Travel,makemytrip travel booking
Hotel dinner bill - INR 44087 - Ref 651762,Food,hotel dinner bill
MakeMyTrip travel booking - INR 45956 - Ref 123819,Travel,makemytrip travel booking
Retirement fund investment - INR 18295 - Ref 408876,Investment,retirement fund investment
Swiggy order payment - INR 8048 - Ref 882702,Food,swiggy order payment
Dominos pizza order - INR 32728 - Ref 284245,Food,dominos pizza order
Ajio clothing purchase - INR 15870 - Ref 155443,Shopping,ajio clothing purchase
Airport taxi fare - INR 34995 - Ref 692332,Travel,airport taxi fare
Electronics purchase - INR 7152 - Ref 204371,Shopping,electronics purchase
IRCTC train ticket - INR 20755 - Ref 682919,Travel,irctc train ticket
McDonald's meal payment - INR 38454 - Ref 153972,Food,mcdonald s meal payment
Supermarket shopping - INR 17025 - Ref 206286,Shopping,supermarket shopping
Metro card recharge - INR 10600 - Ref 496380,Travel,metro card recharge
ETF purchase - INR 27791 - Ref 955123,Investment,etf purchase
Flight ticket booking - INR 16288 - Ref 333845,Travel,flight ticket booking
Retail store shopping - INR 34627 - Ref 656845,Shopping,retail store shopping
McDonald's meal payment - INR 23972 - Ref 601625,Food,mcdonald s meal payment
Mall shopping payment - INR 41828 - Ref 204075,Shopping,mall shopping payment
Car loan EMI - INR 5974 - Ref 440100,EMI,car loan emi
Electronics purchase - INR 4646 - Ref 295351,Shopping,electronics purchase
Cafe coffee purchase - INR 45540 - Ref 157835,Food,cafe coffee purchase
Car loan EMI - INR 31054 - Ref 512479,EMI,car loan emi
Retirement fund investment - INR 33229 - Ref 455531,Investment,retirement fund investment
Cafe coffee purchase - INR 26008 - Ref 749411,Food,cafe coffee purchase
Swiggy order payment - INR 28280 - Ref 987935,Food,swiggy order payment
NPS contribution - INR 44553 - Ref 655853,Investment,nps contribution
Ajio clothing purchase - INR 11559 - Ref 923943,Shopping,ajio clothing purchase
MakeMyTrip travel booking - INR 9304 - Ref 793141,Travel,makemytrip travel booking
Flight ticket booking - INR 17436 - Ref 953658,Travel,flight ticket booking
Amazon online shopping - INR 9340 - Ref 922798,Shopping,amazon online shopping
Ola cab booking - INR 11907 - Ref 909207,Travel,ola cab booking
Mobile EMI payment - INR 6022 - Ref 540632,EMI,mobile emi payment
Zomato food delivery - INR 40771 - Ref 585883,Food,zomato food delivery
Bus ticket purchase - INR 42055 - Ref 329863,Travel,bus ticket purchase
Electronics purchase - INR 16999 - Ref 515488,Shopping,electronics purchase
Bakery purchase - INR 28084 - Ref 698535,Food,bakery purchase
Grocery food items - INR 47489 - Ref 947951,Food,grocery food items
Education loan EMI - INR 13300 - Ref 620551,EMI,education loan emi
Mobile EMI payment - INR 18294 - Ref 830903,EMI,mobile emi payment
KFC online order - INR 4499 - Ref 431170,Food,kfc online order
Mobile EMI payment - INR 17184 - Ref 908046,EMI,mobile emi payment
Myntra fashion order - INR 2099 - Ref 327984,Shopping,myntra fashion order
Hotel stay booking - INR 9624 - Ref 359348,Travel,hotel stay booking
Ajio clothing purchase - INR 47941 - Ref 384056,Shopping,ajio clothing purchase
Consumer durable EMI - INR 12960 - Ref 557943,EMI,consumer durable emi
Grocery food items - INR 40505 - Ref 250520,Food,grocery food items
Share trading debit - INR 25486 - Ref 990320,Investment,share trading debit
Monthly metro ticket purchase,Transport,monthly metro ticket purchase
Home loan EMI - INR 36721 - Ref 103292,EMI,home loan emi
Hotel dinner bill - INR 11357 - Ref 396509,Food,hotel dinner bill
Expense for medical checkup payment,Healthcare,expense for medical checkup payment
McDonald's meal payment - INR 14458 - Ref 921115,Food,mcdonald s meal payment
Mall shopping payment - INR 38378 - Ref 662059,Shopping,mall shopping payment
Monthly music concert payment,Entertainment,monthly music concert payment
Retirement fund investment - INR 40681 - Ref 714422,Investment,retirement fund investment
McDonald's meal payment - INR 27404 - Ref 854241,Food,mcdonald s meal payment
Hotel dinner bill - INR 43520 - Ref 964177,Food,hotel dinner bill
Hotel stay booking - INR 24826 - Ref 796007,Travel,hotel stay booking
Appliance EMI - INR 39223 - Ref 502183,EMI,appliance emi
Bus ticket purchase - INR 16907 - Ref 851833,Travel,bus ticket purchase
Home loan EMI - INR 41707 - Ref 981938,EMI,home loan emi
Consumer durable EMI - INR 30717 - Ref 999658,EMI,consumer durable emi
Stock market investment - INR 33156 - Ref 581708,Investment,stock market investment
IRCTC train ticket - INR 44155 - Ref 943554,Travel,irctc train ticket
McDonald's meal payment - INR 32780 - Ref 360739,Food,mcdonald s meal payment
Flight ticket booking - INR 3044 - Ref 289639,Travel,flight ticket booking
Lifestyle store purchase - INR 26094 - Ref 220872,Shopping,lifestyle store purchase
Demat account transfer - INR 877 - Ref 521537,Investment,demat account transfer
Mall shopping payment - INR 1139 - Ref 486960,Shopping,mall shopping payment
Ola cab booking - INR 12802 - Ref 601885,Travel,ola cab booking
Hotel dinner bill - INR 40948 - Ref 121693,Food,hotel dinner bill
Personal loan EMI - INR 15900 - Ref 444881,EMI,personal loan emi
Fixed deposit investment - INR 43390 - Ref 607918,Investment,fixed deposit investment
Paid for gaming platform payment,Entertainment,paid for gaming platform payment
Bike loan EMI - INR 43378 - Ref 474875,EMI,bike loan emi
MakeMyTrip travel booking - INR 2644 - Ref 973445,Travel,makemytrip travel booking
eBay online order - INR 39689 - Ref 209114,Shopping,ebay online order
Mall shopping payment - INR 6972 - Ref 270058,Shopping,mall shopping payment
eBay online order - INR 21008 - Ref 500193,Shopping,ebay online order
Gold bond investment - INR 26610 - Ref 480791,Investment,gold bond investment
Lifestyle store purchase - INR 26126 - Ref 587072,Shopping,lifestyle store purchase
IRCTC train ticket - INR 43244 - Ref 153214,Travel,irctc train ticket
Restaurant dine-in bill - INR 43662 - Ref 894652,Food,restaurant dine in bill
Rapido bike ride - INR 49864 - Ref 321531,Travel,rapido bike ride
Stock market investment - INR 48434 - Ref 724117,Investment,stock market investment
PPF contribution - INR 9187 - Ref 858004,Investment,ppf contribution
Metro card recharge - INR 40325 - Ref 366066,Travel,metro card recharge
Mobile EMI payment - INR 808 - Ref 309518,EMI,mobile emi payment
Rapido bike ride - INR 13880 - Ref 594768,Travel,rapido bike ride
Mutual fund SIP - INR 17408 - Ref 101469,Investment,mutual fund sip
Uber ride payment - INR 30191 - Ref 708832,Travel,uber ride payment
Mobile EMI payment - INR 38260 - Ref 114435,EMI,mobile emi payment
Retirement fund investment - INR 47909 - Ref 345805,Investment,retirement fund investment
Metro card recharge - INR 40918 - Ref 704771,Travel,metro card recharge
Education loan EMI - INR 7487 - Ref 461607,EMI,education loan emi
Flight ticket booking - INR 30623 - Ref 593710,Travel,flight ticket booking
Mall shopping payment - INR 35065 - Ref 773400,Shopping,mall shopping payment
ETF purchase - INR 13182 - Ref 410496,Investment,etf purchase
Bike loan EMI - INR 32969 - Ref 143237,EMI,bike loan emi
Ola cab booking - INR 13981 - Ref 203101,Travel,ola cab booking
Education loan EMI - INR 36370 - Ref 727346,EMI,education loan emi
McDonald's meal payment - INR 34037 - Ref 351574,Food,mcdonald s meal payment
Car loan EMI - INR 6049 - Ref 560812,EMI,car loan emi
Credit card EMI - INR 4182 - Ref 849928,EMI,credit card emi
Fixed deposit investment - INR 5425 - Ref 683138,Investment,fixed deposit investment
Restaurant dine-in bill - INR 5169 - Ref 283552,Food,restaurant dine in bill
Laptop EMI payment - INR 38002 - Ref 388239,EMI,laptop emi payment
Paid for amazon prime subscription,Entertainment,paid for amazon prime subscription
Personal loan EMI - INR 24948 - Ref 651188,EMI,personal loan emi
Swiggy order payment - INR 23384 - Ref 893655,Food,swiggy order payment
Appliance EMI - INR 13752 - Ref 879499,EMI,appliance emi
Dominos pizza order - INR 34967 - Ref 531801,Food,dominos pizza order
Myntra fashion order - INR 5180 - Ref 164490,Shopping,myntra fashion order
Demat account transfer - INR 7715 - Ref 524708,Investment,demat account transfer
Mutual fund SIP - INR 27961 - Ref 782427,Investment,mutual fund sip
Expense for rapido ride fare,Transport,expense for rapido ride fare
Electronics purchase - INR 30789 - Ref 502178,Shopping,electronics purchase
Hotel dinner bill - INR 8264 - Ref 575974,Food,hotel dinner bill
Restaurant dine-in bill - INR 8271 - Ref 593922,Food,restaurant dine in bill
Monthly youtube premium payment,Entertainment,monthly youtube premium payment
McDonald's meal payment - INR 39298 - Ref 303648,Food,mcdonald s meal payment
Share trading debit - INR 13794 - Ref 799363,Investment,share trading debit
Airport taxi fare - INR 4006 - Ref 545407,Travel,airport taxi fare
Stock market investment - INR 37521 - Ref 810126,Investment,stock market investment
Dominos pizza order - INR 1901 - Ref 722025,Food,dominos pizza order
Retail store shopping - INR 45109 - Ref 681361,Shopping,retail store shopping
Flipkart purchase - INR 19230 - Ref 969033,Shopping,flipkart purchase
Fixed deposit investment - INR 30533 - Ref 189640,Investment,fixed deposit investment
Bike loan EMI - INR 9566 - Ref 773939,EMI,bike loan emi
Personal loan EMI - INR 10599 - Ref 369557,EMI,personal loan emi
Retail store shopping - INR 16232 - Ref 703618,Shopping,retail store shopping
Electronics purchase - INR 20664 - Ref 925384,Shopping,electronics purchase
Amazon online shopping - INR 32499 - Ref 980860,Shopping,amazon online shopping
McDonald's meal payment - INR 17356 - Ref 406105,Food,mcdonald s meal payment
Retail store shopping - INR 40493 - Ref 561933,Shopping,retail store shopping
Education loan EMI - INR 36128 - Ref 761166,EMI,education loan emi
Mobile EMI payment - INR 10568 - Ref 396673,EMI,mobile emi payment
Laptop EMI payment - INR 23921 - Ref 976084,EMI,laptop emi payment
Retail store shopping - INR 18740 - Ref 824355,Shopping,retail store shopping
Dominos pizza order - INR 37271 - Ref 171302,Food,dominos pizza order
Bakery purchase - INR 45799 - Ref 220018,Food,bakery purchase
Airport taxi fare - INR 45483 - Ref 811346,Travel,airport taxi fare
ETF purchase - INR 33504 - Ref 512263,Investment,etf purchase
Lifestyle store purchase - INR 23561 - Ref 111287,Shopping,lifestyle store purchase
Dominos pizza order - INR 24175 - Ref 449433,Food,dominos pizza order
Laptop EMI payment - INR 1634 - Ref 508214,EMI,laptop emi payment
Stock market investment - INR 44392 - Ref 939951,Investment,stock market investment
Rapido bike ride - INR 46412 - Ref 998998,Travel,rapido bike ride
Rapido bike ride - INR 6322 - Ref 381107,Travel,rapido bike ride
Monthly water utility bill,Utilities,monthly water utility bill
Restaurant dine-in bill - INR 34151 - Ref 631296,Food,restaurant dine in bill
Electronics purchase - INR 41467 - Ref 766361,Shopping,electronics purchase
Myntra fashion order - INR 47799 - Ref 194615,Shopping,myntra fashion order
Zomato food delivery - INR 41110 - Ref 110554,Food,zomato food delivery
Flight ticket booking - INR 32168 - Ref 709934,Travel,flight ticket booking
Stock market investment - INR 24015 - Ref 255638,Investment,stock market investment
Grocery food items - INR 29755 - Ref 187320,Food,grocery food items
IRCTC train ticket - INR 1644 - Ref 940718,Travel,irctc train ticket
Personal loan EMI - INR 9007 - Ref 413456,EMI,personal loan emi
Flight ticket booking - INR 12038 - Ref 526426,Travel,flight ticket booking
Mall shopping payment - INR 19153 - Ref 828104,Shopping,mall shopping payment
Metro card recharge - INR 38660 - Ref 288131,Travel,metro card recharge
Cafe coffee purchase - INR 10822 - Ref 420188,Food,cafe coffee purchase
Bus ticket purchase - INR 24079 - Ref 217490,Travel,bus ticket purchase
eBay online order - INR 10905 - Ref 560092,Shopping,ebay online order
Bus ticket purchase - INR 11972 - Ref 645675,Travel,bus ticket purchase
Paid for other payment,Others,paid for other payment
eBay online order - INR 16618 - Ref 843382,Shopping,ebay online order
Zomato food delivery - INR 49262 - Ref 410017,Food,zomato food delivery
Retirement fund investment - INR 43124 - Ref 889102,Investment,retirement fund investment
Restaurant dine-in bill - INR 23308 - Ref 245914,Food,restaurant dine in bill
ETF purchase - INR 21416 - Ref 296462,Investment,etf purchase
Fixed deposit investment - INR 21457 - Ref 116713,Investment,fixed deposit investment
Laptop EMI payment - INR 26563 - Ref 232011,EMI,laptop emi payment
Laptop EMI payment - INR 47778 - Ref 358362,EMI,laptop emi payment
Car loan EMI - INR 30501 - Ref 227849,EMI,car loan emi
Home loan EMI - INR 16682 - Ref 520935,EMI,home loan emi
Restaurant dine-in bill - INR 34652 - Ref 344630,Food,restaurant dine in bill
Personal loan EMI - INR 45654 - Ref 340449,EMI,personal loan emi
ETF purchase - INR 44430 - Ref 451560,Investment,etf purchase
Hotel stay booking - INR 35768 - Ref 871727,Travel,hotel stay booking
Laptop EMI payment - INR 43797 - Ref 299778,EMI,laptop emi payment
Bike loan EMI - INR 35926 - Ref 312233,EMI,bike loan emi
Ola cab booking - INR 45422 - Ref 187170,Travel,ola cab booking
Bakery purchase - INR 3796 - Ref 881364,Food,bakery purchase
Metro card recharge - INR 27408 - Ref 779041,Travel,metro card recharge
Flight ticket booking - INR 14229 - Ref 979277,Travel,flight ticket booking
Amazon online shopping - INR 7158 - Ref 514543,Shopping,amazon online shopping
Bakery purchase - INR 2859 - Ref 431675,Food,bakery purchase
Rapido bike ride - INR 20104 - Ref 822070,Travel,rapido bike ride
Supermarket shopping - INR 25302 - Ref 703995,Shopping,supermarket shopping
Grocery food items - INR 34327 - Ref 881239,Food,grocery food items
Swiggy order payment - INR 13994 - Ref 574191,Food,swiggy order payment
Gold bond investment - INR 40816 - Ref 201314,Investment,gold bond investment
Grocery food items - INR 10088 - Ref 156352,Food,grocery food items
Mall shopping payment - INR 14180 - Ref 126431,Shopping,mall shopping payment
Bakery purchase - INR 23236 - Ref 629262,Food,bakery purchase
Gold bond investment - INR 11149 - Ref 686691,Investment,gold bond investment
Metro card recharge - INR 22252 - Ref 353966,Travel,metro card recharge
Share trading debit - INR 39258 - Ref 813790,Investment,share trading debit
Car loan EMI - INR 25161 - Ref 942374,EMI,car loan emi
Flipkart purchase - INR 11308 - Ref 642345,Shopping,flipkart purchase
Share trading debit - INR 14734 - Ref 220123,Investment,share trading debit
Medicine purchase,Healthcare,medicine purchase
Hotel dinner bill - INR 16643 - Ref 613847,Food,hotel dinner bill
Metro card recharge - INR 16990 - Ref 915783,Travel,metro card recharge
Mall shopping payment - INR 16863 - Ref 607240,Shopping,mall shopping payment
Rapido bike ride - INR 8307 - Ref 552766,Travel,rapido bike ride
Bike loan EMI - INR 3765 - Ref 809659,EMI,bike loan emi
eBay online order - INR 25556 - Ref 960789,Shopping,ebay online order
eBay online order - INR 20263 - Ref 868641,Shopping,ebay online order
Ola cab booking - INR 35149 - Ref 595360,Travel,ola cab booking
Fixed deposit investment - INR 42273 - Ref 670178,Investment,fixed deposit investment
Consumer durable EMI - INR 34858 - Ref 448695,EMI,consumer durable emi
Fixed deposit investment - INR 37243 - Ref 893903,Investment,fixed deposit investment
ETF purchase - INR 2790 - Ref 631048,Investment,etf purchase
Metro card recharge - INR 32929 - Ref 699528,Travel,metro card recharge
Bus ticket purchase - INR 20600 - Ref 397917,Travel,bus ticket purchase
Payment for ott platform subscription,Entertainment,payment for ott platform subscription
Retail store shopping - INR 30725 - Ref 239728,Shopping,retail store shopping
DTH recharge,Utilities,dth recharge
Consumer durable EMI - INR 15659 - Ref 836748,EMI,consumer durable emi
Restaurant dine-in bill - INR 47100 - Ref 489425,Food,restaurant dine in bill
Demat account transfer - INR 2124 - Ref 446556,Investment,demat account transfer
Bus ticket purchase - INR 27403 - Ref 228977,Travel,bus ticket purchase
Appliance EMI - INR 4107 - Ref 706539,EMI,appliance emi
ETF purchase - INR 5670 - Ref 544991,Investment,etf purchase
Flight ticket booking - INR 2115 - Ref 884282,Travel,flight ticket booking
Mutual fund SIP - INR 31184 - Ref 330334,Investment,mutual fund sip
Lifestyle store purchase - INR 20484 - Ref 504272,Shopping,lifestyle store purchase
Electronics purchase - INR 23315 - Ref 847501,Shopping,electronics purchase
Mobile EMI payment - INR 49398 - Ref 556524,EMI,mobile emi payment
Expense for other miscellaneous expense,Others,expense for other miscellaneous expense
Demat account transfer - INR 9571 - Ref 726702,Investment,demat account transfer
Expense for water utility bill,Utilities,expense for water utility bill
Rapido bike ride - INR 3656 - Ref 105980,Travel,rapido bike ride
Uber ride payment - INR 1715 - Ref 898043,Travel,uber ride payment
Credit card EMI - INR 29834 - Ref 539326,EMI,credit card emi
Laptop EMI payment - INR 20265 - Ref 601584,EMI,laptop emi payment
Lifestyle store purchase - INR 39558 - Ref 790752,Shopping,lifestyle store purchase
NPS contribution - INR 15634 - Ref 589149,Investment,nps contribution
NPS contribution - INR 41261 - Ref 176511,Investment,nps contribution
Amazon online shopping - INR 41341 - Ref 519125,Shopping,amazon online shopping
Retail store shopping - INR 36446 - Ref 878470,Shopping,retail store shopping
Airport taxi fare - INR 35361 - Ref 608471,Travel,airport taxi fare
KFC online order - INR 689 - Ref 534559,Food,kfc online order
MakeMyTrip travel booking - INR 19973 - Ref 267924,Travel,makemytrip travel booking
Gold bond investment - INR 29246 - Ref 518519,Investment,gold bond investment
Ajio clothing purchase - INR 29581 - Ref 800339,Shopping,ajio clothing purchase
Hotel dinner bill - INR 28889 - Ref 509271,Food,hotel dinner bill
Swiggy order payment - INR 22790 - Ref 264063,Food,swiggy order payment
NPS contribution - INR 38964 - Ref 395310,Investment,nps contribution
Monthly unclassified personal expense,Others,monthly unclassified personal expense
ETF purchase - INR 23792 - Ref 708360,Investment,etf purchase
ETF purchase - INR 5380 - Ref 126235,Investment,etf purchase
Ola cab booking - INR 3293 - Ref 142376,Travel,ola cab booking
eBay online order - INR 9333 - Ref 740076,Shopping,ebay online order
Retirement fund investment - INR 39206 - Ref 393401,Investment,retirement fund investment
PPF contribution - INR 29976 - Ref 335946,Investment,ppf contribution
Mutual fund SIP - INR 10352 - Ref 457708,Investment,mutual fund sip
Gold bond investment - INR 13721 - Ref 272209,Investment,gold bond investment
Retirement fund investment - INR 23655 - Ref 279368,Investment,retirement fund investment
KFC online order - INR 38561 - Ref 407456,Food,kfc online order
Ola cab booking - INR 34283 - Ref 664101,Travel,ola cab booking
Ajio clothing purchase - INR 10756 - Ref 363449,Shopping,ajio clothing purchase
Credit card EMI - INR 48242 - Ref 146292,EMI,credit card emi
Share trading debit - INR 30389 - Ref 654362,Investment,share trading debit
Restaurant dine-in bill - INR 45036 - Ref 131272,Food,restaurant dine in bill
IRCTC train ticket - INR 10474 - Ref 511927,Travel,irctc train ticket
Education loan EMI - INR 21661 - Ref 691041,EMI,education loan emi
Payment for udemy course purchase,Education,payment for udemy course purchase
Personal loan EMI - INR 3125 - Ref 247757,EMI,personal loan emi
Home loan EMI - INR 35193 - Ref 152809,EMI,home loan emi
Mall shopping payment - INR 28582 - Ref 945468,Shopping,mall shopping payment
Metro card recharge - INR 43161 - Ref 650567,Travel,metro card recharge
McDonald's meal payment - INR 14572 - Ref 728401,Food,mcdonald s meal payment
Supermarket shopping - INR 33965 - Ref 954807,Shopping,supermarket shopping
Gold bond investment - INR 12218 - Ref 545646,Investment,gold bond investment
Personal loan EMI - INR 30079 - Ref 678700,EMI,personal loan emi
Supermarket shopping - INR 4471 - Ref 338895,Shopping,supermarket shopping
Credit card EMI - INR 31771 - Ref 561810,EMI,credit card emi
Payment for doctor appointment payment,Healthcare,payment for doctor appointment payment
Metro card recharge - INR 27144 - Ref 730137,Travel,metro card recharge
Airport taxi fare - INR 25306 - Ref 301453,Travel,airport taxi fare
Retail store shopping - INR 47047 - Ref 591474,Shopping,retail store shopping
Zomato food delivery - INR 16128 - Ref 507882,Food,zomato food delivery
Grocery food items - INR 8324 - Ref 170737,Food,grocery food items
Stock market investment - INR 20423 - Ref 889573,Investment,stock market investment
Restaurant dine-in bill - INR 6098 - Ref 926675,Food,restaurant dine in bill
Cafe coffee purchase - INR 30048 - Ref 337053,Food,cafe coffee purchase
Retirement fund investment - INR 33325 - Ref 984507,Investment,retirement fund investment
Paid for medical checkup payment,Healthcare,paid for medical checkup payment
Restaurant dine-in bill - INR 24468 - Ref 658974,Food,restaurant dine in bill
Education loan EMI - INR 22576 - Ref 633337,EMI,education loan emi
Retail store shopping - INR 19807 - Ref 557245,Shopping,retail store shopping
Payment for auto rickshaw fare,Transport,payment for auto rickshaw fare
Hotel stay booking - INR 3754 - Ref 388174,Travel,hotel stay booking
Retail store shopping - INR 49153 - Ref 818403,Shopping,retail store shopping
ETF purchase - INR 29793 - Ref 121900,Investment,etf purchase
Bakery purchase - INR 14367 - Ref 607881,Food,bakery purchase
Ola cab booking - INR 34006 - Ref 694315,Travel,ola cab booking
Supermarket shopping - INR 26178 - Ref 438196,Shopping,supermarket shopping
Monthly online course payment,Education,monthly online course payment
Personal loan EMI - INR 3605 - Ref 240533,EMI,personal loan emi
Dominos pizza order - INR 30655 - Ref 947696,Food,dominos pizza order
NPS contribution - INR 42114 - Ref 310551,Investment,nps contribution
Hotel stay booking - INR 11356 - Ref 623298,Travel,hotel stay booking
eBay online order - INR 4468 - Ref 106476,Shopping,ebay online order
Uber ride payment - INR 25420 - Ref 782736,Travel,uber ride payment
PPF contribution - INR 39501 - Ref 971046,Investment,ppf contribution
Consumer durable EMI - INR 20261 - Ref 421691,EMI,consumer durable emi
Dominos pizza order - INR 1786 - Ref 888598,Food,dominos pizza order
Credit card EMI - INR 47298 - Ref 367423,EMI,credit card emi
Stock market investment - INR 35333 - Ref 754427,Investment,stock market investment
Myntra fashion order - INR 7320 - Ref 122242,Shopping,myntra fashion order
Retirement fund investment - INR 8824 - Ref 605250,Investment,retirement fund investment
Bike loan EMI - INR 49108 - Ref 127841,EMI,bike loan emi
Appliance EMI - INR 8580 - Ref 235896,EMI,appliance emi
Uber ride payment - INR 12719 - Ref 217387,Travel,uber ride payment
Monthly blood test charges,Healthcare,monthly blood test charges
Personal loan EMI - INR 45370 - Ref 393215,EMI,personal loan emi
Paid for miscellaneous purchase,Others,paid for miscellaneous purchase
PPF contribution - INR 22251 - Ref 295657,Investment,ppf contribution
Restaurant dine-in bill - INR 24016 - Ref 272379,Food,restaurant dine in bill
Mobile EMI payment - INR 39821 - Ref 157044,EMI,mobile emi payment
MakeMyTrip travel booking - INR 42237 - Ref 554722,Travel,makemytrip travel booking
Expense for parking fee payment,Transport,expense for parking fee payment
Consumer durable EMI - INR 18199 - Ref 836633,EMI,consumer durable emi
eBay online order - INR 26029 - Ref 588303,Shopping,ebay online order
Retail store shopping - INR 38648 - Ref 163448,Shopping,retail store shopping
Cafe coffee purchase - INR 8203 - Ref 308007,Food,cafe coffee purchase
KFC online order - INR 47285 - Ref 596183,Food,kfc online order
Stock market investment - INR 10815 - Ref 402667,Investment,stock market investment
Concert ticket purchase,Entertainment,concert ticket purchase
School tuition payment,Education,school tuition payment
Demat account transfer - INR 13313 - Ref 741806,Investment,demat account transfer
eBay online order - INR 5205 - Ref 302192,Shopping,ebay online order
Airport taxi fare - INR 11837 - Ref 350255,Travel,airport taxi fare
Airport taxi fare - INR 10756 - Ref 879493,Travel,airport taxi fare
Entertainment subscription,Entertainment,entertainment subscription
McDonald's meal payment - INR 2250 - Ref 332576,Food,mcdonald s meal payment
McDonald's meal payment - INR 26654 - Ref 712307,Food,mcdonald s meal payment
Dominos pizza order - INR 28107 - Ref 788133,Food,dominos pizza order
eBay online order - INR 48495 - Ref 666822,Shopping,ebay online order
Airport taxi fare - INR 6339 - Ref 916416,Travel,airport taxi fare
Paid for student course fees,Education,paid for student course fees
ETF purchase - INR 2374 - Ref 932017,Investment,etf purchase
Home loan EMI - INR 28378 - Ref 398225,EMI,home loan emi
Electronics purchase - INR 38863 - Ref 842677,Shopping,electronics purchase
Mobile EMI payment - INR 12534 - Ref 657212,EMI,mobile emi payment
Uber ride payment - INR 2441 - Ref 402734,Travel,uber ride payment
NPS contribution - INR 26813 - Ref 127689,Investment,nps contribution
Car loan EMI - INR 48950 - Ref 159903,EMI,car loan emi
Education loan EMI - INR 29714 - Ref 126709,EMI,education loan emi
Monthly telephone bill payment,Utilities,monthly telephone bill payment
Education loan EMI - INR 21557 - Ref 434484,EMI,education loan emi
Laptop EMI payment - INR 47066 - Ref 249220,EMI,laptop emi payment
ETF purchase - INR 38128 - Ref 735042,Investment,etf purchase
Retirement fund investment - INR 45316 - Ref 974674,Investment,retirement fund investment
Amazon online shopping - INR 5303 - Ref 791955,Shopping,amazon online shopping
Lifestyle store purchase - INR 2605 - Ref 228382,Shopping,lifestyle store purchase
Airport taxi fare - INR 4991 - Ref 398221,Travel,airport taxi fare
Amazon online shopping - INR 24349 - Ref 484580,Shopping,amazon online shopping
PPF contribution - INR 19095 - Ref 500731,Investment,ppf contribution
Retirement fund investment - INR 49917 - Ref 337347,Investment,retirement fund investment
Stock market investment - INR 6946 - Ref 336884,Investment,stock market investment
Myntra fashion order - INR 13033 - Ref 763962,Shopping,myntra fashion order
Doctor appointment payment,Healthcare,doctor appointment payment
Ajio clothing purchase - INR 2408 - Ref 253683,Shopping,ajio clothing purchase
Retail store shopping - INR 46561 - Ref 817080,Shopping,retail store shopping
Car loan EMI - INR 34139 - Ref 478755,EMI,car loan emi
Bakery purchase - INR 18488 - Ref 491520,Food,bakery purchase
eBay online order - INR 26230 - Ref 795108,Shopping,ebay online order
Car loan EMI - INR 41635 - Ref 837799,EMI,car loan emi
Lifestyle store purchase - INR 47105 - Ref 975665,Shopping,lifestyle store purchase
Fixed deposit investment - INR 6530 - Ref 904888,Investment,fixed deposit investment
Education loan EMI - INR 32324 - Ref 771910,EMI,education loan emi
Mobile recharge payment,Utilities,mobile recharge payment
Metro card recharge - INR 15048 - Ref 413093,Travel,metro card recharge
Consumer durable EMI - INR 4954 - Ref 837870,EMI,consumer durable emi
Paid for other personal expense,Others,paid for other personal expense
McDonald's meal payment - INR 11284 - Ref 970428,Food,mcdonald s meal payment
Rapido bike ride - INR 9566 - Ref 871532,Travel,rapido bike ride
Ola cab booking - INR 2628 - Ref 495039,Travel,ola cab booking
Ajio clothing purchase - INR 33490 - Ref 642237,Shopping,ajio clothing purchase
Expense for general household expense,Others,expense for general household expense
Consumer durable EMI - INR 18525 - Ref 843364,EMI,consumer durable emi
ETF purchase - INR 29485 - Ref 759909,Investment,etf purchase
Mobile EMI payment - INR 40296 - Ref 532805,EMI,mobile emi payment
Consumer durable EMI - INR 3344 - Ref 690244,EMI,consumer durable emi
Ola cab booking - INR 144 - Ref 416178,Travel,ola cab booking
Credit card EMI - INR 32856 - Ref 547660,EMI,credit card emi
Dentist consultation fee,Healthcare,dentist consultation fee
Fixed deposit investment - INR 28902 - Ref 910517,Investment,fixed deposit investment
MakeMyTrip travel booking - INR 31048 - Ref 121580,Travel,makemytrip travel booking
Airport taxi fare - INR 32815 - Ref 157175,Travel,airport taxi fare
ETF purchase - INR 13920 - Ref 382472,Investment,etf purchase
Laptop EMI payment - INR 29832 - Ref 266323,EMI,laptop emi payment
Retail store shopping - INR 41342 - Ref 337172,Shopping,retail store shopping
Bus ticket purchase - INR 18846 - Ref 110703,Travel,bus ticket purchase
Car loan EMI - INR 522 - Ref 571975,EMI,car loan emi
Retirement fund investment - INR 6166 - Ref 749560,Investment,retirement fund investment
Home loan EMI - INR 4599 - Ref 865741,EMI,home loan emi
Appliance EMI - INR 17463 - Ref 560595,EMI,appliance emi
Amazon online shopping - INR 33293 - Ref 262330,Shopping,amazon online shopping
KFC online order - INR 32925 - Ref 117395,Food,kfc online order
Zomato food delivery - INR 21660 - Ref 303301,Food,zomato food delivery
Electronics purchase - INR 27575 - Ref 392878,Shopping,electronics purchase
Car loan EMI - INR 8164 - Ref 496247,EMI,car loan emi
Supermarket shopping - INR 38489 - Ref 734692,Shopping,supermarket shopping
Stock market investment - INR 4441 - Ref 620410,Investment,stock market investment
McDonald's meal payment - INR 35166 - Ref 416015,Food,mcdonald s meal payment
Consumer durable EMI - INR 48900 - Ref 866404,EMI,consumer durable emi
McDonald's meal payment - INR 35737 - Ref 670098,Food,mcdonald s meal payment
Metro card recharge - INR 31127 - Ref 905179,Travel,metro card recharge
Appliance EMI - INR 27773 - Ref 111090,EMI,appliance emi
Uber ride payment - INR 35573 - Ref 986995,Travel,uber ride payment
Credit card EMI - INR 28913 - Ref 792870,EMI,credit card emi
Appliance EMI - INR 39224 - Ref 560898,EMI,appliance emi
Fixed deposit investment - INR 15964 - Ref 968375,Investment,fixed deposit investment
Swiggy order payment - INR 28808 - Ref 574895,Food,swiggy order payment
Grocery food items - INR 6054 - Ref 257954,Food,grocery food items
PPF contribution - INR 34220 - Ref 212888,Investment,ppf contribution
Lifestyle store purchase - INR 15604 - Ref 918122,Shopping,lifestyle store purchase
Appliance EMI - INR 27503 - Ref 493814,EMI,appliance emi
Paid for bike fuel expense,Transport,paid for bike fuel expense
Consumer durable EMI - INR 14961 - Ref 511261,EMI,consumer durable emi
Mall shopping payment - INR 45068 - Ref 722721,Shopping,mall shopping payment
Monthly other payment,Others,monthly other payment
Expense for general expense payment,Others,expense for general expense payment
Car loan EMI - INR 34954 - Ref 459561,EMI,car loan emi
NPS contribution - INR 9263 - Ref 569679,Investment,nps contribution
IRCTC train ticket - INR 7782 - Ref 883952,Travel,irctc train ticket
Demat account transfer - INR 18048 - Ref 572216,Investment,demat account transfer
PPF contribution - INR 2298 - Ref 257253,Investment,ppf contribution
Hotel stay booking - INR 4024 - Ref 215097,Travel,hotel stay booking
NPS contribution - INR 23323 - Ref 816553,Investment,nps contribution
Credit card EMI - INR 8455 - Ref 992441,EMI,credit card emi
Personal loan EMI - INR 28408 - Ref 586325,EMI,personal loan emi
MakeMyTrip travel booking - INR 15525 - Ref 311831,Travel,makemytrip travel booking
NPS contribution - INR 13655 - Ref 817156,Investment,nps contribution
Education loan EMI - INR 47940 - Ref 770836,EMI,education loan emi
Appliance EMI - INR 35345 - Ref 580905,EMI,appliance emi
Cafe coffee purchase - INR 6718 - Ref 387021,Food,cafe coffee purchase
Swiggy order payment - INR 24788 - Ref 753189,Food,swiggy order payment
Bakery purchase - INR 735 - Ref 453641,Food,bakery purchase
Retirement fund investment - INR 41165 - Ref 184103,Investment,retirement fund investment
Share trading debit - INR 36480 - Ref 125344,Investment,share trading debit
Demat account transfer - INR 27020 - Ref 408741,Investment,demat account transfer
Fixed deposit investment - INR 49192 - Ref 533989,Investment,fixed deposit investment
Cafe coffee purchase - INR 18578 - Ref 712314,Food,cafe coffee purchase
Personal loan EMI - INR 21375 - Ref 319799,EMI,personal loan emi
Cafe coffee purchase - INR 46467 - Ref 375293,Food,cafe coffee purchase
Expense for hospital treatment bill,Healthcare,expense for hospital treatment bill
Swiggy order payment - INR 34504 - Ref 319914,Food,swiggy order payment
Gold bond investment - INR 20083 - Ref 835226,Investment,gold bond investment
Medical checkup payment,Healthcare,medical checkup payment
Stock market investment - INR 16712 - Ref 576141,Investment,stock market investment
Supermarket shopping - INR 7221 - Ref 707960,Shopping,supermarket shopping
Monthly water monthly bill,Utilities,monthly water monthly bill
Retail store shopping - INR 24106 - Ref 732533,Shopping,retail store shopping
NPS contribution - INR 35804 - Ref 386880,Investment,nps contribution
Cafe coffee purchase - INR 9986 - Ref 600433,Food,cafe coffee purchase
Stock market investment - INR 48502 - Ref 863472,Investment,stock market investment
Rapido bike ride - INR 11603 - Ref 875290,Travel,rapido bike ride
Uber ride payment - INR 17124 - Ref 576803,Travel,uber ride payment
Laptop EMI payment - INR 35530 - Ref 678226,EMI,laptop emi payment
Dominos pizza order - INR 24121 - Ref 437866,Food,dominos pizza order
MakeMyTrip travel booking - INR 30436 - Ref 279105,Travel,makemytrip travel booking
IRCTC train ticket - INR 49370 - Ref 997731,Travel,irctc train ticket
Amazon online shopping - INR 30762 - Ref 277858,Shopping,amazon online shopping
KFC online order - INR 23883 - Ref 597781,Food,kfc online order
Credit card EMI - INR 46177 - Ref 122386,EMI,credit card emi
Monthly car fuel expense,Transport,monthly car fuel expense
Laptop EMI payment - INR 39276 - Ref 450535,EMI,laptop emi payment
Mutual fund SIP - INR 48816 - Ref 371088,Investment,mutual fund sip
Cafe coffee purchase - INR 6718 - Ref 399677,Food,cafe coffee purchase
Demat account transfer - INR 31420 - Ref 563183,Investment,demat account transfer
Mobile EMI payment - INR 37764 - Ref 753636,EMI,mobile emi payment
Lifestyle store purchase - INR 20945 - Ref 892084,Shopping,lifestyle store purchase
Rapido bike ride - INR 17721 - Ref 511205,Travel,rapido bike ride
Bike loan EMI - INR 6804 - Ref 393779,EMI,bike loan emi
Hotel stay booking - INR 34562 - Ref 944807,Travel,hotel stay booking
NPS contribution - INR 24678 - Ref 554441,Investment,nps contribution
Credit card EMI - INR 20767 - Ref 497549,EMI,credit card emi
Payment for education training payment,Education,payment for education training payment
Other personal expense,Others,other personal expense
Airport taxi fare - INR 2939 - Ref 281241,Travel,airport taxi fare
Laptop EMI payment - INR 42270 - Ref 918559,EMI,laptop emi payment
Retirement fund investment - INR 24342 - Ref 570626,Investment,retirement fund investment
Amazon online shopping - INR 24035 - Ref 207423,Shopping,amazon online shopping
McDonald's meal payment - INR 13137 - Ref 551857,Food,mcdonald s meal payment
Gold bond investment - INR 34453 - Ref 723907,Investment,gold bond investment
Metro card recharge - INR 34346 - Ref 232870,Travel,metro card recharge
Lifestyle store purchase - INR 32131 - Ref 321230,Shopping,lifestyle store purchase
Mall shopping payment - INR 2173 - Ref 796488,Shopping,mall shopping payment
Electronics purchase - INR 22560 - Ref 564401,Shopping,electronics purchase
Education loan EMI - INR 46153 - Ref 240942,EMI,education loan emi
Fixed deposit investment - INR 31551 - Ref 904391,Investment,fixed deposit investment
McDonald's meal payment - INR 38510 - Ref 785298,Food,mcdonald s meal payment
Electronics purchase - INR 34645 - Ref 886720,Shopping,electronics purchase
Fixed deposit investment - INR 7884 - Ref 835219,Investment,fixed deposit investment
Car loan EMI - INR 13308 - Ref 286308,EMI,car loan emi
Flipkart purchase - INR 1879 - Ref 689236,Shopping,flipkart purchase
Bus ticket purchase - INR 26244 - Ref 190512,Travel,bus ticket purchase
Rapido bike ride - INR 8776 - Ref 231929,Travel,rapido bike ride
Lifestyle store purchase - INR 546 - Ref 309301,Shopping,lifestyle store purchase
Dominos pizza order - INR 5639 - Ref 813887,Food,dominos pizza order
Amazon online shopping - INR 9344 - Ref 548761,Shopping,amazon online shopping
Gold bond investment - INR 30820 - Ref 809495,Investment,gold bond investment
Payment for metro travel expense,Transport,payment for metro travel expense
Retail store shopping - INR 34714 - Ref 592824,Shopping,retail store shopping
Swiggy order payment - INR 11105 - Ref 667336,Food,swiggy order payment
KFC online order - INR 26192 - Ref 467260,Food,kfc online order
Electronics purchase - INR 27643 - Ref 495890,Shopping,electronics purchase
Lifestyle store purchase - INR 6718 - Ref 222536,Shopping,lifestyle store purchase
PPF contribution - INR 25271 - Ref 549195,Investment,ppf contribution
Retirement fund investment - INR 27285 - Ref 319805,Investment,retirement fund investment
Education loan EMI - INR 32817 - Ref 502525,EMI,education loan emi
Demat account transfer - INR 33837 - Ref 517732,Investment,demat account transfer
Demat account transfer - INR 37364 - Ref 917200,Investment,demat account transfer
Car loan EMI - INR 25477 - Ref 492157,EMI,car loan emi
Expense for miscellaneous bill payment,Others,expense for miscellaneous bill payment
Payment for movie booking payment,Entertainment,payment for movie booking payment
Expense for health checkup fee,Healthcare,expense for health checkup fee
MakeMyTrip travel booking - INR 43865 - Ref 557741,Travel,makemytrip travel booking
Bakery purchase - INR 10349 - Ref 479025,Food,bakery purchase
IRCTC train ticket - INR 7622 - Ref 962680,Travel,irctc train ticket
Bike loan EMI - INR 43095 - Ref 922483,EMI,bike loan emi
Home loan EMI - INR 40249 - Ref 680551,EMI,home loan emi
Mall shopping payment - INR 2921 - Ref 631750,Shopping,mall shopping payment
Bakery purchase - INR 36458 - Ref 668999,Food,bakery purchase
Consumer durable EMI - INR 19646 - Ref 347275,EMI,consumer durable emi
Swiggy order payment - INR 28121 - Ref 561953,Food,swiggy order payment
Credit card EMI - INR 3496 - Ref 484925,EMI,credit card emi
PPF contribution - INR 44449 - Ref 466020,Investment,ppf contribution
Expense for electricity recharge,Utilities,expense for electricity recharge
Stock market investment - INR 17571 - Ref 899546,Investment,stock market investment
Gold bond investment - INR 44939 - Ref 336527,Investment,gold bond investment
Personal loan EMI - INR 22099 - Ref 624748,EMI,personal loan emi
Car loan EMI - INR 35769 - Ref 992160,EMI,car loan emi
Demat account transfer - INR 38417 - Ref 156910,Investment,demat account transfer
KFC online order - INR 18831 - Ref 933586,Food,kfc online order
McDonald's meal payment - INR 13483 - Ref 380009,Food,mcdonald s meal payment
Ajio clothing purchase - INR 47706 - Ref 160808,Shopping,ajio clothing purchase
Ola cab booking - INR 14488 - Ref 856423,Travel,ola cab booking
Medical test payment,Healthcare,medical test payment
Myntra fashion order - INR 11309 - Ref 127238,Shopping,myntra fashion order
Personal loan EMI - INR 3506 - Ref 102034,EMI,personal loan emi
Stock market investment - INR 46185 - Ref 716254,Investment,stock market investment
eBay online order - INR 49429 - Ref 759730,Shopping,ebay online order
Share trading debit - INR 43195 - Ref 535010,Investment,share trading debit
ETF purchase - INR 34602 - Ref 809408,Investment,etf purchase
Hotel dinner bill - INR 2575 - Ref 327215,Food,hotel dinner bill
Car loan EMI - INR 10556 - Ref 474263,EMI,car loan emi
Rapido bike ride - INR 7331 - Ref 596964,Travel,rapido bike ride
Car loan EMI - INR 43699 - Ref 292414,EMI,car loan emi
Expense for internet recharge,Utilities,expense for internet recharge
Home loan EMI - INR 13796 - Ref 431743,EMI,home loan emi
Hotel dinner bill - INR 22089 - Ref 846972,Food,hotel dinner bill
KFC online order - INR 48576 - Ref 358963,Food,kfc online order
Hotel stay booking - INR 22033 - Ref 852773,Travel,hotel stay booking
Ola cab booking - INR 34523 - Ref 991208,Travel,ola cab booking
Paid for cinema ticket purchase,Entertainment,paid for cinema ticket purchase
Airport taxi fare - INR 3008 - Ref 218390,Travel,airport taxi fare
Dominos pizza order - INR 20213 - Ref 813956,Food,dominos pizza order
NPS contribution - INR 16462 - Ref 759456,Investment,nps contribution
PPF contribution - INR 17079 - Ref 477943,Investment,ppf contribution
Share trading debit - INR 18252 - Ref 222825,Investment,share trading debit
Lifestyle store purchase - INR 28075 - Ref 403350,Shopping,lifestyle store purchase
Hotel stay booking - INR 38808 - Ref 858955,Travel,hotel stay booking
Expense for school fees payment,Education,expense for school fees payment
Consumer durable EMI - INR 19721 - Ref 999834,EMI,consumer durable emi
Mobile EMI payment - INR 28868 - Ref 871387,EMI,mobile emi payment
Monthly miscellaneous purchase,Others,monthly miscellaneous purchase
NPS contribution - INR 19150 - Ref 962314,Investment,nps contribution
Airport taxi fare - INR 20587 - Ref 909651,Travel,airport taxi fare
Monthly theme park ticket,Entertainment,monthly theme park ticket
Education loan EMI - INR 38283 - Ref 481244,EMI,education loan emi
Mutual fund SIP - INR 23200 - Ref 357797,Investment,mutual fund sip
Education loan EMI - INR 17498 - Ref 480386,EMI,education loan emi
Stock market investment - INR 11466 - Ref 490461,Investment,stock market investment
Mobile EMI payment - INR 6972 - Ref 639967,EMI,mobile emi payment
Zomato food delivery - INR 24767 - Ref 472458,Food,zomato food delivery
Expense for laboratory test charges,Healthcare,expense for laboratory test charges
Bike loan EMI - INR 15319 - Ref 181184,EMI,bike loan emi
Amazon online shopping - INR 22559 - Ref 120999,Shopping,amazon online shopping
Ajio clothing purchase - INR 49695 - Ref 337531,Shopping,ajio clothing purchase
eBay online order - INR 34806 - Ref 649717,Shopping,ebay online order
Hotel dinner bill - INR 22903 - Ref 190778,Food,hotel dinner bill
Zomato food delivery - INR 20239 - Ref 208524,Food,zomato food delivery
Uber ride payment - INR 25442 - Ref 515917,Travel,uber ride payment
Supermarket shopping - INR 33095 - Ref 541846,Shopping,supermarket shopping
Airport taxi fare - INR 26087 - Ref 343068,Travel,airport taxi fare
Demat account transfer - INR 2571 - Ref 989609,Investment,demat account transfer
Car loan EMI - INR 2924 - Ref 360073,EMI,car loan emi
Personal loan EMI - INR 40148 - Ref 617107,EMI,personal loan emi
Zomato food delivery - INR 44775 - Ref 149396,Food,zomato food delivery
Share trading debit - INR 40273 - Ref 859608,Investment,share trading debit
Personal loan EMI - INR 29423 - Ref 912966,EMI,personal loan emi
IRCTC train ticket - INR 3622 - Ref 685962,Travel,irctc train ticket
Expense for bike fuel expense,Transport,expense for bike fuel expense
Personal loan EMI - INR 20458 - Ref 307362,EMI,personal loan emi
Rapido bike ride - INR 11533 - Ref 769857,Travel,rapido bike ride
IRCTC train ticket - INR 19379 - Ref 389484,Travel,irctc train ticket
Bakery purchase - INR 11986 - Ref 990055,Food,bakery purchase
Supermarket shopping - INR 48437 - Ref 706361,Shopping,supermarket shopping
Bus ticket purchase - INR 46612 - Ref 415936,Travel,bus ticket purchase
Appliance EMI - INR 42537 - Ref 118438,EMI,appliance emi
Airport taxi fare - INR 36604 - Ref 986069,Travel,airport taxi fare
Credit card EMI - INR 46863 - Ref 404308,EMI,credit card emi
Credit card EMI - INR 17402 - Ref 452939,EMI,credit card emi
Dominos pizza order - INR 44170 - Ref 456111,Food,dominos pizza order
Airport taxi fare - INR 41459 - Ref 260162,Travel,airport taxi fare
Electronics purchase - INR 28903 - Ref 311349,Shopping,electronics purchase
Lifestyle store purchase - INR 27203 - Ref 262791,Shopping,lifestyle store purchase
Bakery purchase - INR 18598 - Ref 748674,Food,bakery purchase
Myntra fashion order - INR 43341 - Ref 159132,Shopping,myntra fashion order
Education loan EMI - INR 14589 - Ref 353461,EMI,education loan emi
McDonald's meal payment - INR 17911 - Ref 854486,Food,mcdonald s meal payment
KFC online order - INR 35260 - Ref 309882,Food,kfc online order
Share trading debit - INR 14205 - Ref 417677,Investment,share trading debit
Airport taxi fare - INR 23589 - Ref 864918,Travel,airport taxi fare
Swiggy order payment - INR 22292 - Ref 193788,Food,swiggy order payment
Stock market investment - INR 30431 - Ref 706404,Investment,stock market investment
Zomato food delivery - INR 27655 - Ref 144621,Food,zomato food delivery
Myntra fashion order - INR 16846 - Ref 927352,Shopping,myntra fashion order
Bike loan EMI - INR 23977 - Ref 443196,EMI,bike loan emi
Flight ticket booking - INR 16548 - Ref 423771,Travel,flight ticket booking
PPF contribution - INR 26523 - Ref 691533,Investment,ppf contribution
Monthly bookmyshow movie ticket,Entertainment,monthly bookmyshow movie ticket
Payment for music subscription payment,Entertainment,payment for music subscription payment
Airport taxi fare - INR 8773 - Ref 876188,Travel,airport taxi fare
IRCTC train ticket - INR 21388 - Ref 887796,Travel,irctc train ticket
Appliance EMI - INR 30453 - Ref 505468,EMI,appliance emi
Grocery food items - INR 43278 - Ref 172456,Food,grocery food items
Ajio clothing purchase - INR 21166 - Ref 210589,Shopping,ajio clothing purchase
Fixed deposit investment - INR 12631 - Ref 684742,Investment,fixed deposit investment
eBay online order - INR 23673 - Ref 433433,Shopping,ebay online order
Gold bond investment - INR 6302 - Ref 206931,Investment,gold bond investment
Flight ticket booking - INR 10343 - Ref 500837,Travel,flight ticket booking
Flipkart purchase - INR 15268 - Ref 843504,Shopping,flipkart purchase
Credit card EMI - INR 34959 - Ref 707968,EMI,credit card emi
Zomato food delivery - INR 10194 - Ref 138422,Food,zomato food delivery
Expense for car fuel expense,Transport,expense for car fuel expense
Gold bond investment - INR 22969 - Ref 153407,Investment,gold bond investment
Personal loan EMI - INR 14536 - Ref 827724,EMI,personal loan emi
Ajio clothing purchase - INR 25662 - Ref 119682,Shopping,ajio clothing purchase
Lifestyle store purchase - INR 15417 - Ref 551440,Shopping,lifestyle store purchase
Fixed deposit investment - INR 3376 - Ref 928685,Investment,fixed deposit investment
Fixed deposit investment - INR 998 - Ref 264166,Investment,fixed deposit investment
Bike loan EMI - INR 43073 - Ref 667594,EMI,bike loan emi
Expense for highway toll payment,Transport,expense for highway toll payment
Flight ticket booking - INR 43637 - Ref 202679,Travel,flight ticket booking
Bike loan EMI - INR 15718 - Ref 144107,EMI,bike loan emi
Flipkart purchase - INR 38713 - Ref 791539,Shopping,flipkart purchase
Mutual fund SIP - INR 48339 - Ref 147476,Investment,mutual fund sip
Swiggy order payment - INR 27384 - Ref 346157,Food,swiggy order payment
Home loan EMI - INR 30620 - Ref 862206,EMI,home loan emi
Dominos pizza order - INR 16805 - Ref 141133,Food,dominos pizza order
Consumer durable EMI - INR 42541 - Ref 346879,EMI,consumer durable emi
Fixed deposit investment - INR 45748 - Ref 851644,Investment,fixed deposit investment
Gold bond investment - INR 25078 - Ref 661912,Investment,gold bond investment
Flipkart purchase - INR 25579 - Ref 808808,Shopping,flipkart purchase
Dominos pizza order - INR 35589 - Ref 522583,Food,dominos pizza order
Bus ticket purchase - INR 45717 - Ref 820366,Travel,bus ticket purchase
Lifestyle store purchase - INR 19932 - Ref 233475,Shopping,lifestyle store purchase
MakeMyTrip travel booking - INR 28439 - Ref 693520,Travel,makemytrip travel booking
Ola cab booking - INR 38700 - Ref 589086,Travel,ola cab booking
Bus ticket purchase - INR 16402 - Ref 572345,Travel,bus ticket purchase
Expense for medical test payment,Healthcare,expense for medical test payment
Bike loan EMI - INR 33795 - Ref 890277,EMI,bike loan emi
eBay online order - INR 46968 - Ref 971905,Shopping,ebay online order
Dominos pizza order - INR 40407 - Ref 184211,Food,dominos pizza order
Hotel stay booking - INR 46742 - Ref 559566,Travel,hotel stay booking
Home loan EMI - INR 9515 - Ref 706865,EMI,home loan emi
Lifestyle store purchase - INR 16827 - Ref 140267,Shopping,lifestyle store purchase
eBay online order - INR 23508 - Ref 488520,Shopping,ebay online order
Retirement fund investment - INR 26184 - Ref 886436,Investment,retirement fund investment
Bakery purchase - INR 26731 - Ref 228612,Food,bakery purchase
Demat account transfer - INR 34678 - Ref 910854,Investment,demat account transfer
NPS contribution - INR 10263 - Ref 398921,Investment,nps contribution
Credit card EMI - INR 40129 - Ref 937237,EMI,credit card emi
Personal loan EMI - INR 21393 - Ref 455123,EMI,personal loan emi
eBay online order - INR 21649 - Ref 863410,Shopping,ebay online order
Metro card recharge - INR 41725 - Ref 636113,Travel,metro card recharge
Ola cab booking - INR 49168 - Ref 634343,Travel,ola cab booking
Education loan EMI - INR 12403 - Ref 453171,EMI,education loan emi
Restaurant dine-in bill - INR 8977 - Ref 638888,Food,restaurant dine in bill
Fixed deposit investment - INR 49974 - Ref 341827,Investment,fixed deposit investment
Supermarket shopping - INR 48406 - Ref 347319,Shopping,supermarket shopping
McDonald's meal payment - INR 8705 - Ref 990090,Food,mcdonald s meal payment
Monthly hospital treatment bill,Healthcare,monthly hospital treatment bill
Mutual fund SIP - INR 6941 - Ref 611994,Investment,mutual fund sip
Hotel dinner bill - INR 3091 - Ref 597378,Food,hotel dinner bill
ETF purchase - INR 40271 - Ref 354712,Investment,etf purchase
Laptop EMI payment - INR 6622 - Ref 764433,EMI,laptop emi payment
Retail store shopping - INR 13979 - Ref 348302,Shopping,retail store shopping
Hotel stay booking - INR 27746 - Ref 670412,Travel,hotel stay booking
Mutual fund SIP - INR 34282 - Ref 563293,Investment,mutual fund sip
Mobile EMI payment - INR 14120 - Ref 503786,EMI,mobile emi payment
Swiggy order payment - INR 29190 - Ref 645806,Food,swiggy order payment
Personal loan EMI - INR 44942 - Ref 179493,EMI,personal loan emi
MakeMyTrip travel booking - INR 30199 - Ref 204049,Travel,makemytrip travel booking
Car loan EMI - INR 12725 - Ref 779638,EMI,car loan emi
Laptop EMI payment - INR 46396 - Ref 301941,EMI,laptop emi payment
Gold bond investment - INR 9700 - Ref 938423,Investment,gold bond investment
MakeMyTrip travel booking - INR 36128 - Ref 630638,Travel,makemytrip travel booking
Grocery food items - INR 24352 - Ref 450218,Food,grocery food items
Share trading debit - INR 21091 - Ref 401733,Investment,share trading debit
Appliance EMI - INR 27188 - Ref 412099,EMI,appliance emi
Dominos pizza order - INR 12770 - Ref 946634,Food,dominos pizza order
Amazon online shopping - INR 21951 - Ref 218737,Shopping,amazon online shopping
KFC online order - INR 9055 - Ref 387794,Food,kfc online order
Mutual fund SIP - INR 24470 - Ref 763628,Investment,mutual fund sip
Grocery food items - INR 22237 - Ref 104525,Food,grocery food items
Payment for general miscellaneous payment,Others,payment for general miscellaneous payment
IRCTC train ticket - INR 14233 - Ref 634473,Travel,irctc train ticket
Credit card EMI - INR 23829 - Ref 860386,EMI,credit card emi
Airport taxi fare - INR 1011 - Ref 691321,Travel,airport taxi fare
NPS contribution - INR 3081 - Ref 375643,Investment,nps contribution
McDonald's meal payment - INR 48501 - Ref 150170,Food,mcdonald s meal payment
Bakery purchase - INR 22202 - Ref 830541,Food,bakery purchase
Education loan EMI - INR 2055 - Ref 851449,EMI,education loan emi
Ola cab booking - INR 20765 - Ref 646971,Travel,ola cab booking
Laptop EMI payment - INR 26682 - Ref 248854,EMI,laptop emi payment
Ola cab booking - INR 24604 - Ref 870497,Travel,ola cab booking
Education loan EMI - INR 33290 - Ref 466769,EMI,education loan emi
Education loan EMI - INR 29916 - Ref 360335,EMI,education loan emi
Fixed deposit investment - INR 21945 - Ref 104004,Investment,fixed deposit investment
Electronics purchase - INR 28879 - Ref 182752,Shopping,electronics purchase
MakeMyTrip travel booking - INR 31014 - Ref 650677,Travel,makemytrip travel booking
NPS contribution - INR 1448 - Ref 845666,Investment,nps contribution
KFC online order - INR 7040 - Ref 366645,Food,kfc online order
Restaurant dine-in bill - INR 13319 - Ref 591901,Food,restaurant dine in bill
Flight ticket booking - INR 20075 - Ref 341045,Travel,flight ticket booking
Ola cab booking - INR 26443 - Ref 494833,Travel,ola cab booking
Electronics purchase - INR 26850 - Ref 888158,Shopping,electronics purchase
Uber ride payment - INR 39786 - Ref 756608,Travel,uber ride payment
MakeMyTrip travel booking - INR 17231 - Ref 612714,Travel,makemytrip travel booking
Swiggy order payment - INR 38834 - Ref 481894,Food,swiggy order payment
MakeMyTrip travel booking - INR 36891 - Ref 666727,Travel,makemytrip travel booking
Gold bond investment - INR 15196 - Ref 685965,Investment,gold bond investment
Rapido bike ride - INR 17476 - Ref 882229,Travel,rapido bike ride
Bus ticket purchase - INR 8779 - Ref 939134,Travel,bus ticket purchase
Laptop EMI payment - INR 12709 - Ref 323750,EMI,laptop emi payment
Share trading debit - INR 37858 - Ref 215889,Investment,share trading debit
Laptop EMI payment - INR 28214 - Ref 246102,EMI,laptop emi payment
MakeMyTrip travel booking - INR 15765 - Ref 265879,Travel,makemytrip travel booking
Myntra fashion order - INR 26488 - Ref 985436,Shopping,myntra fashion order
Lifestyle store purchase - INR 6422 - Ref 486489,Shopping,lifestyle store purchase
General personal payment,Others,general personal payment
Airport taxi fare - INR 7946 - Ref 496941,Travel,airport taxi fare
Lifestyle store purchase - INR 6318 - Ref 543652,Shopping,lifestyle store purchase
Mutual fund SIP - INR 11415 - Ref 268211,Investment,mutual fund sip
Supermarket shopping - INR 17227 - Ref 321082,Shopping,supermarket shopping
Uber ride payment - INR 10471 - Ref 425625,Travel,uber ride payment
KFC online order - INR 22651 - Ref 892243,Food,kfc online order
Education loan EMI - INR 6490 - Ref 364000,EMI,education loan emi
eBay online order - INR 18696 - Ref 141699,Shopping,ebay online order
Paid for miscellaneous spending,Others,paid for miscellaneous spending
Gold bond investment - INR 30941 - Ref 661248,Investment,gold bond investment
Bus ticket purchase - INR 29951 - Ref 558677,Travel,bus ticket purchase
McDonald's meal payment - INR 36818 - Ref 919222,Food,mcdonald s meal payment
Uber ride payment - INR 10925 - Ref 227982,Travel,uber ride payment
Coaching class fees,Education,coaching class fees
Dominos pizza order - INR 10538 - Ref 355746,Food,dominos pizza order
Share trading debit - INR 47351 - Ref 105726,Investment,share trading debit
ETF purchase - INR 11867 - Ref 726853,Investment,etf purchase
Credit card EMI - INR 39945 - Ref 382771,EMI,credit card emi
Paid for highway toll payment,Transport,paid for highway toll payment
eBay online order - INR 43926 - Ref 918733,Shopping,ebay online order
Retail store shopping - INR 39153 - Ref 188880,Shopping,retail store shopping
Cafe coffee purchase - INR 14360 - Ref 733082,Food,cafe coffee purchase
Bakery purchase - INR 49126 - Ref 689653,Food,bakery purchase
Restaurant dine-in bill - INR 13186 - Ref 881836,Food,restaurant dine in bill
Appliance EMI - INR 42376 - Ref 524983,EMI,appliance emi
Bus ticket purchase - INR 4135 - Ref 629003,Travel,bus ticket purchase
Fixed deposit investment - INR 3081 - Ref 644786,Investment,fixed deposit investment
Education loan EMI - INR 7693 - Ref 519138,EMI,education loan emi
Expense for college tuition payment,Education,expense for college tuition payment
Restaurant dine-in bill - INR 44709 - Ref 978092,Food,restaurant dine in bill
Personal loan EMI - INR 32410 - Ref 959604,EMI,personal loan emi
Myntra fashion order - INR 39852 - Ref 298830,Shopping,myntra fashion order
Car loan EMI - INR 8843 - Ref 989212,EMI,car loan emi
Health checkup fee,Healthcare,health checkup fee
Expense for general transaction payment,Others,expense for general transaction payment
Consumer durable EMI - INR 48940 - Ref 376979,EMI,consumer durable emi
MakeMyTrip travel booking - INR 36162 - Ref 399713,Travel,makemytrip travel booking
Paid for school fees payment,Education,paid for school fees payment
Cafe coffee purchase - INR 25268 - Ref 961295,Food,cafe coffee purchase
KFC online order - INR 19636 - Ref 245919,Food,kfc online order
Expense for tuition class payment,Education,expense for tuition class payment
Grocery food items - INR 19695 - Ref 650594,Food,grocery food items
Demat account transfer - INR 49772 - Ref 456223,Investment,demat account transfer
Laptop EMI payment - INR 9300 - Ref 505045,EMI,laptop emi payment
Zomato food delivery - INR 16121 - Ref 819795,Food,zomato food delivery
Appliance EMI - INR 2597 - Ref 195763,EMI,appliance emi
Mall shopping payment - INR 34064 - Ref 341168,Shopping,mall shopping payment
Video game purchase,Entertainment,video game purchase
KFC online order - INR 26793 - Ref 130346,Food,kfc online order
Cafe coffee purchase - INR 10974 - Ref 559984,Food,cafe coffee purchase
Uber ride payment - INR 6842 - Ref 604727,Travel,uber ride payment
Bike loan EMI - INR 30693 - Ref 539920,EMI,bike loan emi
Expense for online course payment,Education,expense for online course payment
Bus ticket purchase - INR 16123 - Ref 467680,Travel,bus ticket purchase
Payment for university tuition fees,Education,payment for university tuition fees
Retirement fund investment - INR 38027 - Ref 435317,Investment,retirement fund investment
Supermarket shopping - INR 15848 - Ref 605317,Shopping,supermarket shopping
NPS contribution - INR 28918 - Ref 696796,Investment,nps contribution
Mall shopping payment - INR 48215 - Ref 319407,Shopping,mall shopping payment
Share trading debit - INR 46488 - Ref 289693,Investment,share trading debit
Ola cab booking - INR 22039 - Ref 131344,Travel,ola cab booking
Bus ticket purchase - INR 41782 - Ref 235832,Travel,bus ticket purchase
Fixed deposit investment - INR 24600 - Ref 806930,Investment,fixed deposit investment
Share trading debit - INR 11846 - Ref 415388,Investment,share trading debit
KFC online order - INR 13504 - Ref 228532,Food,kfc online order
Payment for education course fees,Education,payment for education course fees
Fixed deposit investment - INR 49068 - Ref 955224,Investment,fixed deposit investment
Retirement fund investment - INR 19499 - Ref 910367,Investment,retirement fund investment
Consumer durable EMI - INR 22402 - Ref 726952,EMI,consumer durable emi
Paid for doctor appointment payment,Healthcare,paid for doctor appointment payment
Stock market investment - INR 31193 - Ref 963733,Investment,stock market investment
Dominos pizza order - INR 16516 - Ref 522987,Food,dominos pizza order
Bakery purchase - INR 46772 - Ref 912601,Food,bakery purchase
Restaurant dine-in bill - INR 40743 - Ref 536682,Food,restaurant dine in bill
PPF contribution - INR 4673 - Ref 211291,Investment,ppf contribution
Hotel stay booking - INR 49968 - Ref 851641,Travel,hotel stay booking
Flipkart purchase - INR 29314 - Ref 426412,Shopping,flipkart purchase
Share trading debit - INR 16171 - Ref 382914,Investment,share trading debit
Home loan EMI - INR 527 - Ref 313423,EMI,home loan emi
Personal loan EMI - INR 14206 - Ref 112565,EMI,personal loan emi
Bike loan EMI - INR 39126 - Ref 780616,EMI,bike loan emi
Ajio clothing purchase - INR 42517 - Ref 711742,Shopping,ajio clothing purchase
Credit card EMI - INR 17690 - Ref 490145,EMI,credit card emi
eBay online order - INR 17437 - Ref 315050,Shopping,ebay online order
Restaurant dine-in bill - INR 15966 - Ref 932189,Food,restaurant dine in bill
Consumer durable EMI - INR 11547 - Ref 666212,EMI,consumer durable emi
Mutual fund SIP - INR 35518 - Ref 592641,Investment,mutual fund sip
Hotel dinner bill - INR 37992 - Ref 543594,Food,hotel dinner bill
NPS contribution - INR 21111 - Ref 945708,Investment,nps contribution
Ola cab booking - INR 25375 - Ref 841064,Travel,ola cab booking
Mutual fund SIP - INR 11930 - Ref 967956,Investment,mutual fund sip
Swiggy order payment - INR 15619 - Ref 524269,Food,swiggy order payment
Mobile EMI payment - INR 25865 - Ref 461175,EMI,mobile emi payment
Supermarket shopping - INR 34001 - Ref 535134,Shopping,supermarket shopping
Paid for electricity recharge,Utilities,paid for electricity recharge
Dominos pizza order - INR 4397 - Ref 859440,Food,dominos pizza order
Zomato food delivery - INR 5278 - Ref 343725,Food,zomato food delivery
Taxi fare payment,Transport,taxi fare payment
Dominos pizza order - INR 44107 - Ref 831249,Food,dominos pizza order
Mutual fund SIP - INR 40065 - Ref 261192,Investment,mutual fund sip
Monthly broadband bill payment,Utilities,monthly broadband bill payment
Amazon online shopping - INR 14310 - Ref 469415,Shopping,amazon online shopping
Gold bond investment - INR 5504 - Ref 528819,Investment,gold bond investment
NPS contribution - INR 6755 - Ref 428998,Investment,nps contribution
Mutual fund SIP - INR 2604 - Ref 243189,Investment,mutual fund sip
KFC online order - INR 25256 - Ref 488103,Food,kfc online order
Bus ticket purchase - INR 3523 - Ref 423155,Travel,bus ticket purchase
Mall shopping payment - INR 32542 - Ref 317957,Shopping,mall shopping payment
Retail store shopping - INR 7034 - Ref 670775,Shopping,retail store shopping
Expense for miscellaneous personal expense,Others,expense for miscellaneous personal expense
PPF contribution - INR 49021 - Ref 459207,Investment,ppf contribution
Grocery food items - INR 25128 - Ref 509145,Food,grocery food items
Electronics purchase - INR 39269 - Ref 989426,Shopping,electronics purchase
Flipkart purchase - INR 18599 - Ref 904759,Shopping,flipkart purchase
eBay online order - INR 49604 - Ref 753219,Shopping,ebay online order
Fixed deposit investment - INR 33461 - Ref 874667,Investment,fixed deposit investment
Restaurant dine-in bill - INR 21045 - Ref 191375,Food,restaurant dine in bill
Airport taxi fare - INR 45767 - Ref 611144,Travel,airport taxi fare
Miscellaneous bill payment,Others,miscellaneous bill payment
Retirement fund investment - INR 44609 - Ref 115583,Investment,retirement fund investment
Gold bond investment - INR 4331 - Ref 661639,Investment,gold bond investment
Education loan EMI - INR 45461 - Ref 896814,EMI,education loan emi
Consumer durable EMI - INR 47774 - Ref 897824,EMI,consumer durable emi
Mobile EMI payment - INR 22452 - Ref 132270,EMI,mobile emi payment
Swiggy order payment - INR 37676 - Ref 324074,Food,swiggy order payment
Gold bond investment - INR 20026 - Ref 803069,Investment,gold bond investment
Supermarket shopping - INR 2373 - Ref 799676,Shopping,supermarket shopping
eBay online order - INR 1054 - Ref 428364,Shopping,ebay online order
IRCTC train ticket - INR 23526 - Ref 841953,Travel,irctc train ticket
eBay online order - INR 2478 - Ref 427202,Shopping,ebay online order
Lifestyle store purchase - INR 22706 - Ref 886871,Shopping,lifestyle store purchase
KFC online order - INR 5265 - Ref 644259,Food,kfc online order
Mutual fund SIP - INR 16940 - Ref 921390,Investment,mutual fund sip
Metro card recharge - INR 45219 - Ref 393496,Travel,metro card recharge
Gold bond investment - INR 6313 - Ref 428570,Investment,gold bond investment
ETF purchase - INR 329 - Ref 681904,Investment,etf purchase
Flight ticket booking - INR 5425 - Ref 601249,Travel,flight ticket booking
Credit card EMI - INR 8814 - Ref 820698,EMI,credit card emi
NPS contribution - INR 11865 - Ref 949748,Investment,nps contribution
Bike loan EMI - INR 20047 - Ref 210088,EMI,bike loan emi
Lifestyle store purchase - INR 34409 - Ref 695560,Shopping,lifestyle store purchase
Paid for broadband monthly payment,Utilities,paid for broadband monthly payment
Educational course purchase,Education,educational course purchase
IRCTC train ticket - INR 17582 - Ref 234904,Travel,irctc train ticket
Paid for school books purchase,Education,paid for school books purchase
Fixed deposit investment - INR 12850 - Ref 162957,Investment,fixed deposit investment
Bakery purchase - INR 19480 - Ref 401124,Food,bakery purchase
Expense for hospital consultation fee,Healthcare,expense for hospital consultation fee
Bus ticket purchase - INR 15194 - Ref 249738,Travel,bus ticket purchase
McDonald's meal payment - INR 37673 - Ref 664048,Food,mcdonald s meal payment
Mobile EMI payment - INR 17791 - Ref 226753,EMI,mobile emi payment
Gold bond investment - INR 27609 - Ref 340492,Investment,gold bond investment
Retirement fund investment - INR 29484 - Ref 454593,Investment,retirement fund investment
MakeMyTrip travel booking - INR 29395 - Ref 957836,Travel,makemytrip travel booking
Consumer durable EMI - INR 22319 - Ref 587417,EMI,consumer durable emi
Supermarket shopping - INR 34800 - Ref 736449,Shopping,supermarket shopping
Electronics purchase - INR 813 - Ref 982491,Shopping,electronics purchase
Hotel stay booking - INR 45741 - Ref 876258,Travel,hotel stay booking
KFC online order - INR 6367 - Ref 159143,Food,kfc online order
Bike loan EMI - INR 18897 - Ref 566350,EMI,bike loan emi
Stock market investment - INR 13735 - Ref 697979,Investment,stock market investment
Dominos pizza order - INR 26419 - Ref 107860,Food,dominos pizza order
Mutual fund SIP - INR 18264 - Ref 729958,Investment,mutual fund sip
IRCTC train ticket - INR 45212 - Ref 836841,Travel,irctc train ticket
Credit card EMI - INR 23354 - Ref 496142,EMI,credit card emi
Dominos pizza order - INR 23897 - Ref 217171,Food,dominos pizza order
Rapido bike ride - INR 49762 - Ref 978858,Travel,rapido bike ride
Payment for health insurance payment,Healthcare,payment for health insurance payment
Myntra fashion order - INR 18524 - Ref 136403,Shopping,myntra fashion order
Monthly bus ride to college,Transport,monthly bus ride to college
Electronics purchase - INR 39150 - Ref 859390,Shopping,electronics purchase
Paid for mobile phone bill,Utilities,paid for mobile phone bill
Bakery purchase - INR 30196 - Ref 978769,Food,bakery purchase
Cafe coffee purchase - INR 20797 - Ref 351051,Food,cafe coffee purchase
Demat account transfer - INR 29012 - Ref 913360,Investment,demat account transfer
Car loan EMI - INR 3803 - Ref 515104,EMI,car loan emi
Monthly educational course purchase,Education,monthly educational course purchase
Lifestyle store purchase - INR 27526 - Ref 229290,Shopping,lifestyle store purchase
Metro card recharge - INR 31539 - Ref 391960,Travel,metro card recharge
Share trading debit - INR 28216 - Ref 339994,Investment,share trading debit
Mall shopping payment - INR 15671 - Ref 412339,Shopping,mall shopping payment
Swiggy order payment - INR 47392 - Ref 154671,Food,swiggy order payment
PPF contribution - INR 1232 - Ref 910459,Investment,ppf contribution
Mutual fund SIP - INR 31774 - Ref 954683,Investment,mutual fund sip
Fixed deposit investment - INR 41772 - Ref 587712,Investment,fixed deposit investment
Retirement fund investment - INR 23150 - Ref 472321,Investment,retirement fund investment
Car loan EMI - INR 17432 - Ref 185958,EMI,car loan emi
KFC online order - INR 36105 - Ref 653009,Food,kfc online order
ETF purchase - INR 787 - Ref 809647,Investment,etf purchase
Ajio clothing purchase - INR 27433 - Ref 583056,Shopping,ajio clothing purchase
Flipkart purchase - INR 1083 - Ref 744113,Shopping,flipkart purchase
eBay online order - INR 33964 - Ref 767127,Shopping,ebay online order
NPS contribution - INR 20007 - Ref 430105,Investment,nps contribution
Metro card recharge - INR 35929 - Ref 917455,Travel,metro card recharge
Retail store shopping - INR 37521 - Ref 888384,Shopping,retail store shopping
Monthly phone recharge,Utilities,monthly phone recharge
McDonald's meal payment - INR 28904 - Ref 164962,Food,mcdonald s meal payment
Uber ride payment - INR 33499 - Ref 681448,Travel,uber ride payment
Monthly general expense payment,Others,monthly general expense payment
Lifestyle store purchase - INR 15912 - Ref 544796,Shopping,lifestyle store purchase
Consumer durable EMI - INR 27127 - Ref 807438,EMI,consumer durable emi
McDonald's meal payment - INR 47102 - Ref 598515,Food,mcdonald s meal payment
Retirement fund investment - INR 15598 - Ref 120441,Investment,retirement fund investment
Flight ticket booking - INR 27464 - Ref 120791,Travel,flight ticket booking
Laptop EMI payment - INR 31073 - Ref 480795,EMI,laptop emi payment
Hotel stay booking - INR 42643 - Ref 318944,Travel,hotel stay booking
Metro card recharge - INR 10939 - Ref 245134,Travel,metro card recharge
Dominos pizza order - INR 33014 - Ref 220082,Food,dominos pizza order
Fixed deposit investment - INR 3261 - Ref 839480,Investment,fixed deposit investment
Ola cab booking - INR 16075 - Ref 382991,Travel,ola cab booking
McDonald's meal payment - INR 4572 - Ref 602525,Food,mcdonald s meal payment
Credit card EMI - INR 43924 - Ref 330397,EMI,credit card emi
NPS contribution - INR 22312 - Ref 879311,Investment,nps contribution
Stock market investment - INR 27871 - Ref 844835,Investment,stock market investment
Education loan EMI - INR 19255 - Ref 574368,EMI,education loan emi
Laptop EMI payment - INR 18944 - Ref 998513,EMI,laptop emi payment
Ola cab booking - INR 16636 - Ref 751244,Travel,ola cab booking
Education loan EMI - INR 45562 - Ref 103479,EMI,education loan emi
KFC online order - INR 8408 - Ref 732665,Food,kfc online order
KFC online order - INR 31161 - Ref 708444,Food,kfc online order
Supermarket shopping - INR 12655 - Ref 511392,Shopping,supermarket shopping
Payment for gas utility bill,Utilities,payment for gas utility bill
Supermarket shopping - INR 18750 - Ref 160300,Shopping,supermarket shopping
Mall shopping payment - INR 5535 - Ref 556537,Shopping,mall shopping payment
Bus ticket purchase - INR 13622 - Ref 910006,Travel,bus ticket purchase
Payment for gaming subscription,Entertainment,payment for gaming subscription
Dominos pizza order - INR 26613 - Ref 775225,Food,dominos pizza order
Demat account transfer - INR 24977 - Ref 520093,Investment,demat account transfer
Zomato food delivery - INR 47276 - Ref 274469,Food,zomato food delivery
Dominos pizza order - INR 12102 - Ref 182501,Food,dominos pizza order
Healthcare expense,Healthcare,healthcare expense
Hotel stay booking - INR 5598 - Ref 286253,Travel,hotel stay booking
Expense for online streaming subscription,Entertainment,expense for online streaming subscription
Personal miscellaneous payment,Others,personal miscellaneous payment
Demat account transfer - INR 20813 - Ref 603744,Investment,demat account transfer
NPS contribution - INR 8217 - Ref 626220,Investment,nps contribution
IRCTC train ticket - INR 30537 - Ref 671338,Travel,irctc train ticket
Monthly gaming platform payment,Entertainment,monthly gaming platform payment
Laptop EMI payment - INR 32763 - Ref 140302,EMI,laptop emi payment
Monthly general personal payment,Others,monthly general personal payment
Laptop EMI payment - INR 39147 - Ref 842005,EMI,laptop emi payment
MakeMyTrip travel booking - INR 22940 - Ref 915719,Travel,makemytrip travel booking
Airport taxi fare - INR 42410 - Ref 783177,Travel,airport taxi fare
Mobile EMI payment - INR 46625 - Ref 432455,EMI,mobile emi payment
Electronics purchase - INR 33027 - Ref 108837,Shopping,electronics purchase
Cafe coffee purchase - INR 30468 - Ref 485761,Food,cafe coffee purchase
ETF purchase - INR 24188 - Ref 825179,Investment,etf purchase
Cafe coffee purchase - INR 44400 - Ref 711338,Food,cafe coffee purchase
Paid for car fuel expense,Transport,paid for car fuel expense
Bike loan EMI - INR 23873 - Ref 643462,EMI,bike loan emi
Uber ride payment - INR 31538 - Ref 903487,Travel,uber ride payment
Laptop EMI payment - INR 12969 - Ref 549893,EMI,laptop emi payment
Swiggy order payment - INR 46272 - Ref 511643,Food,swiggy order payment
Rapido bike ride - INR 29103 - Ref 631575,Travel,rapido bike ride
Swiggy order payment - INR 4321 - Ref 194803,Food,swiggy order payment
ETF purchase - INR 11127 - Ref 118143,Investment,etf purchase
Metro card recharge - INR 5867 - Ref 982140,Travel,metro card recharge
Mobile EMI payment - INR 32792 - Ref 510952,EMI,mobile emi payment
Stock market investment - INR 38272 - Ref 337831,Investment,stock market investment
Ajio clothing purchase - INR 5929 - Ref 191350,Shopping,ajio clothing purchase
McDonald's meal payment - INR 20933 - Ref 265459,Food,mcdonald s meal payment
Myntra fashion order - INR 3276 - Ref 148147,Shopping,myntra fashion order
Amazon online shopping - INR 27323 - Ref 211537,Shopping,amazon online shopping
Bike loan EMI - INR 26119 - Ref 725315,EMI,bike loan emi
Education loan EMI - INR 44692 - Ref 800255,EMI,education loan emi
ETF purchase - INR 48659 - Ref 746641,Investment,etf purchase
Demat account transfer - INR 12425 - Ref 886422,Investment,demat account transfer
Amazon online shopping - INR 45852 - Ref 360618,Shopping,amazon online shopping
Zomato food delivery - INR 13368 - Ref 627197,Food,zomato food delivery
Rapido bike ride - INR 10269 - Ref 624450,Travel,rapido bike ride
Metro card recharge - INR 25780 - Ref 827995,Travel,metro card recharge
Dominos pizza order - INR 40819 - Ref 256959,Food,dominos pizza order
Lifestyle store purchase - INR 8439 - Ref 240600,Shopping,lifestyle store purchase
Retirement fund investment - INR 14209 - Ref 720241,Investment,retirement fund investment
Fixed deposit investment - INR 16450 - Ref 985261,Investment,fixed deposit investment
Home loan EMI - INR 18524 - Ref 643604,EMI,home loan emi
Payment for general personal payment,Others,payment for general personal payment
ETF purchase - INR 21284 - Ref 875405,Investment,etf purchase
Paid for youtube premium payment,Entertainment,paid for youtube premium payment
Mall shopping payment - INR 15807 - Ref 895156,Shopping,mall shopping payment
Lifestyle store purchase - INR 19000 - Ref 806250,Shopping,lifestyle store purchase
Education loan EMI - INR 23426 - Ref 840551,EMI,education loan emi
Airport taxi fare - INR 2409 - Ref 116311,Travel,airport taxi fare
Mutual fund SIP - INR 6154 - Ref 259359,Investment,mutual fund sip
Rapido bike ride - INR 9137 - Ref 213555,Travel,rapido bike ride
Mobile EMI payment - INR 5843 - Ref 576772,EMI,mobile emi payment
Expense for pharmacy bill payment,Healthcare,expense for pharmacy bill payment
Lifestyle store purchase - INR 36755 - Ref 666335,Shopping,lifestyle store purchase
Flight ticket booking - INR 49471 - Ref 716248,Travel,flight ticket booking
Bike loan EMI - INR 27585 - Ref 514477,EMI,bike loan emi
Ajio clothing purchase - INR 25932 - Ref 821967,Shopping,ajio clothing purchase
eBay online order - INR 22103 - Ref 107634,Shopping,ebay online order
Paid for general personal payment,Others,paid for general personal payment
Retail store shopping - INR 44628 - Ref 723706,Shopping,retail store shopping
Zomato food delivery - INR 29503 - Ref 710180,Food,zomato food delivery
Supermarket shopping - INR 39667 - Ref 851689,Shopping,supermarket shopping
Zomato food delivery - INR 24177 - Ref 566432,Food,zomato food delivery
Flipkart purchase - INR 8024 - Ref 571221,Shopping,flipkart purchase
Dominos pizza order - INR 42040 - Ref 397562,Food,dominos pizza order
eBay online order - INR 49979 - Ref 337448,Shopping,ebay online order
Retail store shopping - INR 19286 - Ref 969138,Shopping,retail store shopping
Education loan EMI - INR 6440 - Ref 530331,EMI,education loan emi
Flipkart purchase - INR 4612 - Ref 365089,Shopping,flipkart purchase
Gold bond investment - INR 19813 - Ref 898323,Investment,gold bond investment
Supermarket shopping - INR 14884 - Ref 648581,Shopping,supermarket shopping
Personal loan EMI - INR 27208 - Ref 200971,EMI,personal loan emi
Bus ticket purchase - INR 941 - Ref 487218,Travel,bus ticket purchase
Ola cab booking - INR 36700 - Ref 645181,Travel,ola cab booking
Zomato food delivery - INR 40600 - Ref 122135,Food,zomato food delivery
Gold bond investment - INR 642 - Ref 714806,Investment,gold bond investment
Zomato food delivery - INR 21970 - Ref 873986,Food,zomato food delivery
Metro card recharge - INR 21034 - Ref 181685,Travel,metro card recharge
Home loan EMI - INR 16956 - Ref 631994,EMI,home loan emi
Retirement fund investment - INR 16758 - Ref 426515,Investment,retirement fund investment
Airport taxi fare - INR 28319 - Ref 301173,Travel,airport taxi fare
Gold bond investment - INR 23235 - Ref 142911,Investment,gold bond investment
Hotel stay booking - INR 33705 - Ref 956895,Travel,hotel stay booking
Ajio clothing purchase - INR 40919 - Ref 630111,Shopping,ajio clothing purchase
Demat account transfer - INR 44199 - Ref 412618,Investment,demat account transfer
KFC online order - INR 42033 - Ref 391718,Food,kfc online order
Swiggy order payment - INR 25090 - Ref 530769,Food,swiggy order payment
Retail store shopping - INR 37725 - Ref 292069,Shopping,retail store shopping
Paid for hospital consultation fee,Healthcare,paid for hospital consultation fee
Mobile EMI payment - INR 36758 - Ref 412087,EMI,mobile emi payment
Share trading debit - INR 2391 - Ref 406767,Investment,share trading debit
Ola cab booking - INR 10976 - Ref 476242,Travel,ola cab booking
eBay online order - INR 34763 - Ref 733945,Shopping,ebay online order
Mall shopping payment - INR 12972 - Ref 483918,Shopping,mall shopping payment
Electronics purchase - INR 32525 - Ref 416766,Shopping,electronics purchase
Swiggy order payment - INR 44392 - Ref 523925,Food,swiggy order payment
Paid for online course payment,Education,paid for online course payment
Swiggy order payment - INR 42236 - Ref 539378,Food,swiggy order payment
Mall shopping payment - INR 46574 - Ref 480987,Shopping,mall shopping payment
Fixed deposit investment - INR 14022 - Ref 809169,Investment,fixed deposit investment
Ajio clothing purchase - INR 36720 - Ref 218783,Shopping,ajio clothing purchase
NPS contribution - INR 1490 - Ref 576242,Investment,nps contribution
Hotel stay booking - INR 17794 - Ref 465639,Travel,hotel stay booking
Rapido bike ride - INR 23819 - Ref 215459,Travel,rapido bike ride
Mall shopping payment - INR 12712 - Ref 424101,Shopping,mall shopping payment
Uber ride payment - INR 6320 - Ref 699620,Travel,uber ride payment
Bakery purchase - INR 14430 - Ref 770997,Food,bakery purchase
Home loan EMI - INR 45576 - Ref 561808,EMI,home loan emi
Consumer durable EMI - INR 17295 - Ref 168932,EMI,consumer durable emi
Supermarket shopping - INR 20473 - Ref 577743,Shopping,supermarket shopping
Metro card recharge - INR 37282 - Ref 773808,Travel,metro card recharge
Mobile EMI payment - INR 23014 - Ref 183920,EMI,mobile emi payment
Payment for miscellaneous purchase,Others,payment for miscellaneous purchase
Hotel dinner bill - INR 11531 - Ref 869877,Food,hotel dinner bill
Car loan EMI - INR 29687 - Ref 421381,EMI,car loan emi
Retail store shopping - INR 6913 - Ref 455102,Shopping,retail store shopping
NPS contribution - INR 33332 - Ref 249669,Investment,nps contribution
PPF contribution - INR 1587 - Ref 279527,Investment,ppf contribution
Monthly exam fee payment,Education,monthly exam fee payment
Zomato food delivery - INR 34745 - Ref 955644,Food,zomato food delivery
Bike loan EMI - INR 48497 - Ref 406392,EMI,bike loan emi
Expense for dental treatment payment,Healthcare,expense for dental treatment payment
Fixed deposit investment - INR 38560 - Ref 836337,Investment,fixed deposit investment
Bakery purchase - INR 3094 - Ref 436578,Food,bakery purchase
Cafe coffee purchase - INR 6786 - Ref 346042,Food,cafe coffee purchase
Payment for college tuition payment,Education,payment for college tuition payment
Restaurant dine-in bill - INR 46194 - Ref 843871,Food,restaurant dine in bill
Supermarket shopping - INR 16338 - Ref 381172,Shopping,supermarket shopping
Education loan EMI - INR 21899 - Ref 348368,EMI,education loan emi
Ajio clothing purchase - INR 5712 - Ref 441887,Shopping,ajio clothing purchase
NPS contribution - INR 43553 - Ref 663821,Investment,nps contribution
Personal loan EMI - INR 21885 - Ref 303407,EMI,personal loan emi
Flipkart purchase - INR 42485 - Ref 485778,Shopping,flipkart purchase
Cafe coffee purchase - INR 28872 - Ref 989756,Food,cafe coffee purchase
ETF purchase - INR 4557 - Ref 775294,Investment,etf purchase
Supermarket shopping - INR 17751 - Ref 528470,Shopping,supermarket shopping
IRCTC train ticket - INR 5983 - Ref 632286,Travel,irctc train ticket
Airport taxi fare - INR 548 - Ref 678883,Travel,airport taxi fare
Paid for educational course purchase,Education,paid for educational course purchase
eBay online order - INR 2766 - Ref 795162,Shopping,ebay online order
Credit card EMI - INR 6329 - Ref 588815,EMI,credit card emi
Monthly general purchase expense,Others,monthly general purchase expense
Uber ride payment - INR 12966 - Ref 735040,Travel,uber ride payment
Education loan EMI - INR 48129 - Ref 211990,EMI,education loan emi
Grocery food items - INR 34337 - Ref 202035,Food,grocery food items
NPS contribution - INR 14843 - Ref 999736,Investment,nps contribution
Ajio clothing purchase - INR 16962 - Ref 863145,Shopping,ajio clothing purchase
Mobile EMI payment - INR 37480 - Ref 421003,EMI,mobile emi payment
PPF contribution - INR 39557 - Ref 368944,Investment,ppf contribution
Flight ticket booking - INR 12406 - Ref 243099,Travel,flight ticket booking
Hotel dinner bill - INR 31382 - Ref 398023,Food,hotel dinner bill
Uber ride payment - INR 3294 - Ref 983593,Travel,uber ride payment
Flipkart purchase - INR 8299 - Ref 112236,Shopping,flipkart purchase
Consumer durable EMI - INR 17251 - Ref 521360,EMI,consumer durable emi
Mutual fund SIP - INR 11473 - Ref 333525,Investment,mutual fund sip
Appliance EMI - INR 28710 - Ref 835043,EMI,appliance emi
Retirement fund investment - INR 7492 - Ref 908067,Investment,retirement fund investment
Consumer durable EMI - INR 49207 - Ref 898373,EMI,consumer durable emi
Flight ticket booking - INR 36305 - Ref 569463,Travel,flight ticket booking
Education loan EMI - INR 48423 - Ref 364561,EMI,education loan emi
Zomato food delivery - INR 13993 - Ref 752075,Food,zomato food delivery
Mobile EMI payment - INR 8432 - Ref 817300,EMI,mobile emi payment
Retirement fund investment - INR 36936 - Ref 366236,Investment,retirement fund investment
Uber ride payment - INR 23772 - Ref 587561,Travel,uber ride payment
ETF purchase - INR 45626 - Ref 531550,Investment,etf purchase
Flipkart purchase - INR 233 - Ref 245188,Shopping,flipkart purchase
Mutual fund SIP - INR 42575 - Ref 276731,Investment,mutual fund sip
Education loan EMI - INR 16603 - Ref 741992,EMI,education loan emi
Car fuel expense,Transport,car fuel expense
Flipkart purchase - INR 43985 - Ref 766250,Shopping,flipkart purchase
Consumer durable EMI - INR 38845 - Ref 521425,EMI,consumer durable emi
Consumer durable EMI - INR 8316 - Ref 482822,EMI,consumer durable emi
PPF contribution - INR 27631 - Ref 538903,Investment,ppf contribution
Cafe coffee purchase - INR 13750 - Ref 327761,Food,cafe coffee purchase
IRCTC train ticket - INR 27575 - Ref 735958,Travel,irctc train ticket
Share trading debit - INR 12464 - Ref 457009,Investment,share trading debit
Airport taxi fare - INR 19229 - Ref 255150,Travel,airport taxi fare
Credit card EMI - INR 11866 - Ref 611973,EMI,credit card emi
Share trading debit - INR 31568 - Ref 163750,Investment,share trading debit
ETF purchase - INR 2999 - Ref 620156,Investment,etf purchase
Credit card EMI - INR 17358 - Ref 776864,EMI,credit card emi
Demat account transfer - INR 13306 - Ref 614509,Investment,demat account transfer
NPS contribution - INR 4013 - Ref 440083,Investment,nps contribution
Flipkart purchase - INR 4211 - Ref 326476,Shopping,flipkart purchase
Retail store shopping - INR 2653 - Ref 375670,Shopping,retail store shopping
Airport taxi fare - INR 22093 - Ref 522515,Travel,airport taxi fare
Consumer durable EMI - INR 26567 - Ref 179646,EMI,consumer durable emi
Bus ticket purchase - INR 628 - Ref 104629,Travel,bus ticket purchase
Ajio clothing purchase - INR 19561 - Ref 254575,Shopping,ajio clothing purchase
KFC online order - INR 25925 - Ref 910251,Food,kfc online order
Retail store shopping - INR 24571 - Ref 447114,Shopping,retail store shopping
Amazon online shopping - INR 3436 - Ref 694386,Shopping,amazon online shopping
Bus ticket purchase - INR 39241 - Ref 856160,Travel,bus ticket purchase
Hotel stay booking - INR 12077 - Ref 558075,Travel,hotel stay booking
Personal loan EMI - INR 19487 - Ref 224087,EMI,personal loan emi
Payment for exam fee payment,Education,payment for exam fee payment
eBay online order - INR 10624 - Ref 899914,Shopping,ebay online order
eBay online order - INR 10418 - Ref 591945,Shopping,ebay online order
Payment for vehicle fuel refill,Transport,payment for vehicle fuel refill
Retail store shopping - INR 37004 - Ref 194991,Shopping,retail store shopping
Grocery food items - INR 40765 - Ref 668185,Food,grocery food items
Electronics purchase - INR 5068 - Ref 245655,Shopping,electronics purchase
Monthly broadband monthly payment,Utilities,monthly broadband monthly payment
Uber ride payment - INR 47141 - Ref 404875,Travel,uber ride payment
Ola cab booking - INR 5532 - Ref 763870,Travel,ola cab booking
Lifestyle store purchase - INR 29923 - Ref 953884,Shopping,lifestyle store purchase
Home loan EMI - INR 3540 - Ref 530710,EMI,home loan emi
Swiggy order payment - INR 31011 - Ref 740984,Food,swiggy order payment
Electricity recharge,Utilities,electricity recharge
Grocery food items - INR 224 - Ref 881080,Food,grocery food items
McDonald's meal payment - INR 26640 - Ref 109110,Food,mcdonald s meal payment
Restaurant dine-in bill - INR 42410 - Ref 585905,Food,restaurant dine in bill
Hotel stay booking - INR 34632 - Ref 396119,Travel,hotel stay booking
Bus ticket purchase - INR 29411 - Ref 826293,Travel,bus ticket purchase
Rapido bike ride - INR 160 - Ref 825716,Travel,rapido bike ride
MakeMyTrip travel booking - INR 20371 - Ref 110030,Travel,makemytrip travel booking
Diesel purchase,Transport,diesel purchase
Uber ride payment - INR 7754 - Ref 493633,Travel,uber ride payment
Home loan EMI - INR 5365 - Ref 370001,EMI,home loan emi
Grocery food items - INR 49551 - Ref 270485,Food,grocery food items
Rapido bike ride - INR 23493 - Ref 937048,Travel,rapido bike ride
McDonald's meal payment - INR 17892 - Ref 998883,Food,mcdonald s meal payment
Swiggy order payment - INR 36364 - Ref 533885,Food,swiggy order payment
Grocery food items - INR 8069 - Ref 639847,Food,grocery food items
Lifestyle store purchase - INR 15868 - Ref 746202,Shopping,lifestyle store purchase
Personal loan EMI - INR 38997 - Ref 272306,EMI,personal loan emi
Expense for ola cab payment,Transport,expense for ola cab payment
Bus ride to college,Transport,bus ride to college
Appliance EMI - INR 45408 - Ref 987273,EMI,appliance emi
Mall shopping payment - INR 18574 - Ref 249067,Shopping,mall shopping payment
Dominos pizza order - INR 47410 - Ref 361011,Food,dominos pizza order
PPF contribution - INR 39668 - Ref 486611,Investment,ppf contribution
Retirement fund investment - INR 36056 - Ref 275016,Investment,retirement fund investment
Expense for bus ride to college,Transport,expense for bus ride to college
Appliance EMI - INR 11274 - Ref 959682,EMI,appliance emi
MakeMyTrip travel booking - INR 13491 - Ref 540100,Travel,makemytrip travel booking
Appliance EMI - INR 30665 - Ref 732460,EMI,appliance emi
Appliance EMI - INR 19602 - Ref 272564,EMI,appliance emi
Hotel stay booking - INR 20621 - Ref 728226,Travel,hotel stay booking
Supermarket shopping - INR 4549 - Ref 110908,Shopping,supermarket shopping
Home loan EMI - INR 34430 - Ref 989639,EMI,home loan emi
Credit card EMI - INR 5758 - Ref 626520,EMI,credit card emi
Ajio clothing purchase - INR 36356 - Ref 155145,Shopping,ajio clothing purchase
Ola cab booking - INR 48993 - Ref 658950,Travel,ola cab booking
ETF purchase - INR 4220 - Ref 748914,Investment,etf purchase
Airport taxi fare - INR 15817 - Ref 570111,Travel,airport taxi fare
Demat account transfer - INR 1748 - Ref 913896,Investment,demat account transfer
Restaurant dine-in bill - INR 26440 - Ref 271063,Food,restaurant dine in bill
Hotel dinner bill - INR 17809 - Ref 989212,Food,hotel dinner bill
Swiggy order payment - INR 39958 - Ref 271500,Food,swiggy order payment
Flipkart purchase - INR 30800 - Ref 572985,Shopping,flipkart purchase
Stock market investment - INR 2908 - Ref 736708,Investment,stock market investment
Share trading debit - INR 46032 - Ref 551563,Investment,share trading debit
KFC online order - INR 33119 - Ref 678696,Food,kfc online order
Bike loan EMI - INR 30539 - Ref 341304,EMI,bike loan emi
MakeMyTrip travel booking - INR 16430 - Ref 603203,Travel,makemytrip travel booking
Demat account transfer - INR 6339 - Ref 283330,Investment,demat account transfer
Restaurant dine-in bill - INR 14558 - Ref 632768,Food,restaurant dine in bill
Myntra fashion order - INR 31703 - Ref 119281,Shopping,myntra fashion order
NPS contribution - INR 37916 - Ref 867990,Investment,nps contribution
Mutual fund SIP - INR 15968 - Ref 490279,Investment,mutual fund sip
Airport taxi fare - INR 35175 - Ref 542414,Travel,airport taxi fare
Hotel dinner bill - INR 27548 - Ref 884560,Food,hotel dinner bill
Rapido bike ride - INR 17482 - Ref 644998,Travel,rapido bike ride
Electronics purchase - INR 47021 - Ref 484896,Shopping,electronics purchase
Supermarket shopping - INR 48286 - Ref 312502,Shopping,supermarket shopping
Paid for broadband bill payment,Utilities,paid for broadband bill payment
Appliance EMI - INR 23004 - Ref 299755,EMI,appliance emi
Grocery food items - INR 25326 - Ref 473752,Food,grocery food items
Home loan EMI - INR 10527 - Ref 981644,EMI,home loan emi
KFC online order - INR 36367 - Ref 748097,Food,kfc online order
Home loan EMI - INR 5944 - Ref 675004,EMI,home loan emi
Flight ticket booking - INR 6457 - Ref 992547,Travel,flight ticket booking
Uber ride payment - INR 36291 - Ref 721435,Travel,uber ride payment
Bakery purchase - INR 2947 - Ref 142146,Food,bakery purchase
Demat account transfer - INR 47173 - Ref 172101,Investment,demat account transfer
Lifestyle store purchase - INR 25566 - Ref 967670,Shopping,lifestyle store purchase
Consumer durable EMI - INR 1581 - Ref 101895,EMI,consumer durable emi
Personal loan EMI - INR 34708 - Ref 567867,EMI,personal loan emi
Laptop EMI payment - INR 32923 - Ref 807878,EMI,laptop emi payment
Metro card recharge - INR 44020 - Ref 605845,Travel,metro card recharge
Airport taxi fare - INR 36902 - Ref 803813,Travel,airport taxi fare
Paid for university tuition fees,Education,paid for university tuition fees
Retirement fund investment - INR 39606 - Ref 110288,Investment,retirement fund investment
Mutual fund SIP - INR 20296 - Ref 568347,Investment,mutual fund sip
Mobile EMI payment - INR 45267 - Ref 336319,EMI,mobile emi payment
Ola cab booking - INR 34637 - Ref 493622,Travel,ola cab booking
Gold bond investment - INR 34943 - Ref 501808,Investment,gold bond investment
Electronics purchase - INR 11951 - Ref 626979,Shopping,electronics purchase
Restaurant dine-in bill - INR 1400 - Ref 432244,Food,restaurant dine in bill
eBay online order - INR 44208 - Ref 978942,Shopping,ebay online order
McDonald's meal payment - INR 27103 - Ref 205979,Food,mcdonald s meal payment
Amazon online shopping - INR 27835 - Ref 968790,Shopping,amazon online shopping
Stock market investment - INR 35097 - Ref 625479,Investment,stock market investment
Mobile EMI payment - INR 49757 - Ref 742488,EMI,mobile emi payment
Fixed deposit investment - INR 29740 - Ref 647275,Investment,fixed deposit investment
Credit card EMI - INR 40398 - Ref 881470,EMI,credit card emi
eBay online order - INR 39882 - Ref 240851,Shopping,ebay online order
Mall shopping payment - INR 36515 - Ref 595432,Shopping,mall shopping payment
Appliance EMI - INR 10580 - Ref 707174,EMI,appliance emi
Education loan EMI - INR 15229 - Ref 424024,EMI,education loan emi
Zomato food delivery - INR 16562 - Ref 113162,Food,zomato food delivery
Appliance EMI - INR 3075 - Ref 342535,EMI,appliance emi
Myntra fashion order - INR 15690 - Ref 670318,Shopping,myntra fashion order
Myntra fashion order - INR 40193 - Ref 618653,Shopping,myntra fashion order
Metro card recharge - INR 45627 - Ref 724453,Travel,metro card recharge
Uber ride payment - INR 47760 - Ref 463993,Travel,uber ride payment
Amazon online shopping - INR 8735 - Ref 872319,Shopping,amazon online shopping
Share trading debit - INR 12555 - Ref 393647,Investment,share trading debit
Consumer durable EMI - INR 22132 - Ref 749562,EMI,consumer durable emi
Mutual fund SIP - INR 32048 - Ref 582822,Investment,mutual fund sip
Monthly general miscellaneous payment,Others,monthly general miscellaneous payment
Myntra fashion order - INR 38953 - Ref 600045,Shopping,myntra fashion order
NPS contribution - INR 1750 - Ref 440162,Investment,nps contribution
Retirement fund investment - INR 3088 - Ref 572880,Investment,retirement fund investment
Grocery food items - INR 25966 - Ref 528085,Food,grocery food items
Flipkart purchase - INR 661 - Ref 778508,Shopping,flipkart purchase
Myntra fashion order - INR 10909 - Ref 945161,Shopping,myntra fashion order
Amazon online shopping - INR 47138 - Ref 557601,Shopping,amazon online shopping
Retail store shopping - INR 49895 - Ref 546340,Shopping,retail store shopping
Myntra fashion order - INR 3373 - Ref 119106,Shopping,myntra fashion order
Bakery purchase - INR 4832 - Ref 663011,Food,bakery purchase
Amazon online shopping - INR 20587 - Ref 175441,Shopping,amazon online shopping
Gold bond investment - INR 8744 - Ref 870185,Investment,gold bond investment
KFC online order - INR 41695 - Ref 293777,Food,kfc online order
Restaurant dine-in bill - INR 17858 - Ref 623061,Food,restaurant dine in bill
Fixed deposit investment - INR 34800 - Ref 924369,Investment,fixed deposit investment
Bakery purchase - INR 11536 - Ref 882406,Food,bakery purchase
Retirement fund investment - INR 160 - Ref 524829,Investment,retirement fund investment
Zomato food delivery - INR 23689 - Ref 962995,Food,zomato food delivery
Mobile EMI payment - INR 18828 - Ref 408566,EMI,mobile emi payment
Amazon online shopping - INR 27026 - Ref 324704,Shopping,amazon online shopping
Consumer durable EMI - INR 28912 - Ref 558282,EMI,consumer durable emi
Uber ride payment - INR 39339 - Ref 646616,Travel,uber ride payment
Grocery food items - INR 10751 - Ref 542869,Food,grocery food items
Credit card EMI - INR 44603 - Ref 709333,EMI,credit card emi
NPS contribution - INR 40161 - Ref 603138,Investment,nps contribution
Gold bond investment - INR 13373 - Ref 906380,Investment,gold bond investment
Share trading debit - INR 15726 - Ref 863090,Investment,share trading debit
Mall shopping payment - INR 3112 - Ref 425087,Shopping,mall shopping payment
Music subscription payment,Entertainment,music subscription payment
Hotel dinner bill - INR 38324 - Ref 791973,Food,hotel dinner bill
Credit card EMI - INR 33893 - Ref 291476,EMI,credit card emi
Retirement fund investment - INR 6826 - Ref 590241,Investment,retirement fund investment
Water bill payment,Utilities,water bill payment
Amazon online shopping - INR 15224 - Ref 113699,Shopping,amazon online shopping
Home loan EMI - INR 24137 - Ref 182246,EMI,home loan emi
Personal loan EMI - INR 14452 - Ref 792273,EMI,personal loan emi
Airport taxi fare - INR 23492 - Ref 697280,Travel,airport taxi fare
Expense for cab ride to office,Transport,expense for cab ride to office
Share trading debit - INR 25529 - Ref 334197,Investment,share trading debit
Electronics purchase - INR 7595 - Ref 215680,Shopping,electronics purchase
Mobile EMI payment - INR 1860 - Ref 339906,EMI,mobile emi payment
Education loan EMI - INR 17559 - Ref 389172,EMI,education loan emi
Bakery purchase - INR 44072 - Ref 517804,Food,bakery purchase
Airport taxi fare - INR 31730 - Ref 112341,Travel,airport taxi fare
Appliance EMI - INR 10587 - Ref 640371,EMI,appliance emi
Mobile EMI payment - INR 2457 - Ref 316095,EMI,mobile emi payment
Payment for cab ride to office,Transport,payment for cab ride to office
Restaurant dine-in bill - INR 8197 - Ref 223162,Food,restaurant dine in bill
Personal loan EMI - INR 48552 - Ref 407250,EMI,personal loan emi
Monthly gaming subscription,Entertainment,monthly gaming subscription
Bakery purchase - INR 21215 - Ref 782917,Food,bakery purchase
Ola cab booking - INR 47843 - Ref 871940,Travel,ola cab booking
ETF purchase - INR 21132 - Ref 424111,Investment,etf purchase
eBay online order - INR 1621 - Ref 539821,Shopping,ebay online order
Personal loan EMI - INR 25737 - Ref 896203,EMI,personal loan emi
Uber ride payment - INR 35900 - Ref 205468,Travel,uber ride payment
PPF contribution - INR 10234 - Ref 593234,Investment,ppf contribution
Share trading debit - INR 40645 - Ref 185823,Investment,share trading debit
School books purchase,Education,school books purchase
Ola cab booking - INR 38146 - Ref 837245,Travel,ola cab booking
Bakery purchase - INR 23106 - Ref 778790,Food,bakery purchase
Bus ticket purchase - INR 46011 - Ref 472828,Travel,bus ticket purchase
Share trading debit - INR 37328 - Ref 591607,Investment,share trading debit
IRCTC train ticket - INR 5758 - Ref 896174,Travel,irctc train ticket
Bike loan EMI - INR 31010 - Ref 170907,EMI,bike loan emi
Laptop EMI payment - INR 22693 - Ref 266886,EMI,laptop emi payment
Education loan EMI - INR 3528 - Ref 289105,EMI,education loan emi
Paid for bus ride to college,Transport,paid for bus ride to college
Bakery purchase - INR 4788 - Ref 306811,Food,bakery purchase
ETF purchase - INR 4443 - Ref 699766,Investment,etf purchase
Car loan EMI - INR 35178 - Ref 854773,EMI,car loan emi
Bike loan EMI - INR 37508 - Ref 262626,EMI,bike loan emi
MakeMyTrip travel booking - INR 12300 - Ref 824348,Travel,makemytrip travel booking
Uber ride payment - INR 43825 - Ref 768409,Travel,uber ride payment
Share trading debit - INR 49878 - Ref 598109,Investment,share trading debit
Demat account transfer - INR 35530 - Ref 286372,Investment,demat account transfer
Education loan EMI - INR 21968 - Ref 802951,EMI,education loan emi
Stock market investment - INR 45190 - Ref 263406,Investment,stock market investment
Ola cab booking - INR 43717 - Ref 660306,Travel,ola cab booking
Expense for vehicle fuel refill,Transport,expense for vehicle fuel refill
Monthly student course fees,Education,monthly student course fees
Home loan EMI - INR 25678 - Ref 321189,EMI,home loan emi
Fixed deposit investment - INR 7325 - Ref 364531,Investment,fixed deposit investment
Appliance EMI - INR 47688 - Ref 540782,EMI,appliance emi
Bakery purchase - INR 10604 - Ref 309205,Food,bakery purchase
PPF contribution - INR 26665 - Ref 411308,Investment,ppf contribution
Bike loan EMI - INR 20715 - Ref 332137,EMI,bike loan emi
Hotel stay booking - INR 17022 - Ref 115094,Travel,hotel stay booking
Car loan EMI - INR 49709 - Ref 686720,EMI,car loan emi
PPF contribution - INR 36434 - Ref 799320,Investment,ppf contribution
Hotel dinner bill - INR 32695 - Ref 827797,Food,hotel dinner bill
Fixed deposit investment - INR 776 - Ref 380744,Investment,fixed deposit investment
Stock market investment - INR 10762 - Ref 975923,Investment,stock market investment
Metro card recharge - INR 33041 - Ref 417587,Travel,metro card recharge
Gold bond investment - INR 22261 - Ref 426350,Investment,gold bond investment
Payment for diesel purchase,Transport,payment for diesel purchase
Myntra fashion order - INR 37629 - Ref 223698,Shopping,myntra fashion order
Bus ticket purchase - INR 4117 - Ref 862122,Travel,bus ticket purchase
Supermarket shopping - INR 24014 - Ref 381972,Shopping,supermarket shopping
Ajio clothing purchase - INR 985 - Ref 826424,Shopping,ajio clothing purchase
Monthly medical expenses,Healthcare,monthly medical expenses
Hotel stay booking - INR 3145 - Ref 316314,Travel,hotel stay booking
Ajio clothing purchase - INR 19142 - Ref 360842,Shopping,ajio clothing purchase
Airport taxi fare - INR 31138 - Ref 722893,Travel,airport taxi fare
Lifestyle store purchase - INR 42869 - Ref 270680,Shopping,lifestyle store purchase
Electronics purchase - INR 5492 - Ref 173056,Shopping,electronics purchase
Mutual fund SIP - INR 7286 - Ref 427574,Investment,mutual fund sip
Paid for wifi monthly bill,Utilities,paid for wifi monthly bill
Payment for student course fees,Education,payment for student course fees
Myntra fashion order - INR 1267 - Ref 245450,Shopping,myntra fashion order
Mall shopping payment - INR 27569 - Ref 294121,Shopping,mall shopping payment
Cafe coffee purchase - INR 9711 - Ref 861719,Food,cafe coffee purchase
Rapido bike ride - INR 17321 - Ref 154597,Travel,rapido bike ride
Payment for uber ride payment,Transport,payment for uber ride payment
Myntra fashion order - INR 11358 - Ref 715257,Shopping,myntra fashion order
Car loan EMI - INR 18431 - Ref 427938,EMI,car loan emi
Fixed deposit investment - INR 30670 - Ref 259237,Investment,fixed deposit investment
Hotel dinner bill - INR 600 - Ref 480985,Food,hotel dinner bill
Flight ticket booking - INR 35363 - Ref 405783,Travel,flight ticket booking
NPS contribution - INR 4442 - Ref 779913,Investment,nps contribution
PPF contribution - INR 47064 - Ref 895182,Investment,ppf contribution
Mall shopping payment - INR 25593 - Ref 274556,Shopping,mall shopping payment
Bakery purchase - INR 18193 - Ref 400635,Food,bakery purchase
NPS contribution - INR 18617 - Ref 159312,Investment,nps contribution
Myntra fashion order - INR 12428 - Ref 997569,Shopping,myntra fashion order
Expense for spotify premium subscription,Entertainment,expense for spotify premium subscription
Restaurant dine-in bill - INR 26875 - Ref 281029,Food,restaurant dine in bill
Payment for amazon prime subscription,Entertainment,payment for amazon prime subscription
Mobile EMI payment - INR 4850 - Ref 454025,EMI,mobile emi payment
Laptop EMI payment - INR 8306 - Ref 464555,EMI,laptop emi payment
Amazon online shopping - INR 44724 - Ref 219391,Shopping,amazon online shopping
Ajio clothing purchase - INR 24417 - Ref 747062,Shopping,ajio clothing purchase
Restaurant dine-in bill - INR 15870 - Ref 467930,Food,restaurant dine in bill
Swiggy order payment - INR 15535 - Ref 551667,Food,swiggy order payment
Credit card EMI - INR 21332 - Ref 404162,EMI,credit card emi
Credit card EMI - INR 36231 - Ref 690218,EMI,credit card emi
Mutual fund SIP - INR 43101 - Ref 274285,Investment,mutual fund sip
Rapido bike ride - INR 44036 - Ref 508496,Travel,rapido bike ride
Bike loan EMI - INR 9833 - Ref 881145,EMI,bike loan emi
Amazon online shopping - INR 11949 - Ref 951790,Shopping,amazon online shopping
Mall shopping payment - INR 43078 - Ref 528120,Shopping,mall shopping payment
Metro card recharge - INR 7414 - Ref 281229,Travel,metro card recharge
Flipkart purchase - INR 27469 - Ref 973421,Shopping,flipkart purchase
Home loan EMI - INR 1524 - Ref 135108,EMI,home loan emi
Hotel dinner bill - INR 33098 - Ref 829647,Food,hotel dinner bill
PPF contribution - INR 9395 - Ref 381199,Investment,ppf contribution
IRCTC train ticket - INR 49571 - Ref 178060,Travel,irctc train ticket
Restaurant dine-in bill - INR 44533 - Ref 263087,Food,restaurant dine in bill
Paid for metro travel expense,Transport,paid for metro travel expense
Mutual fund SIP - INR 29569 - Ref 798941,Investment,mutual fund sip
Cafe coffee purchase - INR 9514 - Ref 338865,Food,cafe coffee purchase
Flight ticket booking - INR 44012 - Ref 154969,Travel,flight ticket booking
Car loan EMI - INR 43122 - Ref 530736,EMI,car loan emi
Consumer durable EMI - INR 3289 - Ref 794698,EMI,consumer durable emi
Lifestyle store purchase - INR 47013 - Ref 872097,Shopping,lifestyle store purchase
Restaurant dine-in bill - INR 30327 - Ref 663905,Food,restaurant dine in bill
Gold bond investment - INR 20766 - Ref 557459,Investment,gold bond investment
McDonald's meal payment - INR 44342 - Ref 799031,Food,mcdonald s meal payment
Home loan EMI - INR 9040 - Ref 814373,EMI,home loan emi
Mall shopping payment - INR 15142 - Ref 143253,Shopping,mall shopping payment
Fixed deposit investment - INR 18384 - Ref 898465,Investment,fixed deposit investment
Restaurant dine-in bill - INR 28301 - Ref 327759,Food,restaurant dine in bill
Mall shopping payment - INR 37551 - Ref 944855,Shopping,mall shopping payment
Hotel dinner bill - INR 5985 - Ref 543359,Food,hotel dinner bill
Bus ticket purchase - INR 47776 - Ref 121757,Travel,bus ticket purchase
Education loan EMI - INR 34622 - Ref 193809,EMI,education loan emi
Swiggy order payment - INR 32887 - Ref 589238,Food,swiggy order payment
Electronics purchase - INR 31436 - Ref 668268,Shopping,electronics purchase
Expense for gaming platform payment,Entertainment,expense for gaming platform payment
Home loan EMI - INR 41313 - Ref 178624,EMI,home loan emi
McDonald's meal payment - INR 19295 - Ref 344014,Food,mcdonald s meal payment
Swiggy order payment - INR 17739 - Ref 965457,Food,swiggy order payment
Personal loan EMI - INR 29168 - Ref 230949,EMI,personal loan emi
Gold bond investment - INR 28874 - Ref 914338,Investment,gold bond investment
Bus ticket purchase - INR 10984 - Ref 644838,Travel,bus ticket purchase
Bakery purchase - INR 48539 - Ref 294547,Food,bakery purchase
Swiggy order payment - INR 9614 - Ref 728817,Food,swiggy order payment
eBay online order - INR 46363 - Ref 140520,Shopping,ebay online order
PPF contribution - INR 5116 - Ref 785072,Investment,ppf contribution
Retirement fund investment - INR 33290 - Ref 383369,Investment,retirement fund investment
Bus ticket purchase - INR 25127 - Ref 280072,Travel,bus ticket purchase
Mobile EMI payment - INR 34930 - Ref 859158,EMI,mobile emi payment
Personal loan EMI - INR 3572 - Ref 246933,EMI,personal loan emi
Share trading debit - INR 1542 - Ref 262776,Investment,share trading debit
Mutual fund SIP - INR 7085 - Ref 292671,Investment,mutual fund sip
Zomato food delivery - INR 40548 - Ref 857291,Food,zomato food delivery
Rapido bike ride - INR 41439 - Ref 327647,Travel,rapido bike ride
Restaurant dine-in bill - INR 31360 - Ref 849358,Food,restaurant dine in bill
Dominos pizza order - INR 4036 - Ref 123389,Food,dominos pizza order
Share trading debit - INR 37286 - Ref 336311,Investment,share trading debit
Personal loan EMI - INR 12365 - Ref 967685,EMI,personal loan emi
Monthly school fees payment,Education,monthly school fees payment
Hotel stay booking - INR 29462 - Ref 245605,Travel,hotel stay booking
eBay online order - INR 48182 - Ref 921060,Shopping,ebay online order
Monthly cinema ticket purchase,Entertainment,monthly cinema ticket purchase
Lifestyle store purchase - INR 39960 - Ref 979626,Shopping,lifestyle store purchase
Hotel dinner bill - INR 31412 - Ref 497273,Food,hotel dinner bill
Car loan EMI - INR 43827 - Ref 640350,EMI,car loan emi
Swiggy order payment - INR 441 - Ref 548562,Food,swiggy order payment
eBay online order - INR 45235 - Ref 651400,Shopping,ebay online order
Zomato food delivery - INR 10505 - Ref 697885,Food,zomato food delivery
Swiggy order payment - INR 4475 - Ref 970452,Food,swiggy order payment
Cafe coffee purchase - INR 29740 - Ref 946240,Food,cafe coffee purchase
Swiggy order payment - INR 36855 - Ref 614352,Food,swiggy order payment
Monthly amazon prime subscription,Entertainment,monthly amazon prime subscription
Credit card EMI - INR 2489 - Ref 904687,EMI,credit card emi
Expense for local train ticket,Transport,expense for local train ticket
Credit card EMI - INR 9212 - Ref 612600,EMI,credit card emi
Dominos pizza order - INR 49573 - Ref 915848,Food,dominos pizza order
Fixed deposit investment - INR 13067 - Ref 965185,Investment,fixed deposit investment
Car loan EMI - INR 11835 - Ref 855636,EMI,car loan emi
eBay online order - INR 43100 - Ref 497330,Shopping,ebay online order
Hotel stay booking - INR 21006 - Ref 392369,Travel,hotel stay booking
Swiggy order payment - INR 38067 - Ref 385439,Food,swiggy order payment
Retail store shopping - INR 19808 - Ref 876606,Shopping,retail store shopping
Airport taxi fare - INR 25259 - Ref 206119,Travel,airport taxi fare
Mall shopping payment - INR 49720 - Ref 482382,Shopping,mall shopping payment
Lifestyle store purchase - INR 19093 - Ref 121629,Shopping,lifestyle store purchase
Hotel stay booking - INR 30097 - Ref 130988,Travel,hotel stay booking
Share trading debit - INR 2737 - Ref 618867,Investment,share trading debit
Credit card EMI - INR 4291 - Ref 465138,EMI,credit card emi
Zomato food delivery - INR 47118 - Ref 457654,Food,zomato food delivery
Supermarket shopping - INR 20432 - Ref 427480,Shopping,supermarket shopping
Swiggy order payment - INR 34230 - Ref 346875,Food,swiggy order payment
Consumer durable EMI - INR 13817 - Ref 771598,EMI,consumer durable emi
Zomato food delivery - INR 40354 - Ref 571732,Food,zomato food delivery
Education loan EMI - INR 10927 - Ref 913102,EMI,education loan emi
Bike loan EMI - INR 42029 - Ref 109200,EMI,bike loan emi
Zomato food delivery - INR 27957 - Ref 389256,Food,zomato food delivery
Paid for other transaction,Others,paid for other transaction
Personal loan EMI - INR 8881 - Ref 863891,EMI,personal loan emi
Dominos pizza order - INR 6328 - Ref 771325,Food,dominos pizza order
Electricity monthly bill,Utilities,electricity monthly bill
Hotel dinner bill - INR 10395 - Ref 166774,Food,hotel dinner bill
Hotel stay booking - INR 17665 - Ref 482685,Travel,hotel stay booking
Zomato food delivery - INR 45991 - Ref 889459,Food,zomato food delivery
Bakery purchase - INR 41304 - Ref 607976,Food,bakery purchase
NPS contribution - INR 2454 - Ref 888389,Investment,nps contribution
Zomato food delivery - INR 18785 - Ref 817435,Food,zomato food delivery
NPS contribution - INR 30203 - Ref 551333,Investment,nps contribution
Gold bond investment - INR 29101 - Ref 328306,Investment,gold bond investment
Lifestyle store purchase - INR 6069 - Ref 235065,Shopping,lifestyle store purchase
Share trading debit - INR 13782 - Ref 273258,Investment,share trading debit
Retirement fund investment - INR 20757 - Ref 996379,Investment,retirement fund investment
Dominos pizza order - INR 21136 - Ref 696696,Food,dominos pizza order
Petrol station payment,Transport,petrol station payment
Electronics purchase - INR 48082 - Ref 161279,Shopping,electronics purchase
Mutual fund SIP - INR 35630 - Ref 106465,Investment,mutual fund sip
Swiggy order payment - INR 36699 - Ref 540768,Food,swiggy order payment
eBay online order - INR 3777 - Ref 514349,Shopping,ebay online order
Payment for cinema ticket purchase,Entertainment,payment for cinema ticket purchase
NPS contribution - INR 2154 - Ref 183595,Investment,nps contribution
Zomato food delivery - INR 41736 - Ref 144257,Food,zomato food delivery
Gold bond investment - INR 34399 - Ref 863422,Investment,gold bond investment
Retirement fund investment - INR 5763 - Ref 457887,Investment,retirement fund investment
Supermarket shopping - INR 953 - Ref 380434,Shopping,supermarket shopping
Fixed deposit investment - INR 43584 - Ref 249133,Investment,fixed deposit investment
MakeMyTrip travel booking - INR 45138 - Ref 605203,Travel,makemytrip travel booking
Swiggy order payment - INR 5814 - Ref 110885,Food,swiggy order payment
Hotel dinner bill - INR 40553 - Ref 765949,Food,hotel dinner bill
Gold bond investment - INR 41474 - Ref 838414,Investment,gold bond investment
Education loan EMI - INR 18596 - Ref 497092,EMI,education loan emi
Bike loan EMI - INR 3592 - Ref 181511,EMI,bike loan emi
Hotel stay booking - INR 11641 - Ref 575911,Travel,hotel stay booking
KFC online order - INR 29066 - Ref 374312,Food,kfc online order
Flipkart purchase - INR 26960 - Ref 344030,Shopping,flipkart purchase
ETF purchase - INR 37599 - Ref 718610,Investment,etf purchase
Monthly netflix monthly subscription,Entertainment,monthly netflix monthly subscription
Lifestyle store purchase - INR 27867 - Ref 393752,Shopping,lifestyle store purchase
McDonald's meal payment - INR 16796 - Ref 428314,Food,mcdonald s meal payment
Paid for university admission fees,Education,paid for university admission fees
Amazon online shopping - INR 39524 - Ref 123223,Shopping,amazon online shopping
Education loan EMI - INR 36884 - Ref 141776,EMI,education loan emi
Flipkart purchase - INR 49879 - Ref 371985,Shopping,flipkart purchase
Myntra fashion order - INR 15866 - Ref 303508,Shopping,myntra fashion order
Mall shopping payment - INR 13022 - Ref 340085,Shopping,mall shopping payment
Paid for phone recharge,Utilities,paid for phone recharge
KFC online order - INR 24320 - Ref 190775,Food,kfc online order
Vehicle fuel refill,Transport,vehicle fuel refill
IRCTC train ticket - INR 5268 - Ref 471803,Travel,irctc train ticket
Monthly movie booking payment,Entertainment,monthly movie booking payment
Cafe coffee purchase - INR 24414 - Ref 260376,Food,cafe coffee purchase
Paid for water utility bill,Utilities,paid for water utility bill
McDonald's meal payment - INR 15299 - Ref 419663,Food,mcdonald s meal payment
Gold bond investment - INR 25020 - Ref 692709,Investment,gold bond investment
Bike loan EMI - INR 11416 - Ref 555186,EMI,bike loan emi
Auto rickshaw fare,Transport,auto rickshaw fare
Myntra fashion order - INR 23137 - Ref 155237,Shopping,myntra fashion order
Stock market investment - INR 24878 - Ref 841805,Investment,stock market investment
Mobile EMI payment - INR 11719 - Ref 702271,EMI,mobile emi payment
Retail store shopping - INR 13791 - Ref 233015,Shopping,retail store shopping
Mall shopping payment - INR 25752 - Ref 760434,Shopping,mall shopping payment
Amazon online shopping - INR 25680 - Ref 877051,Shopping,amazon online shopping
Fixed deposit investment - INR 33759 - Ref 928074,Investment,fixed deposit investment
Hotel dinner bill - INR 17519 - Ref 226209,Food,hotel dinner bill
Car loan EMI - INR 10714 - Ref 993964,EMI,car loan emi
Demat account transfer - INR 45456 - Ref 682217,Investment,demat account transfer
Supermarket shopping - INR 42546 - Ref 849716,Shopping,supermarket shopping
Bakery purchase - INR 20215 - Ref 689513,Food,bakery purchase
Retirement fund investment - INR 43375 - Ref 835338,Investment,retirement fund investment
Gold bond investment - INR 42895 - Ref 104855,Investment,gold bond investment
Bus ticket purchase - INR 20381 - Ref 792868,Travel,bus ticket purchase
MakeMyTrip travel booking - INR 38160 - Ref 213282,Travel,makemytrip travel booking
Demat account transfer - INR 32459 - Ref 805736,Investment,demat account transfer
Uber ride payment - INR 33506 - Ref 532047,Travel,uber ride payment
Ajio clothing purchase - INR 23512 - Ref 121062,Shopping,ajio clothing purchase
IRCTC train ticket - INR 3012 - Ref 913437,Travel,irctc train ticket
ETF purchase - INR 16635 - Ref 846766,Investment,etf purchase
IRCTC train ticket - INR 28684 - Ref 670119,Travel,irctc train ticket
Uber ride payment - INR 3945 - Ref 456271,Travel,uber ride payment
McDonald's meal payment - INR 36169 - Ref 603748,Food,mcdonald s meal payment
Lifestyle store purchase - INR 5753 - Ref 699609,Shopping,lifestyle store purchase
Payment for medical checkup payment,Healthcare,payment for medical checkup payment
Payment for online streaming subscription,Entertainment,payment for online streaming subscription
Personal loan EMI - INR 12776 - Ref 691457,EMI,personal loan emi
Airport taxi fare - INR 3448 - Ref 270877,Travel,airport taxi fare
Electronics purchase - INR 5804 - Ref 988479,Shopping,electronics purchase
Mutual fund SIP - INR 13478 - Ref 448846,Investment,mutual fund sip
Expense for medical examination fee,Healthcare,expense for medical examination fee
Laboratory test charges,Healthcare,laboratory test charges
MakeMyTrip travel booking - INR 9502 - Ref 140788,Travel,makemytrip travel booking
Mobile EMI payment - INR 34916 - Ref 921039,EMI,mobile emi payment
NPS contribution - INR 14212 - Ref 699267,Investment,nps contribution
Consumer durable EMI - INR 45667 - Ref 902694,EMI,consumer durable emi
KFC online order - INR 32136 - Ref 281795,Food,kfc online order
Uber ride payment - INR 35348 - Ref 333142,Travel,uber ride payment
Education loan EMI - INR 18236 - Ref 987458,EMI,education loan emi
Car loan EMI - INR 20537 - Ref 317418,EMI,car loan emi
Retirement fund investment - INR 43698 - Ref 894687,Investment,retirement fund investment
Restaurant dine-in bill - INR 16891 - Ref 796905,Food,restaurant dine in bill
Cafe coffee purchase - INR 28227 - Ref 692368,Food,cafe coffee purchase
Hotel stay booking - INR 30338 - Ref 617786,Travel,hotel stay booking
Monthly movie theatre ticket,Entertainment,monthly movie theatre ticket
Ola cab booking - INR 4964 - Ref 234520,Travel,ola cab booking
Bakery purchase - INR 28061 - Ref 590429,Food,bakery purchase
Electronics purchase - INR 47185 - Ref 250497,Shopping,electronics purchase
Electronics purchase - INR 34268 - Ref 343232,Shopping,electronics purchase
Bike loan EMI - INR 25813 - Ref 374883,EMI,bike loan emi
Home loan EMI - INR 38411 - Ref 976189,EMI,home loan emi
PPF contribution - INR 38543 - Ref 116719,Investment,ppf contribution
Ola cab booking - INR 5284 - Ref 888579,Travel,ola cab booking
Demat account transfer - INR 23847 - Ref 195622,Investment,demat account transfer
Gold bond investment - INR 45623 - Ref 143432,Investment,gold bond investment
Fixed deposit investment - INR 37998 - Ref 497585,Investment,fixed deposit investment
Flight ticket booking - INR 38631 - Ref 745518,Travel,flight ticket booking
IRCTC train ticket - INR 19681 - Ref 159387,Travel,irctc train ticket
Flipkart purchase - INR 9395 - Ref 718195,Shopping,flipkart purchase
Paid for electricity bill payment,Utilities,paid for electricity bill payment
Mobile EMI payment - INR 33088 - Ref 954608,EMI,mobile emi payment
KFC online order - INR 7070 - Ref 423676,Food,kfc online order
Cafe coffee purchase - INR 3590 - Ref 828779,Food,cafe coffee purchase
Flipkart purchase - INR 34488 - Ref 515892,Shopping,flipkart purchase
Flight ticket booking - INR 11780 - Ref 754196,Travel,flight ticket booking
Myntra fashion order - INR 24154 - Ref 552665,Shopping,myntra fashion order
Ola cab booking - INR 2306 - Ref 218709,Travel,ola cab booking
Gold bond investment - INR 26650 - Ref 771940,Investment,gold bond investment
Retirement fund investment - INR 4557 - Ref 768627,Investment,retirement fund investment
Grocery food items - INR 49715 - Ref 108125,Food,grocery food items
Consumer durable EMI - INR 28102 - Ref 956290,EMI,consumer durable emi
Bike loan EMI - INR 30802 - Ref 274872,EMI,bike loan emi
Monthly auto rickshaw fare,Transport,monthly auto rickshaw fare
Lifestyle store purchase - INR 38409 - Ref 117826,Shopping,lifestyle store purchase
Share trading debit - INR 49092 - Ref 821202,Investment,share trading debit
Stock market investment - INR 5181 - Ref 390809,Investment,stock market investment
Retail store shopping - INR 16350 - Ref 144263,Shopping,retail store shopping
Mutual fund SIP - INR 12234 - Ref 536500,Investment,mutual fund sip
MakeMyTrip travel booking - INR 16288 - Ref 604613,Travel,makemytrip travel booking
IRCTC train ticket - INR 40906 - Ref 376733,Travel,irctc train ticket
Fixed deposit investment - INR 29957 - Ref 832196,Investment,fixed deposit investment
Restaurant dine-in bill - INR 35608 - Ref 181467,Food,restaurant dine in bill
Mutual fund SIP - INR 42109 - Ref 880697,Investment,mutual fund sip
Appliance EMI - INR 13301 - Ref 480849,EMI,appliance emi
Share trading debit - INR 28157 - Ref 606619,Investment,share trading debit
Grocery food items - INR 49020 - Ref 451772,Food,grocery food items
Paid for other household expense,Others,paid for other household expense
Dominos pizza order - INR 31749 - Ref 927554,Food,dominos pizza order
Rapido bike ride - INR 7961 - Ref 816192,Travel,rapido bike ride
Demat account transfer - INR 24232 - Ref 718726,Investment,demat account transfer
Ajio clothing purchase - INR 36923 - Ref 929525,Shopping,ajio clothing purchase
Electronics purchase - INR 28829 - Ref 532204,Shopping,electronics purchase
Education loan EMI - INR 5291 - Ref 220952,EMI,education loan emi
McDonald's meal payment - INR 39436 - Ref 587362,Food,mcdonald s meal payment
Consumer durable EMI - INR 44057 - Ref 767368,EMI,consumer durable emi
Bike loan EMI - INR 14275 - Ref 117367,EMI,bike loan emi
Uber ride payment - INR 25536 - Ref 433738,Travel,uber ride payment
Monthly other personal expense,Others,monthly other personal expense
Restaurant dine-in bill - INR 6299 - Ref 140813,Food,restaurant dine in bill
Laptop EMI payment - INR 39692 - Ref 516647,EMI,laptop emi payment
Hotel dinner bill - INR 26473 - Ref 582407,Food,hotel dinner bill
Dominos pizza order - INR 11122 - Ref 114082,Food,dominos pizza order
Amazon online shopping - INR 35360 - Ref 364172,Shopping,amazon online shopping
Expense for taxi fare payment,Transport,expense for taxi fare payment
Gold bond investment - INR 16784 - Ref 170272,Investment,gold bond investment
Clinic consultation,Healthcare,clinic consultation
Fixed deposit investment - INR 45682 - Ref 883717,Investment,fixed deposit investment
eBay online order - INR 21326 - Ref 120071,Shopping,ebay online order
Ajio clothing purchase - INR 16068 - Ref 762429,Shopping,ajio clothing purchase
Retail store shopping - INR 13880 - Ref 246271,Shopping,retail store shopping
General miscellaneous payment,Others,general miscellaneous payment
Supermarket shopping - INR 29888 - Ref 852297,Shopping,supermarket shopping
Airport taxi fare - INR 3951 - Ref 177389,Travel,airport taxi fare
Other miscellaneous expense,Others,other miscellaneous expense
Education loan EMI - INR 48316 - Ref 292556,EMI,education loan emi
Retail store shopping - INR 4245 - Ref 598160,Shopping,retail store shopping
McDonald's meal payment - INR 17456 - Ref 250678,Food,mcdonald s meal payment
Electronics purchase - INR 30111 - Ref 893824,Shopping,electronics purchase
PPF contribution - INR 875 - Ref 642625,Investment,ppf contribution
Demat account transfer - INR 10231 - Ref 895725,Investment,demat account transfer
eBay online order - INR 32522 - Ref 498032,Shopping,ebay online order
Laptop EMI payment - INR 34664 - Ref 837873,EMI,laptop emi payment
MakeMyTrip travel booking - INR 11850 - Ref 884465,Travel,makemytrip travel booking
Myntra fashion order - INR 41579 - Ref 725583,Shopping,myntra fashion order
Monthly doctor appointment payment,Healthcare,monthly doctor appointment payment
ETF purchase - INR 16352 - Ref 781811,Investment,etf purchase
McDonald's meal payment - INR 49948 - Ref 564232,Food,mcdonald s meal payment
Cafe coffee purchase - INR 27591 - Ref 398114,Food,cafe coffee purchase
Supermarket shopping - INR 28468 - Ref 681042,Shopping,supermarket shopping
Consumer durable EMI - INR 33681 - Ref 675699,EMI,consumer durable emi
Credit card EMI - INR 49975 - Ref 521126,EMI,credit card emi
eBay online order - INR 33833 - Ref 617903,Shopping,ebay online order
Car loan EMI - INR 1170 - Ref 415158,EMI,car loan emi
Fixed deposit investment - INR 7605 - Ref 388691,Investment,fixed deposit investment
Mobile EMI payment - INR 32711 - Ref 980728,EMI,mobile emi payment
Education loan EMI - INR 26107 - Ref 173017,EMI,education loan emi
Uber ride payment - INR 7419 - Ref 272824,Travel,uber ride payment
Expense for other household expense,Others,expense for other household expense
Lifestyle store purchase - INR 11914 - Ref 426777,Shopping,lifestyle store purchase
Expense for coursera course payment,Education,expense for coursera course payment
Myntra fashion order - INR 12400 - Ref 827934,Shopping,myntra fashion order
Dental treatment payment,Healthcare,dental treatment payment
Cafe coffee purchase - INR 32118 - Ref 902832,Food,cafe coffee purchase
Monthly gas bill payment,Utilities,monthly gas bill payment
Swiggy order payment - INR 35280 - Ref 648940,Food,swiggy order payment
Personal loan EMI - INR 17843 - Ref 622527,EMI,personal loan emi
Monthly other household expense,Others,monthly other household expense
Lifestyle store purchase - INR 41074 - Ref 732676,Shopping,lifestyle store purchase
Expense for student course fees,Education,expense for student course fees
Metro card recharge - INR 36066 - Ref 208743,Travel,metro card recharge
Grocery food items - INR 32494 - Ref 480407,Food,grocery food items
Bus ticket purchase - INR 163 - Ref 392713,Travel,bus ticket purchase
Mall shopping payment - INR 895 - Ref 188005,Shopping,mall shopping payment
Bus ticket purchase - INR 30159 - Ref 759575,Travel,bus ticket purchase
Airport taxi fare - INR 27358 - Ref 407886,Travel,airport taxi fare
Hotel dinner bill - INR 45303 - Ref 382415,Food,hotel dinner bill
McDonald's meal payment - INR 8054 - Ref 940587,Food,mcdonald s meal payment
Mobile EMI payment - INR 15822 - Ref 325570,EMI,mobile emi payment
Uber ride payment - INR 24579 - Ref 183835,Travel,uber ride payment
Credit card EMI - INR 16781 - Ref 764911,EMI,credit card emi
Stock market investment - INR 35345 - Ref 656795,Investment,stock market investment
Lifestyle store purchase - INR 17974 - Ref 646771,Shopping,lifestyle store purchase
Ajio clothing purchase - INR 7482 - Ref 745479,Shopping,ajio clothing purchase
MakeMyTrip travel booking - INR 46320 - Ref 439200,Travel,makemytrip travel booking
Uber ride payment - INR 35827 - Ref 241897,Travel,uber ride payment
McDonald's meal payment - INR 2161 - Ref 853878,Food,mcdonald s meal payment
Cafe coffee purchase - INR 9012 - Ref 123441,Food,cafe coffee purchase
Cafe coffee purchase - INR 31674 - Ref 527259,Food,cafe coffee purchase
Electronics purchase - INR 2925 - Ref 123776,Shopping,electronics purchase
Bus ticket purchase - INR 29914 - Ref 852936,Travel,bus ticket purchase
KFC online order - INR 24760 - Ref 576130,Food,kfc online order
Hotel stay booking - INR 25795 - Ref 671451,Travel,hotel stay booking
Share trading debit - INR 14399 - Ref 981669,Investment,share trading debit
Rapido bike ride - INR 29675 - Ref 282660,Travel,rapido bike ride
Mall shopping payment - INR 39011 - Ref 979595,Shopping,mall shopping payment
Retirement fund investment - INR 42385 - Ref 211300,Investment,retirement fund investment
Lifestyle store purchase - INR 36637 - Ref 968906,Shopping,lifestyle store purchase
Appliance EMI - INR 20764 - Ref 236501,EMI,appliance emi
Uber ride payment - INR 15935 - Ref 678035,Travel,uber ride payment
Hotel dinner bill - INR 14797 - Ref 433160,Food,hotel dinner bill
Payment for college admission fees,Education,payment for college admission fees
Grocery food items - INR 26173 - Ref 239853,Food,grocery food items
Ajio clothing purchase - INR 35977 - Ref 629354,Shopping,ajio clothing purchase
McDonald's meal payment - INR 1992 - Ref 976994,Food,mcdonald s meal payment
Home loan EMI - INR 11546 - Ref 792941,EMI,home loan emi
Gold bond investment - INR 49247 - Ref 459359,Investment,gold bond investment
Supermarket shopping - INR 44572 - Ref 462936,Shopping,supermarket shopping
Expense for other personal expense,Others,expense for other personal expense
Swiggy order payment - INR 28792 - Ref 221018,Food,swiggy order payment
McDonald's meal payment - INR 36286 - Ref 583822,Food,mcdonald s meal payment
Ola cab booking - INR 2122 - Ref 215830,Travel,ola cab booking
Grocery food items - INR 32811 - Ref 436996,Food,grocery food items
Lifestyle store purchase - INR 16870 - Ref 465846,Shopping,lifestyle store purchase
Rapido bike ride - INR 29926 - Ref 386020,Travel,rapido bike ride
Monthly general transaction payment,Others,monthly general transaction payment
Dominos pizza order - INR 17990 - Ref 462894,Food,dominos pizza order
Grocery food items - INR 10334 - Ref 723024,Food,grocery food items
Appliance EMI - INR 33584 - Ref 919412,EMI,appliance emi
Mutual fund SIP - INR 40124 - Ref 608520,Investment,mutual fund sip
NPS contribution - INR 47132 - Ref 197331,Investment,nps contribution
eBay online order - INR 39354 - Ref 491445,Shopping,ebay online order
Dominos pizza order - INR 7558 - Ref 938588,Food,dominos pizza order
Uber ride payment - INR 3317 - Ref 411751,Travel,uber ride payment
Laptop EMI payment - INR 6390 - Ref 489888,EMI,laptop emi payment
Flipkart purchase - INR 42998 - Ref 301777,Shopping,flipkart purchase
Flipkart purchase - INR 14251 - Ref 628175,Shopping,flipkart purchase
Flight ticket booking - INR 43262 - Ref 735269,Travel,flight ticket booking
Credit card EMI - INR 29308 - Ref 429585,EMI,credit card emi
Laptop EMI payment - INR 8227 - Ref 992610,EMI,laptop emi payment
Electronics purchase - INR 2988 - Ref 195303,Shopping,electronics purchase
Demat account transfer - INR 23558 - Ref 702680,Investment,demat account transfer
Mutual fund SIP - INR 27200 - Ref 152505,Investment,mutual fund sip
Amazon online shopping - INR 5408 - Ref 964726,Shopping,amazon online shopping
MakeMyTrip travel booking - INR 46422 - Ref 284604,Travel,makemytrip travel booking
Credit card EMI - INR 22577 - Ref 979035,EMI,credit card emi
Mutual fund SIP - INR 9910 - Ref 111406,Investment,mutual fund sip
Myntra fashion order - INR 6942 - Ref 414392,Shopping,myntra fashion order
Ajio clothing purchase - INR 7257 - Ref 340946,Shopping,ajio clothing purchase
Fixed deposit investment - INR 15357 - Ref 891101,Investment,fixed deposit investment
Electronics purchase - INR 29637 - Ref 435039,Shopping,electronics purchase
Fixed deposit investment - INR 32984 - Ref 281917,Investment,fixed deposit investment
Appliance EMI - INR 2913 - Ref 243397,EMI,appliance emi
Retail store shopping - INR 20040 - Ref 660026,Shopping,retail store shopping
Airport taxi fare - INR 16874 - Ref 873106,Travel,airport taxi fare
Electronics purchase - INR 10823 - Ref 751113,Shopping,electronics purchase
Stock market investment - INR 26742 - Ref 759126,Investment,stock market investment
Retail store shopping - INR 37877 - Ref 990688,Shopping,retail store shopping
Retirement fund investment - INR 2524 - Ref 922434,Investment,retirement fund investment
Demat account transfer - INR 16800 - Ref 508253,Investment,demat account transfer
Share trading debit - INR 2198 - Ref 234583,Investment,share trading debit
Rapido bike ride - INR 30292 - Ref 126928,Travel,rapido bike ride
Gaming platform payment,Entertainment,gaming platform payment
Paid for dth recharge,Utilities,paid for dth recharge
Metro card recharge - INR 32426 - Ref 786696,Travel,metro card recharge
Hotel dinner bill - INR 30387 - Ref 644866,Food,hotel dinner bill
Restaurant dine-in bill - INR 2582 - Ref 316921,Food,restaurant dine in bill
Grocery food items - INR 8067 - Ref 134737,Food,grocery food items
Flight ticket booking - INR 39250 - Ref 716147,Travel,flight ticket booking
Mall shopping payment - INR 48451 - Ref 999704,Shopping,mall shopping payment
Monthly personal miscellaneous spending,Others,monthly personal miscellaneous spending
Gold bond investment - INR 23370 - Ref 906094,Investment,gold bond investment
Education loan EMI - INR 10957 - Ref 490109,EMI,education loan emi
Metro card recharge - INR 4309 - Ref 562296,Travel,metro card recharge
Swiggy order payment - INR 36846 - Ref 131776,Food,swiggy order payment
Cafe coffee purchase - INR 38803 - Ref 995924,Food,cafe coffee purchase
Restaurant dine-in bill - INR 6049 - Ref 595624,Food,restaurant dine in bill
Cafe coffee purchase - INR 19476 - Ref 803546,Food,cafe coffee purchase
Ajio clothing purchase - INR 29091 - Ref 910194,Shopping,ajio clothing purchase
Paid for internet recharge,Utilities,paid for internet recharge
Hotel dinner bill - INR 28706 - Ref 411505,Food,hotel dinner bill
Appliance EMI - INR 8062 - Ref 657713,EMI,appliance emi
Monthly college books purchase,Education,monthly college books purchase
MakeMyTrip travel booking - INR 16409 - Ref 240453,Travel,makemytrip travel booking
Uber ride payment - INR 42986 - Ref 256047,Travel,uber ride payment
Uber ride payment - INR 26086 - Ref 296366,Travel,uber ride payment
Flipkart purchase - INR 7509 - Ref 496466,Shopping,flipkart purchase
Consumer durable EMI - INR 2977 - Ref 300040,EMI,consumer durable emi
Monthly dental treatment payment,Healthcare,monthly dental treatment payment
Share trading debit - INR 23582 - Ref 556582,Investment,share trading debit
KFC online order - INR 26070 - Ref 716756,Food,kfc online order
Fixed deposit investment - INR 38881 - Ref 301886,Investment,fixed deposit investment
Gold bond investment - INR 33078 - Ref 391762,Investment,gold bond investment
Metro card recharge - INR 25663 - Ref 755119,Travel,metro card recharge
Paid for local train ticket,Transport,paid for local train ticket
Home loan EMI - INR 41376 - Ref 249494,EMI,home loan emi
eBay online order - INR 13854 - Ref 700641,Shopping,ebay online order
Ajio clothing purchase - INR 13628 - Ref 668559,Shopping,ajio clothing purchase
Ola cab booking - INR 39643 - Ref 110347,Travel,ola cab booking
Ola cab booking - INR 17326 - Ref 592749,Travel,ola cab booking
Home loan EMI - INR 23017 - Ref 783891,EMI,home loan emi
Personal loan EMI - INR 36016 - Ref 563721,EMI,personal loan emi
Gold bond investment - INR 41277 - Ref 221621,Investment,gold bond investment
Expense for other transaction,Others,expense for other transaction
Payment for miscellaneous bill payment,Others,payment for miscellaneous bill payment
Amazon online shopping - INR 17714 - Ref 765923,Shopping,amazon online shopping
Payment for youtube premium payment,Entertainment,payment for youtube premium payment
ETF purchase - INR 17031 - Ref 808894,Investment,etf purchase
Dominos pizza order - INR 40283 - Ref 524519,Food,dominos pizza order
Ola cab booking - INR 47243 - Ref 821561,Travel,ola cab booking
Mobile EMI payment - INR 44182 - Ref 527535,EMI,mobile emi payment
Credit card EMI - INR 13634 - Ref 800295,EMI,credit card emi
KFC online order - INR 29305 - Ref 543370,Food,kfc online order
Bakery purchase - INR 20458 - Ref 189452,Food,bakery purchase
MakeMyTrip travel booking - INR 26335 - Ref 941559,Travel,makemytrip travel booking
Swiggy order payment - INR 17964 - Ref 809024,Food,swiggy order payment
Payment for wifi monthly bill,Utilities,payment for wifi monthly bill
Share trading debit - INR 43918 - Ref 659343,Investment,share trading debit
Cafe coffee purchase - INR 11906 - Ref 483199,Food,cafe coffee purchase
Gold bond investment - INR 10791 - Ref 225154,Investment,gold bond investment
ETF purchase - INR 40344 - Ref 767944,Investment,etf purchase
Gold bond investment - INR 31065 - Ref 753524,Investment,gold bond investment
Education loan EMI - INR 3107 - Ref 344597,EMI,education loan emi
Expense for entertainment subscription,Entertainment,expense for entertainment subscription
Laptop EMI payment - INR 41011 - Ref 847811,EMI,laptop emi payment
Bike loan EMI - INR 25572 - Ref 113000,EMI,bike loan emi
Mutual fund SIP - INR 27622 - Ref 418756,Investment,mutual fund sip
eBay online order - INR 44522 - Ref 849117,Shopping,ebay online order
Monthly spotify premium subscription,Entertainment,monthly spotify premium subscription
Supermarket shopping - INR 17241 - Ref 609081,Shopping,supermarket shopping
NPS contribution - INR 29613 - Ref 335770,Investment,nps contribution
Stock market investment - INR 5290 - Ref 650010,Investment,stock market investment
Metro card recharge - INR 38067 - Ref 695575,Travel,metro card recharge
Retail store shopping - INR 48381 - Ref 890950,Shopping,retail store shopping
Laptop EMI payment - INR 19420 - Ref 454257,EMI,laptop emi payment
Share trading debit - INR 46658 - Ref 340063,Investment,share trading debit
Swiggy order payment - INR 11341 - Ref 627721,Food,swiggy order payment
Monthly metro travel expense,Transport,monthly metro travel expense
Demat account transfer - INR 39111 - Ref 777092,Investment,demat account transfer
Bike loan EMI - INR 11506 - Ref 215045,EMI,bike loan emi
Stock market investment - INR 25512 - Ref 845167,Investment,stock market investment
Home loan EMI - INR 42648 - Ref 886347,EMI,home loan emi
Flight ticket booking - INR 28088 - Ref 322963,Travel,flight ticket booking
Share trading debit - INR 5530 - Ref 947871,Investment,share trading debit
Credit card EMI - INR 25513 - Ref 725018,EMI,credit card emi
Mall shopping payment - INR 26869 - Ref 513132,Shopping,mall shopping payment
Supermarket shopping - INR 32023 - Ref 883393,Shopping,supermarket shopping
Retail store shopping - INR 29349 - Ref 815046,Shopping,retail store shopping
Bus ticket purchase - INR 20425 - Ref 376389,Travel,bus ticket purchase
Lifestyle store purchase - INR 19080 - Ref 695357,Shopping,lifestyle store purchase
McDonald's meal payment - INR 47066 - Ref 271662,Food,mcdonald s meal payment
eBay online order - INR 42727 - Ref 124321,Shopping,ebay online order
Uber ride payment - INR 27770 - Ref 651225,Travel,uber ride payment
Amazon online shopping - INR 17234 - Ref 845241,Shopping,amazon online shopping
Expense for electricity bill payment,Utilities,expense for electricity bill payment
Grocery food items - INR 43748 - Ref 938883,Food,grocery food items
ETF purchase - INR 37259 - Ref 243047,Investment,etf purchase
Ola cab booking - INR 4450 - Ref 456422,Travel,ola cab booking
Payment for broadband monthly payment,Utilities,payment for broadband monthly payment
Monthly school tuition payment,Education,monthly school tuition payment
Mobile EMI payment - INR 45672 - Ref 850301,EMI,mobile emi payment
Mall shopping payment - INR 21336 - Ref 773116,Shopping,mall shopping payment
Airport taxi fare - INR 20097 - Ref 938847,Travel,airport taxi fare
Gold bond investment - INR 24593 - Ref 321986,Investment,gold bond investment
Monthly electricity bill payment,Utilities,monthly electricity bill payment
Gold bond investment - INR 47158 - Ref 612700,Investment,gold bond investment
PPF contribution - INR 8631 - Ref 488210,Investment,ppf contribution
Share trading debit - INR 25290 - Ref 467705,Investment,share trading debit
Dominos pizza order - INR 1388 - Ref 737962,Food,dominos pizza order
Stock market investment - INR 17849 - Ref 591558,Investment,stock market investment
Uber ride payment - INR 37666 - Ref 724280,Travel,uber ride payment
eBay online order - INR 44871 - Ref 531953,Shopping,ebay online order
Retail store shopping - INR 39412 - Ref 490800,Shopping,retail store shopping
ETF purchase - INR 12648 - Ref 446651,Investment,etf purchase
Ajio clothing purchase - INR 36121 - Ref 907038,Shopping,ajio clothing purchase
Mobile EMI payment - INR 27000 - Ref 912231,EMI,mobile emi payment
Hotel stay booking - INR 1078 - Ref 797684,Travel,hotel stay booking
ETF purchase - INR 27511 - Ref 690765,Investment,etf purchase
Appliance EMI - INR 1632 - Ref 289522,EMI,appliance emi
MakeMyTrip travel booking - INR 43226 - Ref 217425,Travel,makemytrip travel booking
Credit card EMI - INR 31595 - Ref 381665,EMI,credit card emi
MakeMyTrip travel booking - INR 32952 - Ref 454057,Travel,makemytrip travel booking
Personal loan EMI - INR 23268 - Ref 732161,EMI,personal loan emi
Supermarket shopping - INR 11452 - Ref 689621,Shopping,supermarket shopping
Credit card EMI - INR 4555 - Ref 823760,EMI,credit card emi
IRCTC train ticket - INR 6012 - Ref 856004,Travel,irctc train ticket
Paid for internet bill payment,Utilities,paid for internet bill payment
NPS contribution - INR 12349 - Ref 603088,Investment,nps contribution
eBay online order - INR 2446 - Ref 398032,Shopping,ebay online order
IRCTC train ticket - INR 49655 - Ref 994574,Travel,irctc train ticket
eBay online order - INR 6532 - Ref 272662,Shopping,ebay online order
Grocery food items - INR 5227 - Ref 548989,Food,grocery food items
IRCTC train ticket - INR 28363 - Ref 624939,Travel,irctc train ticket
Stock market investment - INR 9720 - Ref 153415,Investment,stock market investment
Credit card EMI - INR 12851 - Ref 226104,EMI,credit card emi
Fixed deposit investment - INR 20884 - Ref 445733,Investment,fixed deposit investment
Mall shopping payment - INR 13120 - Ref 630967,Shopping,mall shopping payment
Metro card recharge - INR 26979 - Ref 309056,Travel,metro card recharge
Myntra fashion order - INR 1390 - Ref 155330,Shopping,myntra fashion order
Uber ride payment - INR 47853 - Ref 645466,Travel,uber ride payment
Monthly tuition class payment,Education,monthly tuition class payment
KFC online order - INR 31527 - Ref 830695,Food,kfc online order
Education loan EMI - INR 4084 - Ref 417704,EMI,education loan emi
Demat account transfer - INR 15734 - Ref 221998,Investment,demat account transfer
Stock market investment - INR 8912 - Ref 846581,Investment,stock market investment
Credit card EMI - INR 42239 - Ref 719748,EMI,credit card emi
NPS contribution - INR 19990 - Ref 693681,Investment,nps contribution
NPS contribution - INR 4986 - Ref 876509,Investment,nps contribution
ETF purchase - INR 18900 - Ref 175491,Investment,etf purchase
Share trading debit - INR 36207 - Ref 754257,Investment,share trading debit
Monthly health checkup fee,Healthcare,monthly health checkup fee
Uber ride payment - INR 15321 - Ref 840507,Travel,uber ride payment
Bike loan EMI - INR 46841 - Ref 706272,EMI,bike loan emi
Rapido bike ride - INR 31685 - Ref 655188,Travel,rapido bike ride
Car loan EMI - INR 37287 - Ref 187421,EMI,car loan emi
McDonald's meal payment - INR 34488 - Ref 978088,Food,mcdonald s meal payment
Grocery food items - INR 29990 - Ref 367480,Food,grocery food items
Restaurant dine-in bill - INR 23353 - Ref 909275,Food,restaurant dine in bill
Flight ticket booking - INR 37634 - Ref 624528,Travel,flight ticket booking
Airport taxi fare - INR 550 - Ref 628920,Travel,airport taxi fare
Appliance EMI - INR 17237 - Ref 397404,EMI,appliance emi
Ola cab booking - INR 44036 - Ref 726787,Travel,ola cab booking
Mutual fund SIP - INR 18994 - Ref 524595,Investment,mutual fund sip
Ajio clothing purchase - INR 5411 - Ref 575531,Shopping,ajio clothing purchase
Flipkart purchase - INR 21374 - Ref 809878,Shopping,flipkart purchase
Education loan EMI - INR 4241 - Ref 616670,EMI,education loan emi
Metro card recharge - INR 26419 - Ref 734248,Travel,metro card recharge
Retail store shopping - INR 2127 - Ref 735950,Shopping,retail store shopping
PPF contribution - INR 16666 - Ref 704404,Investment,ppf contribution
Restaurant dine-in bill - INR 49498 - Ref 963846,Food,restaurant dine in bill
Bus ticket purchase - INR 11910 - Ref 343601,Travel,bus ticket purchase
Appliance EMI - INR 27712 - Ref 376124,EMI,appliance emi
McDonald's meal payment - INR 15467 - Ref 744909,Food,mcdonald s meal payment
Credit card EMI - INR 11835 - Ref 392980,EMI,credit card emi
Stock market investment - INR 29866 - Ref 752523,Investment,stock market investment
Dominos pizza order - INR 27024 - Ref 537814,Food,dominos pizza order
Local train ticket,Transport,local train ticket
Paid for prescription medicine purchase,Healthcare,paid for prescription medicine purchase
Ola cab booking - INR 36061 - Ref 425375,Travel,ola cab booking
Myntra fashion order - INR 35671 - Ref 895832,Shopping,myntra fashion order
Mall shopping payment - INR 10304 - Ref 437167,Shopping,mall shopping payment
Supermarket shopping - INR 49689 - Ref 131691,Shopping,supermarket shopping
KFC online order - INR 48400 - Ref 464258,Food,kfc online order
Fixed deposit investment - INR 5921 - Ref 225046,Investment,fixed deposit investment
PPF contribution - INR 31166 - Ref 279410,Investment,ppf contribution
Amazon online shopping - INR 9124 - Ref 673459,Shopping,amazon online shopping
Expense for miscellaneous payment,Others,expense for miscellaneous payment
Dominos pizza order - INR 28849 - Ref 263700,Food,dominos pizza order
Monthly pharmacy bill payment,Healthcare,monthly pharmacy bill payment
Personal loan EMI - INR 6901 - Ref 861967,EMI,personal loan emi
Flight ticket booking - INR 28131 - Ref 816412,Travel,flight ticket booking
Swiggy order payment - INR 41608 - Ref 360851,Food,swiggy order payment
Payment for entertainment subscription,Entertainment,payment for entertainment subscription
Internet bill payment,Utilities,internet bill payment
Payment for medical expenses,Healthcare,payment for medical expenses
Lifestyle store purchase - INR 10232 - Ref 594416,Shopping,lifestyle store purchase
